quest_id,expansion_major
2,1
11,1
16,1
23,1
24,1
25,1
35,1
37,1
40,1
45,1
46,1
47,1
49,1
52,1
54,1
59,1
60,1
62,1
70,1
71,1
74,1
75,1
76,1
77,1
78,1
83,1
84,1
85,1
86,1
87,1
88,1
106,1
107,1
111,1
112,1
114,1
123,1
147,1
171,12
172,12
176,1
182,1
184,1
185,1
186,1
187,1
188,1
190,1
191,1
192,1
193,1
194,1
195,1
196,1
197,1
198,1
208,1
216,1
217,1
218,1
219,1
236,3
239,1
264,1
272,1
273,1
285,1
286,1
287,1
298,1
301,1
309,1
312,1
313,1
314,1
315,1
317,1
318,1
319,1
320,1
332,1
333,1
334,1
350,1
351,1
353,1
384,1
400,1
411,1
412,1
415,1
432,1
433,1
434,1
475,1
476,1
483,1
485,1
486,1
487,1
488,1
489,1
542,1
543,1
583,1
647,1
648,1
743,1
744,1
746,1
749,1
751,1
761,1
764,1
765,1
768,1
769,1
770,1
772,1
773,1
775,1
776,1
788,11
824,1
833,1
834,1
835,1
836,1
840,1
844,1
845,1
848,1
850,1
851,1
852,1
853,1
854,1
855,1
858,1
863,1
864,1
865,1
866,1
867,1
869,1
870,1
871,1
872,1
875,1
876,1
877,1
880,1
881,1
882,1
887,1
890,1
891,1
895,1
898,1
899,1
902,1
903,1
905,1
918,1
919,1
920,1
921,1
922,1
923,1
927,1
928,1
929,1
930,1
931,1
932,1
933,1
934,1
935,1
937,1
938,1
941,1
942,1
976,1
977,1
978,1
995,1
997,1
1036,1
1037,1
1097,1
1133,1
1168,1
1201,1
1202,1
1203,1
1204,1
1205,1
1222,1
1258,1
1260,1
1270,1
1271,1
1322,1
1324,1
1338,1
1442,1
1453,1
1454,1
1455,1
1456,1
1457,1
1467,1
1468,12
1470,12
1510,1
1512,1
1513,1
1578,1
1580,1
1581,1
1582,12
1618,1
1655,1
1918,1
2039,1
2158,1
2159,1
2204,1
2205,1
2206,1
2260,1
2278,1
2279,1
2280,1
2399,1
2438,1
2440,1
2459,1
2460,1
2499,1
2518,1
2521,1
2541,1
2561,1
2751,1
2752,1
2753,1
2754,1
2755,1
2941,1
2943,1
2944,1
2945,1
2946,1
2947,1
2948,1
2949,1
2950,1
2951,1
2952,1
2953,1
3064,1
3361,1
3701,1
3702,1
3721,1
3861,1
4021,1
4082,1
4083,1
4084,1
4102,1
4103,1
4106,1
4108,1
4110,1
4111,1
4224,1
4294,1
4295,1
4296,1
4341,1
4421,1
4441,1
4512,1
4513,1
4601,1
4602,1
4603,1
4604,1
4605,1
4606,1
4621,1
5041,1
5213,1
5214,1
5216,1
5421,1
5501,1
5502,12
5507,12
5535,1
5536,1
5537,1
5538,1
5541,1
5542,1
5543,1
5544,1
5545,1
5561,1
5581,1
5582,1
5713,1
5741,1
5803,1
5804,1
5805,1
5821,1
5841,1
5842,1
5843,1
5844,1
5845,1
5846,1
5847,1
5848,1
5882,1
5883,1
5884,1
5885,1
5886,1
5887,1
5889,1
5890,1
5891,1
5892,12
5893,12
5943,1
5944,1
6027,1
6031,1
6032,1
6041,1
6042,1
6132,1
6133,1
6134,1
6142,1
6143,1
6161,1
6162,1
6321,1
6322,1
6323,1
6324,1
6341,1
6342,1
6343,1
6344,1
6361,1
6362,1
6363,1
6364,1
6365,1
6384,1
6385,1
6386,1
6387,1
6388,1
6391,1
6392,1
6421,1
6441,1
6442,1
6462,1
6482,1
6502,1
6503,1
6544,1
6563,1
6606,1
6607,1
6608,1
6609,1
6610,1
6611,1
6612,1
6621,1
6622,1
6623,1
6624,1
6625,1
6641,1
6642,1
6643,1
6644,1
6645,1
6646,1
6661,1
6662,1
6741,12
6761,12
6762,12
6781,12
6801,12
6824,12
6846,12
6847,12
6848,12
6861,12
6862,12
6881,12
6922,1
6961,12
6962,12
6964,12
6982,12
6983,12
6984,12
6985,12
7001,12
7002,12
7021,12
7022,12
7023,12
7024,12
7025,12
7026,12
7027,12
7043,12
7045,12
7061,12
7062,12
7063,12
7081,12
7082,12
7101,12
7102,12
7121,12
7122,12
7123,12
7124,12
7141,12
7142,12
7161,12
7162,12
7163,12
7164,12
7165,12
7166,12
7167,12
7168,12
7169,12
7170,12
7171,12
7172,12
7181,12
7202,12
7223,12
7224,12
7261,12
7281,12
7282,12
7301,12
7302,12
7361,12
7362,12
7363,12
7364,12
7365,12
7366,12
7367,12
7368,12
7381,12
7382,12
7383,1
7385,12
7386,12
7402,12
7489,1
7490,1
7491,1
7493,1
7494,1
7495,1
7496,1
7497,1
7498,1
7499,1
7604,1
7737,1
7761,1
7781,1
7782,1
7783,1
7784,1
7785,1
7786,1
7787,1
7788,1
7789,1
7810,1
7838,1
7839,1
7847,1
7848,1
7863,12
7864,12
7865,12
7866,12
7867,12
7868,12
7871,12
7873,12
7876,12
7881,12
7882,12
7889,12
7890,12
7894,12
7895,12
7899,12
7900,12
7905,12
7907,12
7926,12
7927,12
7928,12
7929,12
7946,12
8141,12
8142,12
8143,12
8144,12
8145,12
8146,12
8147,12
8148,12
8149,12
8150,12
8183,12
8193,12
8194,12
8221,12
8224,12
8225,12
8249,1
8250,1
8260,12
8261,12
8262,12
8263,12
8264,12
8265,12
8271,12
8272,12
8277,1
8278,1
8279,1
8280,1
8281,1
8282,1
8283,1
8284,1
8285,1
8287,1
8304,1
8306,1
8307,1
8308,1
8309,1
8310,1
8311,12
8312,12
8313,1
8314,1
8316,1
8317,1
8318,1
8319,1
8320,1
8321,1
8323,1
8324,1
8325,2
8326,2
8327,2
8329,2
8330,2
8332,2
8334,2
8335,2
8336,2
8338,2
8341,2
8344,2
8345,2
8346,2
8347,2
8350,2
8353,12
8354,12
8355,12
8356,12
8357,12
8358,12
8359,12
8360,12
8375,1
8376,1
8377,1
8378,1
8379,1
8380,1
8381,1
8382,1
8436,1
8439,1
8446,1
8447,1
8463,2
8468,2
8470,1
8472,2
8473,2
8474,2
8475,2
8476,2
8477,2
8479,2
8480,2
8481,1
8482,2
8483,2
8486,2
8487,2
8488,2
8490,2
8491,2
8492,1
8494,1
8499,1
8503,1
8505,1
8509,1
8511,1
8513,1
8515,1
8517,1
8520,1
8522,1
8524,1
8526,1
8528,1
8532,1
8542,1
8544,1
8545,1
8547,2
8549,1
8554,1
8556,1
8557,1
8558,1
8559,1
8560,1
8561,1
8562,1
8563,1
8564,1
8579,1
8580,1
8582,1
8588,1
8590,1
8592,1
8593,1
8594,1
8595,1
8596,1
8600,1
8602,1
8603,1
8604,1
8607,1
8609,1
8611,1
8613,1
8615,1
8619,12
8621,1
8622,1
8623,1
8624,1
8625,1
8626,1
8627,1
8628,1
8629,1
8630,1
8631,1
8632,1
8633,1
8634,1
8635,12
8636,12
8637,1
8638,1
8639,1
8640,1
8641,1
8642,12
8643,12
8644,12
8645,12
8646,12
8647,12
8648,12
8649,12
8650,12
8651,12
8652,12
8653,12
8654,12
8655,1
8656,1
8657,1
8658,1
8659,1
8660,1
8661,1
8662,1
8663,1
8664,1
8665,1
8666,1
8667,1
8668,1
8669,1
8670,12
8671,12
8672,12
8673,12
8674,12
8675,12
8676,12
8677,12
8678,12
8679,12
8680,12
8681,12
8682,12
8683,12
8684,12
8685,12
8686,12
8688,12
8689,1
8690,1
8691,1
8692,1
8693,1
8694,1
8695,1
8696,1
8697,1
8698,1
8699,1
8700,1
8701,1
8702,1
8703,1
8704,1
8705,1
8706,1
8707,1
8708,1
8709,1
8710,1
8711,1
8712,1
8713,12
8714,12
8715,12
8716,12
8717,12
8718,12
8719,12
8720,12
8721,12
8722,12
8723,12
8724,12
8725,12
8726,12
8727,12
8728,12
8744,12
8747,1
8748,1
8749,1
8750,1
8751,1
8752,1
8753,1
8754,1
8755,1
8756,1
8757,1
8758,1
8759,1
8760,1
8761,1
8764,1
8766,1
8767,12
8768,12
8769,12
8784,1
8788,12
8789,1
8790,1
8791,1
8801,1
8802,1
8803,12
8827,12
8828,12
8860,12
8861,12
8862,12
8863,12
8864,12
8865,12
8866,12
8867,12
8868,12
8870,12
8871,12
8872,12
8873,12
8874,12
8875,12
8883,12
8884,2
8885,2
8886,2
8887,2
8888,2
8889,2
8890,2
8891,2
8892,2
8894,2
8895,2
8897,12
8898,12
8899,12
8900,12
8901,12
8902,12
8903,12
8904,12
8905,12
8908,12
8909,12
8979,12
8980,12
8981,12
8983,12
8984,12
8993,12
8994,12
9015,12
9023,12
9024,12
9025,12
9027,12
9028,12
9033,2
9035,2
9062,2
9063,2
9064,2
9066,2
9067,2
9076,2
9082,1
9085,12
9094,10
9119,2
9130,2
9131,2
9133,2
9134,2
9135,2
9138,2
9139,2
9140,2
9141,2
9143,2
9144,2
9145,2
9146,2
9147,2
9148,2
9149,2
9150,2
9151,2
9152,2
9153,12
9154,12
9155,2
9156,2
9157,2
9158,2
9159,2
9160,2
9161,2
9162,2
9163,2
9164,2
9166,2
9167,2
9169,2
9170,2
9171,2
9172,2
9173,2
9174,2
9175,2
9176,2
9177,2
9180,2
9192,2
9193,2
9199,2
9207,2
9212,2
9214,2
9215,2
9216,2
9217,2
9218,2
9219,2
9220,2
9247,12
9249,12
9250,1
9251,1
9252,2
9253,2
9254,2
9255,2
9256,2
9257,2
9258,2
9259,1
9260,12
9261,12
9262,12
9263,12
9264,12
9265,12
9266,1
9269,1
9270,1
9271,1
9272,1
9274,2
9275,2
9276,2
9277,2
9278,2
9279,2
9280,2
9281,2
9282,2
9283,2
9287,2
9288,12
9289,12
9290,12
9291,12
9292,12
9293,2
9294,2
9295,12
9299,12
9300,12
9301,12
9302,12
9303,2
9304,12
9305,2
9309,2
9310,12
9311,2
9312,2
9313,2
9314,2
9315,2
9319,12
9322,12
9323,12
9324,12
9325,12
9326,12
9327,2
9328,2
9329,2
9330,12
9331,12
9332,12
9333,10
9339,12
9340,2
9345,2
9349,2
9351,2
9352,2
9355,2
9356,2
9358,2
9359,2
9360,2
9361,2
9362,1
9363,2
9364,12
9365,12
9366,2
9367,12
9368,12
9369,2
9370,2
9371,2
9372,2
9373,2
9374,2
9375,2
9376,2
9377,2
9381,2
9383,2
9385,2
9387,2
9388,12
9389,12
9390,2
9391,2
9394,2
9395,2
9396,2
9397,2
9398,2
9399,2
9400,2
9401,2
9402,2
9403,2
9404,2
9405,2
9406,2
9407,2
9408,2
9409,2
9410,2
9415,1
9416,1
9417,2
9418,2
9420,2
9423,2
9424,2
9426,2
9427,2
9430,2
9434,1
9435,1
9436,1
9437,1
9439,2
9442,2
9443,2
9444,2
9446,2
9447,2
9452,2
9453,2
9454,2
9455,2
9456,2
9457,1
9461,2
9462,2
9463,2
9465,2
9466,2
9470,2
9471,2
9472,2
9473,2
9474,2
9483,2
9487,2
9488,2
9489,2
9490,2
9498,2
9499,2
9501,2
9502,2
9503,2
9504,2
9505,2
9506,2
9508,2
9512,2
9513,2
9514,2
9515,2
9523,2
9524,2
9527,2
9528,2
9530,2
9531,2
9537,2
9538,2
9539,2
9540,2
9541,2
9542,2
9543,2
9544,2
9545,2
9548,2
9549,2
9550,2
9551,2
9552,2
9557,2
9558,2
9559,2
9560,2
9561,2
9562,2
9563,2
9564,2
9565,2
9566,2
9567,2
9569,2
9570,2
9571,2
9573,2
9574,2
9576,2
9578,2
9579,2
9580,2
9581,2
9582,12
9584,2
9585,2
9594,2
9595,12
9600,2
9602,2
9603,2
9604,2
9605,2
9606,2
9610,2
9612,2
9616,2
9618,2
9619,2
9620,2
9621,2
9622,2
9623,2
9624,2
9625,2
9626,2
9627,2
9628,2
9629,2
9632,2
9634,2
9635,2
9636,2
9641,2
9642,2
9643,2
9646,2
9647,2
9648,2
9649,2
9663,2
9666,2
9667,2
9668,2
9669,2
9670,2
9671,2
9672,2
9673,2
9674,2
9677,12
9678,12
9681,2
9682,2
9683,2
9684,2
9685,2
9687,2
9688,2
9689,2
9693,2
9694,2
9695,2
9696,2
9697,2
9698,2
9699,2
9700,2
9701,2
9702,2
9703,2
9704,2
9705,2
9706,2
9708,2
9709,2
9711,2
9716,2
9718,2
9720,2
9723,2
9724,2
9726,2
9727,2
9728,2
9729,2
9730,2
9731,2
9732,2
9739,2
9740,2
9741,2
9742,2
9743,2
9744,2
9746,2
9747,2
9748,2
9749,2
9751,2
9752,2
9753,2
9756,2
9758,2
9759,2
9760,2
9761,2
9762,2
9769,2
9770,2
9771,2
9772,2
9773,2
9774,2
9775,2
9776,2
9777,2
9778,2
9779,2
9780,2
9781,2
9782,2
9783,2
9784,2
9785,2
9786,2
9787,2
9788,2
9789,2
9790,2
9791,2
9792,2
9793,2
9794,2
9795,2
9796,2
9797,2
9798,2
9799,2
9800,2
9801,2
9802,2
9803,2
9804,2
9805,2
9806,2
9807,2
9808,2
9809,2
9810,2
9811,2
9812,2
9813,2
9814,2
9815,2
9816,2
9817,2
9818,2
9819,2
9820,2
9821,2
9822,2
9823,2
9827,2
9828,2
9829,2
9830,2
9833,2
9834,2
9835,2
9839,2
9841,2
9842,2
9845,2
9846,2
9847,2
9848,2
9849,2
9850,2
9851,2
9852,2
9853,2
9854,2
9855,2
9856,2
9857,2
9858,2
9859,2
9861,2
9862,2
9863,2
9864,2
9865,2
9866,2
9867,2
9868,2
9869,2
9870,2
9871,2
9872,2
9873,2
9874,2
9875,2
9877,2
9878,2
9879,2
9882,2
9883,2
9884,2
9885,2
9886,2
9887,2
9888,2
9889,2
9890,2
9891,2
9892,2
9893,2
9894,2
9895,2
9896,2
9897,2
9898,2
9899,2
9900,2
9901,2
9902,2
9903,2
9904,2
9905,2
9906,2
9907,2
9910,2
9911,2
9912,2
9913,2
9914,2
9915,2
9916,2
9917,2
9918,2
9919,2
9920,2
9921,2
9922,2
9923,2
9924,2
9925,2
9927,2
9928,2
9931,2
9932,2
9933,2
9934,2
9935,2
9936,2
9937,2
9938,2
9939,2
9940,2
9944,2
9945,2
9946,2
9948,2
9951,2
9954,2
9955,2
9956,2
9957,2
9960,2
9961,2
9962,2
9967,2
9968,2
9970,2
9971,2
9972,2
9973,2
9977,2
9978,2
9979,2
9982,2
9983,2
9984,2
9985,2
9986,2
9987,2
9988,2
9989,2
9990,2
9991,2
9992,2
9993,2
9994,2
9995,2
9996,2
9997,2
9998,2
9999,2
10000,2
10001,2
10002,2
10003,2
10004,2
10005,2
10006,2
10007,2
10008,2
10009,2
10010,2
10011,2
10012,2
10013,2
10016,2
10017,2
10018,2
10019,2
10020,2
10021,2
10022,2
10023,2
10024,2
10025,2
10026,2
10027,2
10028,2
10030,2
10031,2
10032,2
10033,2
10034,2
10035,2
10036,2
10037,2
10038,2
10039,2
10040,2
10041,2
10042,2
10043,2
10044,2
10045,2
10046,2
10047,2
10050,2
10051,2
10052,2
10055,2
10057,2
10058,2
10061,2
10062,2
10063,2
10064,2
10065,2
10066,2
10067,2
10074,2
10075,2
10076,2
10077,2
10078,2
10079,2
10081,2
10082,2
10085,2
10086,2
10087,2
10091,2
10093,2
10095,2
10096,2
10097,2
10099,2
10101,2
10102,2
10103,2
10104,2
10105,2
10106,2
10107,2
10108,2
10109,2
10110,2
10111,2
10112,2
10113,2
10114,2
10115,2
10116,2
10117,2
10118,2
10119,2
10120,2
10121,2
10122,2
10123,2
10124,2
10129,2
10130,2
10132,2
10134,2
10136,2
10140,2
10141,2
10142,2
10143,2
10144,2
10146,2
10150,2
10152,2
10159,2
10160,2
10161,2
10162,2
10163,2
10166,2
10167,2
10168,2
10169,2
10170,2
10171,2
10172,2
10173,2
10174,2
10176,2
10179,2
10180,2
10182,2
10183,2
10184,2
10185,2
10186,2
10187,2
10188,2
10189,2
10190,2
10191,2
10192,2
10193,2
10194,2
10197,2
10198,2
10199,2
10200,2
10201,2
10202,2
10203,2
10204,2
10205,2
10206,2
10208,2
10209,2
10210,2
10211,2
10213,2
10214,2
10220,2
10221,2
10222,2
10223,2
10224,2
10225,2
10226,2
10227,2
10228,2
10229,2
10230,2
10231,2
10232,2
10233,2
10234,2
10235,2
10236,2
10237,2
10238,2
10239,2
10240,2
10241,2
10242,2
10243,2
10245,2
10246,2
10247,2
10248,2
10249,2
10250,2
10251,2
10252,2
10253,2
10254,2
10255,2
10256,2
10257,2
10258,2
10259,2
10261,2
10262,2
10263,2
10264,2
10265,2
10266,2
10267,2
10268,2
10269,2
10270,2
10271,2
10272,2
10273,2
10274,2
10275,2
10276,2
10277,2
10278,2
10279,2
10280,2
10281,2
10282,2
10283,2
10284,2
10285,2
10286,2
10287,2
10288,2
10289,2
10290,2
10291,2
10293,2
10294,2
10295,2
10296,2
10297,2
10298,2
10299,2
10300,2
10301,2
10302,2
10303,2
10304,2
10305,2
10306,2
10307,2
10308,2
10309,2
10310,2
10311,2
10312,2
10313,2
10314,2
10315,2
10316,2
10317,2
10318,2
10319,2
10320,2
10321,2
10322,2
10323,2
10324,2
10325,2
10326,2
10327,2
10328,2
10329,2
10330,2
10331,2
10332,2
10333,2
10334,2
10335,2
10336,2
10337,2
10338,2
10339,2
10340,2
10341,2
10342,2
10343,2
10344,2
10345,2
10346,2
10347,2
10348,2
10349,2
10350,2
10351,2
10353,2
10355,2
10365,2
10367,2
10368,2
10369,2
10374,2
10375,2
10380,2
10381,2
10382,2
10384,2
10385,2
10388,2
10389,2
10390,2
10391,2
10392,2
10393,2
10394,2
10395,2
10396,2
10397,2
10399,2
10400,2
10403,2
10405,2
10406,2
10407,2
10408,2
10409,2
10410,2
10411,2
10412,2
10413,2
10414,2
10415,2
10416,2
10417,2
10418,2
10419,2
10420,2
10421,2
10422,2
10423,2
10424,2
10425,2
10426,2
10427,2
10428,2
10429,2
10430,2
10431,2
10432,2
10433,2
10434,2
10435,2
10436,2
10437,2
10438,2
10439,2
10440,2
10441,2
10442,2
10443,2
10444,2
10445,2
10446,2
10447,2
10448,2
10449,2
10450,2
10451,2
10455,2
10456,2
10457,2
10458,2
10459,2
10460,2
10461,2
10462,2
10463,2
10464,2
10465,2
10466,2
10467,2
10468,2
10469,2
10470,2
10471,2
10472,2
10473,2
10474,2
10475,2
10476,2
10477,2
10478,2
10479,2
10480,2
10481,2
10482,2
10483,2
10484,2
10485,2
10486,2
10487,2
10488,2
10489,2
10490,2
10492,2
10501,2
10502,2
10503,2
10504,2
10505,2
10506,2
10507,2
10508,2
10509,2
10510,2
10511,2
10512,2
10513,2
10514,2
10515,2
10516,2
10517,2
10518,2
10519,2
10521,2
10522,2
10523,2
10524,2
10525,2
10526,2
10527,2
10528,2
10537,2
10538,2
10540,2
10541,2
10542,2
10543,2
10544,2
10545,2
10546,2
10547,2
10550,2
10551,2
10552,2
10553,2
10554,2
10555,2
10556,2
10557,2
10558,2
10559,2
10560,2
10561,2
10562,2
10563,2
10564,2
10565,2
10566,2
10567,2
10568,2
10569,2
10570,2
10571,2
10572,2
10573,2
10574,2
10575,2
10576,2
10577,2
10578,2
10579,2
10580,2
10581,2
10582,2
10583,2
10584,2
10585,2
10586,2
10587,2
10588,2
10589,2
10590,2
10594,2
10595,2
10596,2
10597,2
10598,2
10599,2
10600,2
10601,2
10602,2
10603,2
10604,2
10605,2
10606,2
10607,2
10608,2
10609,2
10610,2
10611,2
10612,2
10613,2
10614,2
10615,2
10617,2
10618,2
10619,2
10620,2
10621,2
10622,2
10623,2
10624,2
10625,2
10626,2
10627,2
10628,2
10629,2
10630,2
10632,2
10633,2
10634,2
10635,2
10636,2
10637,2
10639,2
10640,2
10641,2
10642,2
10643,2
10644,2
10645,2
10646,2
10647,2
10648,2
10649,2
10650,2
10651,2
10652,2
10653,2
10654,2
10655,2
10656,2
10657,2
10658,2
10659,2
10660,2
10661,2
10662,2
10663,2
10664,2
10665,2
10666,2
10667,2
10668,2
10669,2
10670,2
10671,2
10672,2
10673,2
10674,2
10675,2
10676,2
10677,2
10678,2
10679,2
10680,2
10681,2
10682,2
10683,2
10684,2
10685,2
10686,2
10687,2
10688,2
10689,2
10690,2
10691,2
10692,2
10701,2
10702,2
10703,2
10704,2
10705,2
10706,2
10707,2
10708,2
10709,2
10710,2
10711,2
10712,2
10713,2
10714,2
10715,2
10717,2
10718,2
10719,2
10720,2
10721,2
10722,2
10723,2
10724,2
10742,2
10744,2
10745,2
10747,2
10748,2
10749,2
10750,2
10751,2
10753,2
10754,2
10755,2
10756,2
10757,2
10758,2
10759,2
10760,2
10761,2
10762,2
10763,2
10764,2
10765,2
10766,2
10767,2
10768,2
10769,2
10770,2
10771,2
10772,2
10773,2
10774,2
10775,2
10776,2
10777,2
10778,2
10780,2
10781,2
10782,2
10783,2
10784,2
10785,2
10786,2
10788,2
10791,2
10792,2
10793,2
10794,2
10795,2
10796,2
10797,2
10798,2
10799,2
10800,2
10801,2
10802,2
10803,2
10804,2
10805,2
10806,2
10807,2
10808,2
10809,2
10810,2
10811,2
10812,2
10813,2
10814,2
10815,2
10816,2
10817,2
10818,2
10819,2
10820,2
10821,2
10822,2
10823,2
10824,2
10825,2
10826,2
10827,2
10828,2
10829,2
10830,2
10832,2
10833,2
10834,2
10835,2
10836,2
10837,2
10838,2
10839,2
10840,2
10842,2
10843,2
10845,2
10846,2
10847,2
10848,2
10849,2
10850,2
10851,2
10852,2
10853,2
10854,2
10855,2
10856,2
10857,2
10858,2
10859,2
10860,2
10861,2
10862,2
10863,2
10864,2
10865,2
10866,2
10867,2
10868,2
10869,2
10870,2
10871,2
10872,2
10873,2
10874,2
10875,2
10876,2
10877,2
10878,2
10879,2
10880,2
10881,2
10883,2
10884,2
10885,2
10886,2
10887,2
10888,2
10889,2
10893,2
10894,2
10895,2
10896,2
10897,2
10898,2
10899,2
10900,2
10901,2
10903,2
10904,2
10908,2
10909,2
10910,2
10911,2
10912,2
10913,2
10914,2
10915,2
10916,2
10917,2
10918,2
10919,2
10920,2
10921,2
10922,2
10923,2
10924,2
10926,2
10927,2
10928,2
10929,2
10930,2
10935,2
10936,2
10937,2
10938,12
10939,12
10940,12
10941,12
10942,12
10943,12
10944,2
10945,2
10946,2
10947,2
10948,2
10949,2
10950,12
10951,12
10952,12
10953,12
10954,12
10956,2
10957,2
10958,2
10959,2
10961,12
10962,12
10963,12
10966,12
10967,12
10968,2
10969,2
10970,2
10971,2
10972,2
10973,2
10974,2
10975,2
10976,2
10977,2
10981,2
10982,2
10983,2
10984,2
10985,2
10989,2
10995,2
10996,2
10997,2
10998,2
11000,2
11002,2
11003,2
11004,2
11005,2
11006,2
11007,2
11008,2
11009,2
11010,2
11012,2
11013,2
11014,2
11015,2
11016,2
11017,2
11018,2
11019,2
11020,2
11021,2
11022,2
11023,2
11024,2
11025,2
11026,2
11028,2
11029,2
11030,2
11031,2
11033,2
11035,2
11036,2
11037,2
11038,2
11039,2
11040,2
11041,2
11042,2
11043,2
11044,2
11045,2
11046,2
11047,2
11048,2
11049,2
11050,2
11051,2
11052,2
11053,2
11054,2
11055,2
11056,2
11057,2
11058,2
11059,2
11061,2
11062,2
11063,2
11064,2
11065,2
11066,2
11067,2
11068,2
11069,2
11070,2
11071,2
11072,2
11073,2
11074,2
11075,2
11076,2
11077,2
11078,2
11079,2
11080,2
11081,2
11082,2
11083,2
11084,2
11085,2
11086,2
11089,2
11090,2
11091,2
11092,2
11093,2
11094,2
11095,2
11096,2
11097,2
11098,2
11099,2
11100,2
11101,2
11102,2
11107,2
11108,2
11109,2
11110,2
11111,2
11112,2
11113,2
11114,2
11117,12
11118,12
11119,2
11120,12
11122,12
11129,1
11131,12
11132,12
11135,12
11146,3
11147,3
11149,3
11151,3
11153,3
11154,3
11155,3
11157,3
11167,3
11168,3
11170,3
11175,3
11176,3
11179,3
11180,3
11181,3
11182,3
11187,3
11188,3
11190,3
11196,4
11199,3
11202,3
11206,1
11208,1
11209,1
11210,1
11211,1
11212,1
11213,1
11215,1
11218,3
11219,12
11220,12
11221,3
11223,3
11224,3
11225,3
11227,3
11228,3
11229,3
11230,3
11231,3
11232,3
11233,3
11234,3
11235,3
11236,3
11237,3
11238,3
11239,3
11240,3
11241,3
11242,12
11243,3
11244,3
11245,3
11246,3
11247,3
11248,3
11249,3
11250,3
11251,3
11252,3
11253,3
11254,3
11255,3
11256,3
11257,3
11258,3
11259,3
11260,3
11261,3
11262,3
11263,3
11264,3
11265,3
11266,3
11267,3
11268,3
11269,3
11270,3
11271,3
11272,3
11273,3
11274,3
11275,3
11276,3
11277,3
11278,3
11279,3
11280,3
11281,3
11282,3
11283,3
11284,3
11285,3
11286,3
11287,3
11288,3
11289,3
11290,3
11291,3
11292,3
11293,3
11294,3
11295,3
11296,3
11297,3
11298,3
11299,3
11300,3
11301,3
11302,3
11303,3
11304,3
11305,3
11306,3
11307,3
11308,3
11309,3
11310,3
11311,3
11312,3
11313,3
11314,3
11315,3
11316,3
11317,3
11318,12
11319,3
11321,12
11322,3
11323,3
11324,3
11325,3
11326,3
11327,3
11328,3
11329,3
11330,3
11331,3
11332,3
11333,3
11334,12
11343,3
11344,3
11345,12
11346,3
11348,3
11349,3
11350,3
11351,3
11352,3
11354,2
11355,3
11356,12
11357,12
11358,3
11359,3
11360,12
11361,12
11362,2
11363,2
11364,2
11365,3
11366,3
11367,3
11368,2
11369,2
11370,2
11371,2
11372,2
11373,2
11374,2
11375,2
11376,2
11377,2
11378,2
11379,2
11380,2
11381,2
11382,2
11383,2
11384,2
11385,2
11386,2
11387,2
11388,2
11389,2
11390,3
11391,3
11392,12
11393,3
11394,3
11395,3
11396,3
11397,3
11398,3
11399,3
11400,12
11401,12
11402,12
11403,12
11404,12
11405,12
11406,3
11407,12
11408,12
11409,12
11410,3
11411,3
11412,12
11413,12
11414,3
11415,3
11416,3
11417,3
11418,3
11419,12
11420,3
11421,3
11422,3
11423,3
11424,3
11426,3
11427,3
11428,3
11429,3
11430,3
11431,12
11432,3
11433,3
11434,3
11436,3
11439,12
11440,12
11441,12
11442,12
11443,3
11446,12
11447,12
11448,3
11449,12
11450,12
11451,2
11452,3
11453,3
11454,12
11455,3
11456,3
11457,3
11458,3
11459,3
11460,3
11464,3
11465,3
11466,3
11467,3
11468,3
11469,3
11470,3
11471,3
11472,3
11473,3
11474,3
11475,3
11476,3
11477,3
11478,3
11479,3
11480,3
11481,2
11482,2
11483,3
11484,3
11485,3
11489,3
11490,2
11491,3
11494,3
11495,3
11496,2
11497,2
11498,2
11499,2
11500,2
11501,3
11502,2
11503,2
11504,3
11505,2
11506,2
11507,3
11508,3
11509,3
11510,3
11511,3
11512,3
11513,2
11514,2
11515,2
11516,2
11517,2
11519,3
11520,2
11521,2
11523,2
11524,2
11525,2
11526,2
11527,3
11528,12
11529,3
11530,3
11531,2
11532,2
11533,2
11534,2
11535,2
11536,2
11537,2
11538,2
11539,2
11540,2
11541,2
11542,2
11543,2
11544,2
11546,2
11547,2
11548,2
11549,2
11550,2
11554,2
11555,2
11556,2
11557,2
11558,12
11559,3
11560,3
11561,3
11562,3
11563,3
11564,3
11565,3
11566,3
11567,3
11568,3
11569,3
11570,3
11571,3
11572,3
11573,3
11574,3
11575,3
11576,3
11580,3
11581,3
11582,3
11583,3
11584,3
11585,3
11586,3
11587,3
11590,3
11591,3
11592,3
11593,3
11594,3
11595,3
11596,3
11597,3
11598,3
11599,3
11600,3
11601,3
11602,3
11603,3
11604,3
11605,3
11606,3
11607,3
11608,3
11609,3
11610,3
11611,3
11612,3
11613,3
11614,3
11615,3
11616,3
11617,3
11618,3
11619,3
11620,3
11621,3
11622,3
11623,3
11624,3
11625,3
11626,3
11627,3
11628,3
11629,3
11630,3
11631,3
11632,3
11633,3
11634,3
11635,3
11636,3
11637,3
11638,3
11639,3
11640,3
11641,3
11642,3
11643,3
11644,3
11645,3
11646,3
11647,3
11648,3
11649,3
11650,3
11651,3
11652,3
11653,3
11654,3
11655,3
11656,3
11657,12
11658,3
11659,3
11660,3
11661,3
11662,3
11663,3
11664,3
11665,2
11666,2
11667,2
11668,2
11669,2
11670,3
11671,3
11672,3
11673,3
11674,3
11675,3
11676,3
11677,3
11678,3
11679,3
11680,3
11681,3
11682,3
11683,3
11684,3
11685,3
11686,3
11687,3
11688,3
11689,3
11690,3
11691,12
11692,3
11693,3
11694,3
11695,3
11696,12
11697,3
11698,3
11699,3
11700,3
11701,3
11702,3
11703,3
11704,3
11705,3
11706,3
11707,3
11708,3
11709,3
11710,3
11711,3
11712,3
11713,3
11714,3
11715,3
11716,3
11717,3
11718,3
11719,3
11720,3
11721,3
11722,3
11723,3
11724,3
11725,3
11726,3
11727,3
11728,3
11729,3
11730,3
11731,12
11732,3
11733,3
11734,3
11735,3
11736,3
11737,3
11738,3
11739,3
11740,3
11741,3
11742,3
11743,3
11744,3
11745,3
11746,3
11747,3
11748,3
11749,3
11750,3
11751,3
11752,3
11753,3
11754,3
11755,3
11756,3
11757,3
11758,3
11759,3
11760,3
11761,3
11762,3
11763,3
11764,3
11765,3
11766,3
11767,3
11768,3
11769,3
11770,3
11771,3
11772,3
11773,3
11774,3
11775,3
11776,3
11777,3
11778,3
11779,3
11780,3
11781,3
11782,3
11783,3
11784,3
11785,3
11786,3
11787,3
11788,3
11789,3
11790,3
11791,3
11792,3
11793,3
11794,3
11795,3
11796,3
11797,3
11798,3
11799,3
11800,3
11801,3
11802,3
11803,3
11804,3
11805,3
11806,3
11807,3
11808,3
11809,3
11810,3
11811,3
11812,3
11813,3
11814,3
11815,3
11816,3
11817,3
11818,3
11819,3
11820,3
11821,3
11822,3
11823,3
11824,3
11825,3
11826,3
11827,3
11828,3
11829,3
11830,3
11831,3
11832,3
11833,3
11834,3
11835,3
11836,3
11837,3
11838,3
11839,3
11840,3
11841,3
11842,3
11843,3
11844,3
11845,3
11846,3
11847,3
11848,3
11849,3
11850,3
11851,3
11852,3
11853,3
11854,3
11855,3
11856,3
11857,3
11858,3
11859,3
11860,3
11861,3
11862,3
11863,3
11864,3
11865,3
11866,3
11867,3
11868,3
11869,3
11870,3
11871,3
11872,3
11873,3
11875,2
11876,3
11877,2
11878,3
11879,3
11880,2
11881,3
11882,12
11883,12
11884,3
11885,2
11886,12
11887,3
11888,3
11889,3
11890,3
11891,12
11892,3
11893,3
11894,3
11895,3
11896,3
11897,3
11898,3
11899,3
11900,3
11901,3
11902,3
11903,3
11904,3
11905,3
11906,3
11907,3
11908,3
11909,3
11910,3
11911,3
11912,3
11913,3
11914,3
11915,12
11916,3
11917,12
11918,3
11919,3
11920,3
11921,12
11922,12
11923,12
11924,12
11925,12
11926,12
11927,3
11928,3
11929,3
11930,3
11931,3
11932,3
11933,12
11935,12
11936,3
11938,3
11939,3
11940,3
11941,3
11942,3
11943,3
11944,3
11945,3
11946,3
11947,12
11948,12
11949,3
11950,3
11951,3
11952,12
11953,12
11954,12
11955,12
11956,3
11957,3
11958,3
11959,3
11960,3
11961,3
11962,3
11963,3
11964,12
11965,3
11966,12
11967,3
11968,3
11969,3
11970,12
11971,12
11972,12
11973,3
11975,3
11976,3
11977,3
11978,3
11979,3
11980,3
11981,3
11982,3
11983,3
11984,3
11985,3
11986,3
11988,3
11989,3
11990,3
11991,3
11993,3
11995,3
11996,3
11997,7
11998,3
11999,3
12000,3
12002,3
12003,3
12004,3
12005,3
12006,3
12007,3
12008,3
12009,3
12010,3
12011,3
12012,12
12013,3
12014,3
12016,3
12017,3
12019,3
12020,12
12022,12
12026,3
12027,3
12028,3
12029,3
12030,3
12031,3
12032,3
12033,3
12034,3
12035,3
12036,3
12037,3
12038,3
12039,3
12040,3
12041,3
12042,3
12043,3
12044,3
12045,3
12046,3
12047,3
12048,3
12049,3
12050,3
12051,3
12052,3
12053,3
12054,3
12055,3
12056,3
12057,3
12058,3
12059,3
12060,3
12061,3
12062,12
12063,3
12064,3
12065,3
12066,3
12067,3
12068,3
12069,3
12070,3
12071,3
12072,3
12073,3
12074,3
12075,3
12076,3
12077,3
12078,3
12079,3
12080,3
12081,3
12082,3
12083,3
12084,3
12085,3
12086,3
12088,3
12089,3
12090,3
12091,3
12092,3
12093,3
12094,3
12095,3
12096,3
12097,3
12098,3
12099,3
12100,3
12101,3
12102,3
12103,7
12104,3
12105,3
12106,3
12107,3
12109,3
12110,3
12111,3
12112,3
12113,3
12114,3
12115,3
12116,3
12117,3
12118,3
12119,3
12120,3
12121,3
12122,3
12123,3
12124,3
12125,3
12126,3
12127,3
12128,3
12129,3
12130,3
12131,3
12132,3
12133,12
12134,3
12135,12
12136,3
12137,3
12138,3
12139,12
12140,3
12141,3
12142,3
12143,3
12144,3
12145,3
12146,3
12147,3
12148,3
12149,3
12150,3
12151,3
12152,3
12153,3
12154,3
12155,12
12157,3
12158,3
12159,3
12160,3
12161,3
12164,3
12165,3
12166,3
12167,3
12168,3
12169,3
12170,3
12171,3
12172,3
12173,3
12174,3
12175,3
12176,3
12177,3
12178,3
12180,3
12181,3
12182,3
12183,3
12184,3
12185,3
12188,3
12189,3
12190,3
12191,12
12192,12
12193,12
12194,12
12195,3
12196,3
12197,3
12198,3
12199,3
12200,3
12201,3
12202,3
12203,3
12204,3
12205,3
12206,3
12207,3
12208,3
12209,3
12210,3
12211,3
12212,3
12213,3
12214,3
12215,3
12216,3
12217,3
12218,3
12219,3
12220,3
12221,3
12222,3
12223,3
12224,3
12225,3
12226,3
12227,3
12229,3
12230,3
12231,3
12232,3
12233,3
12234,3
12235,3
12236,3
12237,3
12238,3
12239,3
12240,3
12241,3
12242,3
12243,3
12244,3
12245,3
12246,3
12247,3
12248,3
12249,3
12250,3
12251,3
12252,3
12253,3
12254,3
12255,3
12256,3
12257,3
12258,3
12259,3
12260,3
12261,3
12262,3
12263,3
12264,3
12265,3
12266,3
12267,3
12268,3
12269,3
12270,3
12271,3
12272,3
12273,3
12274,3
12275,3
12276,3
12277,3
12278,12
12279,3
12280,3
12281,3
12282,3
12283,3
12284,3
12285,3
12286,12
12287,3
12288,3
12289,3
12290,3
12291,3
12292,3
12293,3
12294,3
12295,3
12296,3
12297,3
12298,3
12299,3
12300,3
12301,3
12302,3
12303,3
12304,3
12305,3
12306,12
12307,3
12308,3
12309,3
12310,3
12311,3
12312,3
12314,3
12315,3
12316,3
12317,3
12318,12
12319,3
12320,3
12321,3
12323,3
12324,3
12325,3
12326,3
12327,3
12328,3
12329,3
12330,3
12331,12
12332,12
12333,12
12334,12
12335,12
12336,12
12337,12
12338,12
12339,12
12340,12
12341,12
12342,12
12343,12
12344,12
12345,12
12347,12
12348,12
12349,12
12350,12
12351,12
12352,12
12353,12
12354,12
12355,12
12356,12
12357,12
12358,12
12359,12
12360,12
12361,12
12362,12
12363,12
12364,12
12365,12
12366,12
12367,12
12368,12
12369,12
12370,12
12371,12
12372,3
12373,12
12374,12
12375,12
12376,12
12377,12
12378,12
12379,12
12380,12
12381,12
12382,12
12383,12
12384,12
12385,12
12386,12
12387,12
12388,12
12389,12
12390,12
12391,12
12392,12
12393,12
12394,12
12395,12
12396,12
12397,12
12398,12
12399,12
12400,12
12401,12
12402,12
12403,12
12404,12
12405,12
12406,12
12407,12
12408,12
12409,12
12410,12
12411,3
12412,3
12413,3
12414,3
12415,3
12416,3
12417,3
12418,3
12419,3
12420,12
12421,12
12422,3
12423,3
12424,3
12425,3
12427,3
12428,3
12429,3
12430,3
12431,3
12432,3
12433,3
12435,3
12436,3
12437,3
12438,3
12439,3
12440,3
12441,3
12442,3
12443,3
12444,3
12446,3
12447,3
12448,3
12449,3
12450,3
12451,3
12453,3
12454,3
12455,3
12456,3
12457,3
12458,3
12459,3
12460,3
12461,3
12462,3
12463,3
12464,3
12465,3
12466,3
12467,3
12468,3
12469,3
12470,3
12471,3
12472,3
12473,3
12474,3
12475,3
12476,3
12477,3
12478,3
12479,3
12480,3
12481,3
12482,3
12483,3
12484,3
12486,3
12487,3
12488,3
12489,3
12490,3
12491,12
12492,12
12495,3
12496,3
12497,3
12498,3
12499,3
12500,3
12501,3
12502,3
12503,3
12504,3
12505,3
12506,3
12507,3
12508,3
12509,3
12510,3
12511,3
12512,3
12513,2
12514,3
12515,2
12516,3
12517,12
12518,12
12519,3
12520,3
12521,3
12522,3
12523,3
12524,3
12525,3
12526,3
12527,3
12528,3
12529,3
12530,3
12531,3
12532,3
12533,3
12534,3
12535,3
12536,3
12537,3
12538,3
12539,3
12540,3
12541,3
12542,3
12543,3
12544,3
12545,3
12546,3
12547,3
12548,3
12549,3
12550,3
12551,3
12552,3
12553,3
12554,3
12555,3
12556,3
12557,3
12558,3
12559,3
12560,3
12561,3
12562,3
12563,3
12564,3
12565,3
12566,3
12567,3
12568,3
12569,3
12570,3
12571,3
12572,3
12573,3
12574,3
12575,3
12576,3
12577,3
12578,3
12579,3
12580,3
12581,3
12582,3
12583,3
12584,3
12585,3
12587,3
12588,3
12589,3
12590,3
12591,3
12592,3
12593,3
12594,3
12595,3
12596,3
12597,3
12598,3
12599,3
12603,3
12604,3
12605,3
12606,3
12607,3
12608,3
12609,3
12610,3
12611,3
12612,3
12613,3
12614,3
12615,3
12616,2
12617,3
12618,3
12619,3
12620,3
12621,3
12622,3
12623,3
12624,3
12627,3
12628,3
12629,3
12630,3
12631,3
12632,3
12633,3
12634,3
12635,3
12636,3
12637,3
12638,3
12639,3
12640,3
12641,3
12642,3
12643,3
12644,3
12645,3
12646,3
12647,3
12648,3
12649,3
12650,3
12651,3
12652,3
12653,3
12654,3
12655,3
12656,3
12657,3
12658,3
12659,3
12660,3
12661,3
12662,3
12663,3
12664,3
12665,3
12666,3
12667,3
12668,3
12669,3
12670,3
12671,3
12672,3
12673,3
12674,3
12675,3
12676,3
12677,3
12678,3
12679,3
12680,3
12681,3
12683,3
12684,3
12685,3
12686,3
12687,3
12688,3
12689,3
12690,3
12691,3
12692,3
12695,3
12696,3
12697,3
12698,3
12699,3
12700,3
12701,3
12702,3
12703,3
12704,3
12705,3
12706,3
12707,3
12708,3
12709,3
12710,3
12711,3
12712,3
12713,3
12714,3
12715,3
12716,3
12717,3
12718,3
12719,3
12720,3
12721,3
12722,3
12723,3
12724,3
12725,3
12726,3
12727,3
12728,3
12729,3
12730,3
12732,3
12733,3
12734,3
12735,3
12736,3
12737,3
12738,3
12739,3
12740,3
12741,3
12742,3
12743,3
12744,3
12745,3
12746,3
12747,3
12748,3
12749,3
12750,3
12751,3
12752,3
12753,3
12754,3
12755,3
12756,3
12757,3
12758,3
12759,3
12760,3
12761,3
12762,3
12763,3
12766,3
12767,3
12768,3
12769,3
12770,3
12771,3
12772,3
12773,3
12774,3
12775,3
12776,3
12777,3
12778,3
12779,3
12781,3
12782,3
12783,3
12784,3
12785,3
12786,3
12787,3
12788,3
12789,3
12790,3
12791,3
12792,3
12793,3
12794,3
12795,3
12796,3
12797,3
12798,12
12799,3
12800,3
12801,3
12802,3
12803,3
12804,3
12805,3
12806,3
12807,3
12808,3
12809,3
12810,3
12811,3
12812,3
12813,3
12814,3
12815,3
12816,12
12817,12
12818,3
12819,3
12820,3
12821,3
12822,3
12823,3
12824,3
12826,3
12827,3
12828,3
12829,3
12830,3
12831,3
12832,3
12833,3
12836,3
12838,3
12839,3
12840,3
12841,3
12842,3
12843,3
12844,3
12846,3
12847,3
12848,3
12849,3
12850,3
12851,3
12852,3
12853,3
12854,3
12855,3
12856,3
12857,3
12858,3
12859,3
12860,3
12861,3
12862,3
12863,3
12864,3
12865,3
12866,3
12867,3
12868,3
12869,3
12870,3
12871,3
12872,3
12873,3
12874,3
12875,3
12876,3
12877,3
12878,3
12879,3
12880,3
12882,3
12883,3
12884,3
12885,3
12886,3
12887,3
12888,3
12889,3
12891,3
12892,3
12893,3
12894,3
12895,3
12896,3
12897,3
12898,3
12899,3
12900,3
12901,3
12902,3
12903,3
12904,3
12905,3
12906,3
12907,3
12908,3
12909,3
12910,3
12912,3
12913,3
12914,3
12915,3
12916,3
12917,3
12918,3
12919,3
12920,3
12921,3
12922,3
12924,3
12925,3
12926,3
12927,3
12928,3
12929,3
12930,3
12931,3
12932,3
12933,3
12934,3
12935,3
12936,3
12937,3
12938,3
12939,3
12940,12
12941,12
12942,3
12943,3
12944,12
12945,12
12946,12
12947,12
12948,3
12949,3
12950,12
12951,3
12953,3
12954,3
12955,3
12956,3
12957,3
12958,3
12959,3
12960,3
12961,3
12962,3
12963,3
12964,3
12965,3
12966,3
12967,3
12968,3
12969,3
12970,3
12971,3
12972,3
12973,3
12974,3
12975,3
12976,3
12977,3
12978,3
12979,3
12980,3
12981,3
12982,3
12983,3
12984,3
12985,3
12986,3
12987,3
12988,3
12989,3
12991,3
12992,3
12993,3
12994,3
12995,3
12996,3
12997,3
12998,3
12999,3
13000,3
13001,3
13003,3
13004,3
13005,3
13006,3
13007,3
13008,3
13009,3
13010,3
13011,3
13012,12
13013,12
13014,12
13015,12
13016,12
13017,12
13018,12
13019,12
13020,12
13021,12
13022,12
13023,12
13024,12
13025,12
13026,12
13027,12
13028,12
13029,12
13030,12
13031,12
13032,12
13033,12
13034,3
13035,3
13036,3
13037,3
13038,3
13039,3
13040,3
13041,3
13042,3
13043,3
13044,3
13045,3
13046,3
13047,3
13048,3
13049,3
13050,3
13051,3
13054,3
13055,3
13056,3
13057,3
13058,3
13059,3
13060,3
13061,3
13062,3
13063,3
13064,3
13065,12
13066,12
13067,12
13068,3
13069,3
13070,3
13071,3
13072,3
13073,3
13074,3
13075,3
13076,3
13077,3
13078,3
13079,3
13080,3
13081,3
13082,3
13083,3
13084,3
13085,3
13086,3
13087,3
13088,3
13089,3
13090,3
13091,3
13092,3
13093,3
13094,3
13095,3
13099,3
13100,3
13101,3
13102,3
13103,3
13104,3
13105,3
13106,3
13107,3
13110,3
13112,3
13113,3
13114,3
13115,3
13116,3
13117,3
13118,3
13119,3
13120,3
13121,3
13122,3
13124,3
13125,3
13126,3
13127,3
13128,3
13129,3
13130,3
13131,3
13132,3
13133,3
13134,3
13135,3
13136,3
13137,3
13138,3
13139,3
13140,3
13141,3
13142,3
13143,3
13144,3
13145,3
13146,3
13147,3
13148,3
13149,3
13151,3
13152,3
13153,3
13154,3
13155,3
13156,3
13157,3
13160,3
13161,3
13162,3
13163,3
13164,3
13165,3
13166,3
13168,3
13169,3
13170,3
13171,3
13172,3
13174,3
13177,3
13178,3
13179,3
13180,3
13181,3
13183,3
13185,3
13186,3
13187,3
13188,3
13189,3
13191,3
13192,3
13193,3
13194,3
13195,3
13196,3
13197,3
13198,3
13199,3
13200,3
13201,3
13202,3
13203,12
13205,3
13206,3
13207,3
13211,3
13212,3
13213,3
13214,3
13215,3
13216,3
13217,3
13218,3
13219,3
13220,3
13221,3
13222,3
13223,3
13224,3
13225,3
13226,3
13227,3
13228,3
13229,3
13230,3
13231,3
13232,3
13233,3
13234,3
13235,3
13236,3
13237,3
13238,3
13239,3
13240,3
13241,3
13258,3
13259,3
13260,3
13261,3
13262,3
13263,3
13264,3
13265,3
13268,3
13269,3
13270,3
13271,3
13272,3
13273,3
13274,3
13275,3
13276,3
13277,3
13278,3
13279,3
13280,3
13281,3
13282,3
13283,3
13284,3
13285,3
13286,3
13287,3
13288,3
13289,3
13290,3
13291,3
13292,3
13293,3
13294,3
13295,3
13296,3
13297,3
13298,3
13300,3
13301,3
13302,3
13304,3
13305,3
13306,3
13307,3
13308,3
13309,3
13310,3
13311,12
13312,3
13313,3
13314,3
13315,3
13316,3
13318,3
13319,3
13320,3
13321,3
13322,3
13323,3
13324,12
13325,12
13326,12
13327,12
13328,3
13329,3
13330,3
13331,3
13332,3
13333,3
13334,3
13335,3
13336,3
13337,3
13338,3
13339,3
13340,3
13341,3
13342,3
13343,3
13344,3
13345,3
13346,3
13347,3
13348,3
13349,3
13350,3
13351,3
13352,3
13353,3
13354,3
13355,3
13356,3
13357,3
13358,3
13359,3
13360,3
13361,3
13362,3
13363,3
13364,3
13365,3
13366,3
13367,3
13368,3
13369,3
13372,3
13373,3
13374,3
13375,3
13376,3
13379,3
13380,3
13381,3
13383,3
13384,3
13385,3
13386,3
13387,3
13388,3
13389,3
13390,3
13391,3
13392,3
13393,3
13394,3
13395,3
13396,3
13397,3
13398,3
13399,3
13400,3
13401,3
13402,3
13403,3
13408,2
13409,2
13410,2
13411,2
13412,3
13413,3
13414,3
13415,3
13416,3
13418,3
13419,3
13420,3
13422,3
13423,3
13424,3
13425,3
13426,3
13429,2
13430,2
13431,2
13432,2
13433,12
13434,12
13435,12
13436,12
13437,12
13438,12
13439,12
13440,12
13441,12
13442,12
13443,12
13444,12
13445,12
13446,12
13447,12
13448,12
13449,12
13450,12
13451,12
13452,12
13453,12
13454,12
13455,12
13456,12
13457,12
13458,12
13459,12
13460,12
13461,12
13462,12
13463,12
13464,12
13465,12
13466,12
13467,12
13468,12
13469,12
13470,12
13471,12
13472,12
13473,12
13474,12
13479,12
13480,12
13481,3
13482,3
13483,12
13484,12
13485,12
13486,12
13487,12
13488,12
13489,12
13490,12
13491,12
13492,12
13493,12
13494,12
13495,12
13496,12
13497,12
13498,12
13499,12
13500,12
13501,12
13502,12
13503,12
13504,1
13505,1
13506,1
13507,1
13508,1
13509,1
13510,1
13511,1
13512,1
13513,1
13514,1
13515,1
13518,1
13519,1
13520,1
13521,1
13522,1
13523,1
13525,1
13526,1
13527,1
13528,1
13529,1
13537,1
13538,3
13539,3
13542,1
13543,1
13544,1
13545,1
13546,1
13547,1
13548,12
13549,3
13554,1
13556,3
13557,1
13558,1
13559,3
13560,1
13561,1
13562,1
13563,1
13564,1
13565,1
13566,1
13567,1
13568,1
13569,1
13570,1
13571,3
13572,1
13573,1
13575,1
13576,1
13577,1
13578,1
13579,1
13580,1
13581,1
13582,1
13583,1
13584,1
13585,1
13586,1
13587,1
13588,1
13589,1
13590,1
13591,1
13592,3
13593,3
13594,1
13595,1
13596,1
13597,1
13598,1
13599,1
13600,3
13601,1
13602,1
13603,3
13604,3
13605,1
13606,3
13607,3
13609,3
13610,3
13611,3
13612,1
13613,1
13614,3
13615,1
13616,3
13617,1
13618,1
13619,1
13620,1
13621,1
13622,3
13623,1
13624,1
13625,3
13626,1
13627,3
13628,1
13629,3
13630,1
13631,3
13632,1
13633,3
13634,3
13635,1
13636,1
13639,1
13640,1
13641,3
13642,1
13643,3
13644,1
13645,1
13646,1
13647,1
13648,1
13650,1
13651,1
13653,1
13654,3
13655,1
13656,1
13657,1
13658,1
13659,1
13660,1
13661,1
13662,1
13663,3
13664,3
13665,3
13666,3
13667,3
13668,3
13669,3
13670,3
13671,3
13672,3
13673,3
13674,3
13675,3
13676,3
13677,3
13678,3
13679,3
13680,3
13681,3
13682,3
13683,1
13684,3
13685,3
13688,3
13689,3
13690,3
13691,3
13693,3
13694,3
13695,3
13696,3
13697,3
13698,1
13699,3
13702,3
13703,3
13704,3
13705,3
13706,3
13707,3
13708,3
13709,3
13710,3
13711,3
13712,1
13713,3
13714,3
13715,3
13716,3
13717,3
13718,3
13719,3
13720,3
13721,3
13722,3
13723,3
13724,3
13725,3
13726,3
13727,3
13728,3
13729,3
13730,1
13731,3
13732,3
13733,3
13734,3
13735,3
13736,3
13737,3
13738,3
13739,3
13740,3
13741,3
13742,3
13743,3
13744,3
13745,3
13746,3
13747,3
13748,3
13749,3
13750,3
13751,1
13752,3
13753,3
13754,3
13755,3
13756,3
13757,3
13758,3
13759,3
13760,3
13761,3
13762,3
13763,3
13764,3
13765,3
13766,1
13767,3
13768,3
13769,3
13770,3
13771,3
13772,3
13773,3
13774,3
13775,3
13776,3
13777,3
13778,3
13779,3
13780,3
13781,3
13782,3
13783,3
13784,3
13785,3
13786,3
13787,3
13788,3
13789,3
13790,3
13791,3
13792,1
13793,3
13794,3
13795,3
13796,1
13797,1
13798,1
13801,1
13803,1
13805,1
13806,1
13807,1
13808,1
13809,3
13810,3
13811,3
13812,3
13813,3
13814,3
13815,1
13816,3
13817,3
13818,3
13819,3
13820,3
13821,3
13822,3
13823,3
13824,3
13825,12
13826,12
13828,3
13829,3
13830,3
13831,1
13832,3
13833,3
13834,3
13835,3
13836,3
13837,3
13838,3
13839,3
13841,1
13842,1
13843,3
13844,1
13845,3
13846,3
13847,3
13848,1
13849,1
13850,1
13851,3
13852,3
13853,1
13854,3
13855,3
13856,3
13857,3
13858,3
13859,3
13860,3
13861,3
13862,3
13863,3
13864,3
13865,1
13866,1
13867,1
13868,1
13869,1
13870,1
13871,1
13872,1
13873,1
13874,1
13875,1
13876,1
13877,1
13878,1
13879,1
13880,1
13881,1
13882,1
13883,1
13884,1
13885,1
13886,1
13887,1
13888,1
13889,1
13890,1
13891,1
13892,1
13893,1
13895,1
13896,1
13897,1
13898,1
13899,1
13900,1
13901,1
13902,1
13903,1
13904,1
13905,1
13906,1
13907,1
13909,1
13910,1
13911,1
13912,1
13913,1
13917,1
13918,1
13919,1
13920,1
13921,1
13922,1
13923,1
13924,1
13925,1
13926,12
13927,12
13928,1
13929,12
13930,12
13931,12
13932,12
13933,12
13934,1
13935,1
13936,1
13937,1
13938,1
13940,1
13942,1
13943,1
13944,1
13945,1
13946,1
13947,1
13948,1
13949,1
13950,12
13951,12
13952,12
13953,1
13954,12
13955,12
13956,12
13957,1
13958,1
13959,1
13960,1
13961,1
13962,1
13963,1
13964,1
13965,1
13966,12
13967,1
13968,1
13969,1
13970,1
13971,1
13973,1
13974,1
13975,1
13976,1
13977,1
13979,1
13980,1
13981,1
13982,1
13983,1
13985,1
13986,1
13987,1
13988,1
13989,1
13991,1
13992,1
13995,1
13998,1
13999,1
14001,4
14003,1
14004,1
14005,1
14006,1
14013,4
14014,4
14016,3
14017,3
14018,1
14019,4
14021,4
14022,12
14023,12
14024,12
14028,12
14030,12
14031,4
14033,12
14034,1
14035,12
14036,12
14037,12
14038,1
14039,1
14040,12
14041,12
14042,1
14043,12
14044,1
14045,1
14046,1
14047,12
14048,12
14049,1
14050,1
14051,12
14052,1
14053,12
14054,12
14055,12
14056,1
14057,1
14058,12
14059,12
14060,12
14061,12
14062,12
14063,1
14064,12
14065,12
14066,1
14067,1
14068,1
14069,4
14070,4
14071,4
14072,1
14073,1
14074,3
14075,4
14076,3
14077,3
14078,4
14079,12
14080,3
14081,12
14082,12
14083,12
14084,12
14085,12
14086,12
14087,12
14088,12
14089,3
14090,3
14091,4
14092,3
14093,4
14094,4
14095,3
14096,3
14098,4
14099,4
14101,3
14102,3
14103,3
14104,3
14105,3
14107,3
14108,3
14109,4
14110,4
14111,3
14112,3
14113,4
14114,4
14115,4
14116,4
14117,1
14118,1
14120,4
14121,4
14122,4
14123,4
14124,4
14125,4
14126,4
14127,1
14128,1
14129,1
14130,1
14131,1
14132,1
14134,1
14135,1
14136,3
14137,4
14138,4
14139,3
14140,3
14141,3
14142,3
14143,3
14144,3
14145,3
14146,1
14151,3
14152,3
14153,4
14154,4
14155,1
14157,4
14158,4
14159,4
14160,1
14161,1
14162,1
14165,1
14166,12
14167,12
14168,12
14169,12
14170,12
14171,12
14172,12
14173,12
14174,12
14175,12
14176,12
14183,1
14184,1
14188,1
14189,1
14190,1
14191,1
14192,1
14193,1
14194,1
14195,1
14196,1
14197,1
14198,1
14199,1
14201,1
14202,1
14204,4
14209,1
14212,4
14213,1
14214,4
14215,1
14216,1
14217,1
14218,4
14219,1
14220,4
14221,4
14222,4
14223,1
14225,1
14226,1
14227,1
14230,1
14231,1
14232,1
14233,4
14234,4
14235,4
14236,4
14237,4
14238,4
14239,4
14240,4
14241,4
14242,4
14243,4
14244,4
14245,4
14246,1
14247,1
14248,4
14249,1
14250,1
14251,1
14252,1
14253,1
14254,1
14255,1
14256,1
14257,1
14258,1
14260,1
14261,1
14262,1
14263,1
14264,1
14265,4
14266,1
14267,1
14268,1
14269,4
14270,1
14271,1
14272,4
14273,4
14274,4
14275,4
14276,4
14277,4
14278,4
14279,4
14280,4
14281,1
14282,1
14283,1
14284,1
14285,4
14286,4
14287,4
14288,4
14289,4
14290,4
14291,4
14292,1
14293,4
14294,4
14295,1
14296,1
14297,1
14299,1
14300,1
14301,1
14302,1
14303,4
14304,1
14305,1
14306,1
14307,1
14308,1
14309,1
14310,1
14311,1
14312,1
14313,4
14314,1
14316,1
14318,1
14320,4
14321,4
14322,1
14323,1
14324,1
14325,1
14326,4
14327,1
14328,1
14329,1
14330,1
14332,1
14333,1
14334,1
14335,1
14336,4
14337,1
14338,1
14339,1
14340,1
14341,1
14342,1
14343,1
14344,1
14345,1
14346,1
14347,4
14348,4
14354,1
14357,1
14358,1
14359,1
14360,1
14361,1
14362,1
14363,1
14364,1
14365,1
14366,4
14367,4
14368,4
14369,4
14370,1
14371,1
14372,1
14373,1
14374,1
14375,4
14376,1
14377,1
14378,1
14379,1
14380,1
14381,1
14382,4
14383,1
14384,1
14385,1
14386,4
14387,1
14388,1
14389,1
14390,1
14391,1
14392,1
14393,1
14394,1
14395,4
14396,4
14397,4
14398,4
14399,4
14400,4
14401,4
14402,4
14403,4
14404,4
14405,4
14406,4
14407,1
14408,1
14409,1
14410,1
14411,4
14412,4
14413,1
14416,4
14422,1
14423,1
14424,1
14428,1
14429,1
14430,1
14431,1
14432,1
14433,1
14434,4
14435,1
14436,1
14438,1
14439,1
14442,1
14443,3
14444,3
14445,4
14446,4
14447,3
14448,3
14449,1
14452,1
14455,1
14456,1
14457,3
14458,1
14459,1
14460,1
14461,1
14462,1
14463,4
14464,1
14465,4
14466,4
14467,4
14468,1
14469,1
14470,1
14471,1
14472,1
14473,4
14474,4
14475,1
14476,1
14477,1
14478,1
14479,1
14480,1
14481,4
14482,4
14483,12
14484,1
14485,1
14486,1
14487,1
14488,1
14491,1
20438,3
20439,3
20440,1
20441,1
23733,1
24215,1
24426,3
24427,3
24428,3
24429,3
24430,1
24432,4
24433,1
24434,1
24435,1
24436,1
24437,1
24438,4
24439,1
24440,1
24441,1
24442,3
24446,1
24448,1
24449,1
24451,3
24452,1
24453,1
24454,3
24455,1
24456,1
24457,1
24458,1
24459,1
24460,3
24461,3
24463,1
24464,1
24465,1
24466,1
24467,1
24468,4
24469,1
24470,1
24471,1
24472,4
24473,1
24474,1
24475,1
24476,3
24477,1
24478,1
24479,1
24480,3
24481,1
24482,1
24483,4
24484,4
24485,1
24486,1
24487,1
24488,4
24489,1
24490,1
24491,1
24492,1
24493,1
24494,4
24495,4
24496,1
24497,1
24498,3
24499,3
24500,3
24501,4
24502,4
24503,4
24504,1
24505,1
24506,3
24507,3
24508,3
24509,3
24510,3
24511,3
24512,1
24513,1
24514,1
24515,1
24517,1
24518,1
24519,1
24520,4
24521,3
24522,3
24523,1
24524,1
24525,1
24526,1
24527,1
24528,1
24529,1
24532,1
24533,1
24534,1
24535,3
24536,12
24539,1
24540,1
24541,12
24542,1
24543,1
24544,3
24545,3
24546,1
24547,3
24548,3
24549,3
24550,1
24551,1
24552,1
24553,3
24554,3
24555,3
24556,3
24557,3
24558,3
24559,3
24560,3
24561,3
24562,3
24563,3
24564,3
24565,1
24566,1
24567,4
24568,1
24569,1
24570,1
24571,1
24572,1
24573,1
24574,1
24575,4
24576,12
24577,1
24578,4
24579,3
24580,3
24581,3
24582,3
24583,3
24584,3
24585,3
24586,3
24587,3
24588,3
24589,3
24590,3
24591,1
24592,4
24593,4
24594,3
24595,3
24596,3
24597,3
24598,3
24601,1
24602,4
24603,1
24604,1
24606,1
24607,1
24608,1
24609,1
24610,1
24611,1
24612,4
24613,4
24614,4
24615,4
24616,4
24617,4
24618,1
24619,1
24620,1
24621,1
24622,1
24623,1
24624,1
24625,1
24626,1
24627,4
24628,4
24629,4
24631,1
24632,1
24633,1
24634,1
24635,1
24636,1
24637,1
24638,1
24639,1
24640,1
24641,1
24642,1
24643,1
24644,1
24645,4
24646,4
24647,4
24648,4
24649,4
24650,1
24651,1
24652,1
24653,1
24654,1
24655,12
24656,12
24657,12
24658,12
24659,12
24660,12
24661,12
24662,1
24663,1
24664,1
24665,1
24666,1
24667,1
24671,4
24672,4
24673,4
24674,4
24675,4
24676,4
24677,4
24678,4
24679,4
24680,4
24681,4
24682,3
24683,3
24684,1
24685,1
24686,1
24687,1
24688,1
24689,1
24690,1
24691,1
24692,1
24693,1
24694,1
24695,1
24697,1
24698,1
24699,1
24700,1
24701,1
24702,1
24703,1
24704,1
24705,1
24706,1
24707,1
24708,1
24709,1
24710,3
24711,3
24712,3
24713,3
24714,1
24715,1
24717,1
24718,1
24719,1
24720,1
24721,1
24722,1
24723,1
24724,1
24725,1
24726,1
24727,1
24728,1
24729,1
24730,1
24731,1
24732,1
24733,1
24734,1
24735,1
24736,1
24737,1
24738,1
24739,1
24740,1
24741,4
24742,1
24743,3
24744,4
24745,12
24746,1
24747,1
24748,3
24749,3
24750,1
24751,1
24752,1
24753,1
24754,1
24755,1
24756,3
24757,3
24758,1
24759,1
24760,1
24761,1
24762,1
24763,1
24764,1
24765,1
24766,1
24767,1
24768,1
24769,1
24770,1
24771,1
24772,1
24773,1
24774,1
24775,1
24776,1
24777,1
24778,1
24779,1
24780,1
24781,1
24782,1
24783,1
24784,1
24785,1
24786,1
24787,1
24790,3
24792,3
24793,1
24794,1
24795,3
24796,3
24798,3
24799,3
24800,3
24801,3
24802,3
24804,12
24805,12
24807,1
24808,1
24809,1
24810,1
24811,1
24812,1
24813,1
24814,1
24815,3
24816,4
24817,4
24823,3
24824,1
24825,3
24826,3
24827,3
24828,3
24829,3
24830,3
24831,3
24832,3
24833,3
24834,3
24835,3
24845,3
24848,12
24849,12
24850,12
24851,12
24852,1
24854,1
24855,1
24856,4
24857,4
24858,4
24859,4
24861,1
24862,1
24863,1
24864,4
24865,1
24866,1
24868,4
24869,4
24871,4
24873,4
24874,4
24875,1
24878,1
24879,1
24880,1
24897,4
24898,4
24899,4
24900,4
24901,4
24902,4
24903,4
24904,4
24905,1
24906,1
24907,1
24910,1
24911,1
24912,3
24913,1
24914,3
24915,3
24916,3
24917,3
24918,3
24919,3
24920,4
24921,1
24924,4
24925,4
24926,1
24927,1
24928,1
24929,4
24930,4
24931,1
24932,1
24933,1
24934,1
24937,4
24938,1
24939,1
24940,4
24941,1
24942,4
24943,1
24944,1
24945,4
24946,4
24947,1
24948,1
24949,1
24950,1
24951,1
24952,4
24953,1
24954,4
24955,1
24956,1
24957,1
24958,4
24959,1
24960,1
24961,1
24962,1
24963,1
24964,1
24965,1
24966,1
24967,1
24968,1
24969,1
24970,1
24971,1
24972,1
24973,1
24974,1
24975,1
24976,1
24977,1
24978,1
24979,1
24980,1
24981,1
24982,1
24983,1
24988,1
24989,1
24990,1
24991,1
24992,1
24993,1
24994,1
24995,1
24996,1
24997,1
24998,1
24999,1
25000,1
25001,1
25002,1
25003,1
25004,1
25005,1
25006,1
25007,1
25008,1
25009,1
25010,1
25011,1
25012,1
25013,1
25014,1
25015,1
25016,1
25017,1
25018,1
25019,1
25020,1
25021,1
25022,1
25023,4
25024,4
25025,1
25026,1
25027,1
25028,1
25029,1
25030,1
25031,1
25032,1
25034,1
25035,1
25036,1
25037,1
25038,1
25039,1
25040,1
25041,1
25042,1
25043,1
25044,1
25045,1
25046,1
25047,1
25048,1
25049,1
25050,1
25051,1
25052,1
25053,1
25054,1
25055,1
25056,1
25057,1
25058,4
25059,1
25060,1
25061,1
25062,1
25063,1
25064,1
25065,1
25066,4
25067,1
25068,1
25069,1
25070,1
25071,1
25072,1
25073,1
25074,1
25075,1
25079,1
25080,1
25081,1
25082,1
25084,1
25085,1
25086,1
25087,1
25089,1
25090,1
25091,1
25092,4
25093,4
25094,1
25095,1
25097,4
25098,4
25099,4
25100,4
25101,1
25102,1
25103,1
25104,1
25105,4
25106,1
25107,1
25108,1
25109,4
25110,4
25111,1
25112,1
25115,1
25117,1
25118,1
25120,1
25121,1
25122,4
25123,4
25125,4
25126,1
25127,1
25128,1
25129,1
25130,1
25131,1
25132,1
25133,1
25134,1
25135,1
25136,1
25145,1
25147,1
25149,1
25151,1
25152,1
25153,1
25154,4
25155,4
25156,4
25157,4
25158,4
25159,4
25160,4
25161,4
25162,4
25163,1
25164,4
25165,1
25166,1
25167,1
25168,1
25169,1
25170,1
25171,1
25172,1
25173,1
25174,1
25175,1
25176,1
25177,1
25178,1
25179,1
25180,4
25181,4
25182,1
25183,1
25184,4
25185,1
25186,1
25187,1
25188,1
25189,1
25190,1
25191,1
25192,1
25193,1
25194,1
25195,1
25196,1
25197,1
25198,1
25199,4
25200,4
25201,4
25202,4
25203,4
25204,4
25205,1
25206,1
25207,4
25208,1
25209,1
25210,1
25211,1
25212,4
25213,4
25214,4
25215,4
25216,4
25217,4
25218,4
25219,4
25220,4
25221,4
25222,4
25223,4
25224,4
25226,1
25227,1
25228,4
25229,4
25230,1
25232,1
25233,4
25234,4
25235,1
25236,1
25237,1
25238,3
25239,3
25240,3
25241,1
25242,3
25243,4
25244,4
25245,3
25250,1
25251,4
25252,1
25253,1
25255,4
25256,1
25257,1
25258,1
25259,1
25260,1
25261,1
25262,1
25263,1
25264,1
25265,4
25266,1
25267,4
25268,4
25269,4
25270,4
25271,4
25272,4
25273,4
25274,4
25275,1
25276,4
25277,4
25278,4
25279,4
25280,4
25281,4
25283,4
25284,1
25285,4
25286,4
25287,4
25289,4
25291,4
25292,1
25294,4
25295,4
25296,4
25297,4
25298,4
25299,4
25300,4
25301,4
25303,4
25304,1
25305,1
25306,4
25307,4
25308,4
25309,4
25310,4
25311,4
25312,4
25314,4
25315,4
25316,4
25317,4
25318,4
25319,4
25320,4
25321,4
25322,4
25323,4
25324,4
25325,4
25326,4
25327,4
25328,4
25329,1
25330,4
25331,4
25332,4
25333,1
25334,4
25335,1
25336,1
25337,1
25338,1
25339,1
25340,1
25341,1
25342,1
25344,1
25345,1
25346,1
25349,1
25350,1
25351,4
25352,4
25353,4
25354,4
25355,4
25356,1
25357,4
25358,4
25359,4
25360,4
25361,1
25362,1
25363,1
25364,1
25365,1
25366,1
25367,1
25368,1
25369,1
25370,4
25371,4
25372,4
25373,1
25374,1
25375,1
25376,4
25377,4
25378,1
25379,1
25381,4
25382,4
25383,1
25384,4
25385,4
25386,1
25387,1
25388,4
25389,4
25390,4
25391,1
25392,4
25393,4
25394,1
25395,1
25396,1
25397,1
25398,1
25399,1
25400,1
25401,1
25402,1
25403,1
25404,4
25405,4
25406,1
25407,1
25408,4
25409,1
25410,1
25411,4
25412,4
25413,4
25419,4
25420,1
25421,1
25422,1
25423,1
25424,4
25426,1
25427,1
25428,4
25429,1
25430,4
25431,1
25432,1
25433,1
25434,1
25435,4
25436,1
25437,1
25438,1
25439,4
25440,4
25441,4
25442,4
25443,4
25444,4
25445,4
25446,4
25447,1
25448,1
25449,1
25450,1
25451,1
25452,1
25453,1
25454,1
25455,4
25456,4
25458,1
25459,4
25460,4
25461,4
25462,4
25463,1
25464,4
25465,1
25466,1
25467,4
25468,1
25469,1
25470,4
25471,4
25472,4
25473,4
25474,4
25475,1
25476,1
25477,4
25478,1
25479,1
25480,4
25481,1
25486,1
25487,1
25488,1
25489,1
25490,4
25491,4
25492,4
25493,4
25494,4
25495,4
25496,4
25497,4
25499,4
25500,4
25501,4
25502,4
25503,4
25504,1
25505,1
25506,4
25507,4
25509,4
25510,4
25513,1
25514,4
25515,1
25516,1
25517,1
25518,1
25519,4
25520,4
25521,1
25522,1
25523,4
25524,1
25525,4
25526,1
25531,4
25532,1
25533,1
25534,1
25535,4
25536,4
25537,4
25538,4
25539,4
25540,4
25541,1
25542,1
25543,1
25544,4
25545,4
25546,4
25547,4
25548,4
25549,4
25550,4
25551,4
25552,4
25553,4
25554,4
25555,4
25556,1
25558,4
25559,1
25560,4
25561,1
25562,1
25564,4
25565,1
25566,1
25571,4
25574,4
25575,4
25576,4
25577,4
25578,4
25579,4
25580,4
25581,4
25582,4
25583,4
25584,4
25585,1
25586,1
25587,4
25588,1
25589,1
25590,1
25591,1
25592,4
25593,4
25594,4
25595,4
25596,1
25597,4
25598,4
25599,4
25600,4
25601,4
25602,4
25607,1
25608,4
25609,1
25610,1
25611,4
25612,4
25613,1
25614,1
25615,1
25616,1
25617,4
25618,4
25619,4
25620,4
25621,1
25622,1
25623,4
25624,4
25626,4
25627,1
25628,1
25629,4
25630,4
25631,4
25632,4
25633,4
25634,4
25635,4
25637,4
25638,4
25639,12
25640,1
25641,1
25642,1
25643,1
25644,4
25645,1
25646,1
25647,1
25648,1
25649,1
25650,1
25651,4
25652,1
25653,4
25654,1
25655,4
25656,4
25657,4
25658,4
25659,4
25660,1
25661,1
25662,1
25663,4
25664,4
25665,4
25666,4
25667,1
25668,1
25669,1
25670,4
25671,1
25672,1
25673,1
25674,1
25675,1
25676,1
25677,1
25678,1
25679,1
25680,1
25681,1
25682,1
25683,1
25684,1
25685,1
25686,1
25687,1
25688,1
25689,1
25690,1
25691,1
25692,1
25693,1
25694,1
25695,1
25696,1
25697,1
25698,1
25699,1
25700,1
25701,1
25702,1
25703,1
25704,1
25705,1
25706,1
25707,1
25708,1
25709,1
25710,1
25711,1
25712,1
25713,1
25714,1
25715,1
25716,1
25717,1
25718,1
25719,1
25720,1
25721,1
25722,1
25723,1
25724,1
25725,1
25726,1
25727,1
25728,1
25729,1
25730,1
25731,4
25732,4
25733,1
25734,1
25735,1
25736,1
25737,4
25739,1
25740,4
25741,1
25743,4
25744,1
25745,1
25746,4
25747,4
25748,4
25749,4
25751,4
25752,4
25753,4
25754,4
25755,4
25756,1
25757,1
25758,4
25760,4
25761,4
25762,1
25763,4
25764,4
25765,1
25766,1
25767,1
25768,1
25769,1
25770,1
25771,1
25772,1
25773,4
25774,1
25775,1
25776,4
25777,1
25778,1
25779,1
25780,1
25789,1
25790,1
25791,1
25792,1
25793,1
25794,4
25795,4
25796,1
25797,1
25798,1
25799,1
25800,1
25801,1
25802,1
25803,1
25804,1
25805,1
25806,1
25807,4
25808,1
25809,1
25810,4
25811,1
25812,4
25813,1
25814,1
25815,1
25816,1
25817,1
25818,1
25819,1
25820,1
25821,1
25822,1
25823,1
25824,4
25825,1
25826,1
25829,4
25830,4
25832,4
25834,1
25835,1
25836,1
25837,1
25838,1
25839,1
25840,1
25841,1
25842,4
25843,4
25844,1
25845,1
25846,1
25847,1
25848,1
25849,1
25850,1
25851,1
25852,1
25853,1
25854,1
25855,1
25856,1
25857,1
25858,4
25859,4
25860,4
25861,4
25862,4
25863,4
25864,1
25865,1
25866,1
25867,1
25868,1
25869,1
25870,1
25871,1
25872,1
25873,1
25874,1
25875,1
25876,1
25877,1
25878,1
25879,1
25880,1
25881,4
25882,1
25883,4
25884,4
25885,4
25886,4
25887,4
25888,4
25889,1
25890,4
25891,1
25892,4
25893,4
25894,4
25895,4
25896,4
25897,4
25898,4
25899,4
25900,4
25901,4
25904,4
25905,1
25906,4
25907,4
25908,4
25909,4
25910,4
25911,4
25912,1
25913,1
25914,1
25915,4
25916,4
25917,4
25918,4
25919,4
25920,4
25921,4
25922,4
25923,4
25924,4
25925,1
25926,1
25927,1
25928,4
25929,4
25930,1
25931,1
25932,1
25933,1
25934,1
25935,1
25936,4
25937,1
25938,1
25939,1
25940,4
25941,4
25942,4
25943,4
25944,4
25945,1
25946,4
25947,4
25948,4
25949,4
25950,4
25951,4
25952,4
25953,4
25954,4
25955,4
25956,4
25957,4
25958,4
25959,4
25960,4
25962,4
25963,4
25964,4
25965,4
25966,4
25967,4
25968,4
25969,4
25970,4
25971,4
25972,4
25973,4
25974,4
25975,4
25976,4
25977,4
25978,1
25979,1
25980,4
25981,4
25982,4
25983,4
25984,4
25985,4
25986,1
25987,4
25988,4
25989,4
25990,4
25991,4
25992,4
25993,4
25994,4
25995,4
25996,4
25997,1
25998,1
25999,1
26000,4
26001,1
26002,1
26003,1
26004,1
26005,4
26006,4
26007,4
26008,4
26009,1
26010,1
26011,1
26012,3
26013,3
26014,4
26015,4
26016,4
26017,4
26018,4
26019,4
26020,1
26021,4
26022,1
26023,1
26024,1
26025,1
26026,1
26027,1
26028,1
26029,1
26030,1
26031,1
26032,1
26033,1
26034,3
26035,1
26036,1
26037,1
26038,1
26039,1
26040,4
26041,1
26042,1
26043,1
26044,1
26045,1
26046,1
26047,1
26048,1
26049,1
26050,1
26051,1
26052,1
26053,1
26054,4
26055,1
26056,4
26057,4
26058,1
26059,1
26060,1
26061,1
26062,1
26063,1
26064,1
26065,4
26066,1
26067,1
26068,1
26069,1
26070,4
26071,4
26072,4
26073,1
26074,1
26075,1
26076,1
26077,1
26078,1
26079,1
26080,4
26081,1
26082,1
26083,1
26084,1
26085,1
26086,4
26087,4
26088,4
26089,4
26090,4
26091,4
26092,4
26093,1
26094,1
26095,1
26096,4
26097,1
26098,1
26099,1
26100,1
26101,1
26102,1
26103,4
26105,4
26106,4
26107,1
26108,1
26109,1
26110,1
26111,4
26112,1
26113,1
26114,1
26115,1
26116,1
26117,1
26118,1
26119,1
26120,1
26121,4
26122,4
26123,4
26124,4
26125,4
26126,4
26127,1
26128,1
26129,4
26130,4
26131,1
26132,4
26133,4
26134,1
26135,4
26136,1
26137,1
26138,1
26139,1
26140,4
26141,4
26142,4
26143,4
26144,4
26145,1
26146,1
26147,1
26148,1
26149,4
26150,1
26152,1
26153,12
26154,4
26157,1
26158,1
26159,1
26160,1
26161,1
26162,1
26163,1
26164,1
26165,1
26166,1
26167,1
26168,1
26169,1
26170,1
26171,1
26172,1
26173,1
26174,1
26175,1
26176,1
26177,12
26178,1
26179,1
26180,1
26181,4
26182,4
26183,12
26184,1
26185,1
26186,1
26187,1
26188,1
26189,1
26190,12
26191,4
26192,12
26193,4
26194,4
26195,1
26196,1
26197,1
26199,1
26202,1
26203,1
26204,1
26205,1
26206,1
26207,1
26208,1
26209,1
26210,1
26211,1
26212,1
26213,1
26214,1
26215,1
26219,4
26220,12
26221,4
26222,1
26223,1
26224,1
26225,1
26226,12
26227,12
26228,1
26229,1
26230,1
26232,1
26233,12
26234,12
26235,12
26236,1
26237,1
26238,1
26239,1
26240,1
26241,1
26242,4
26243,4
26244,4
26245,4
26246,4
26247,4
26248,4
26249,4
26250,4
26251,4
26252,1
26254,4
26255,4
26256,4
26257,1
26258,4
26259,4
26260,4
26261,4
26262,1
26263,1
26264,1
26265,1
26266,1
26267,1
26268,1
26269,1
26270,1
26271,1
26272,1
26273,1
26274,1
26275,1
26276,1
26277,1
26278,1
26279,1
26280,1
26281,1
26282,1
26283,1
26284,1
26285,1
26286,1
26287,1
26288,1
26289,1
26290,1
26291,1
26292,1
26293,4
26294,4
26295,1
26296,1
26297,1
26298,1
26299,1
26300,1
26301,1
26302,1
26303,1
26304,1
26305,1
26306,1
26307,1
26308,1
26309,1
26310,1
26311,4
26312,4
26313,4
26314,4
26315,4
26316,1
26317,1
26318,1
26319,1
26320,1
26321,1
26322,1
26323,1
26324,4
26325,1
26326,4
26327,1
26328,4
26329,1
26330,1
26331,1
26332,1
26333,1
26334,1
26335,4
26336,1
26337,4
26338,1
26339,1
26340,1
26341,1
26342,1
26343,1
26344,1
26345,1
26346,1
26347,1
26348,1
26349,1
26350,1
26351,1
26352,1
26353,1
26354,1
26355,1
26356,1
26357,1
26358,4
26359,1
26360,1
26361,4
26362,1
26363,1
26364,1
26365,1
26366,1
26367,1
26368,1
26369,1
26370,1
26371,1
26372,4
26373,1
26374,4
26375,4
26376,4
26377,4
26378,1
26379,1
26380,1
26381,1
26382,1
26383,1
26384,1
26385,1
26386,1
26387,1
26388,4
26389,1
26390,1
26391,1
26393,1
26394,1
26395,1
26396,1
26397,1
26398,1
26399,1
26400,1
26401,1
26402,1
26403,1
26404,1
26405,1
26406,1
26407,1
26408,1
26409,4
26410,4
26411,4
26412,1
26413,4
26414,12
26415,1
26416,1
26417,1
26418,1
26419,1
26420,12
26421,1
26422,1
26423,1
26424,1
26425,1
26426,4
26427,4
26428,1
26429,1
26430,1
26432,1
26433,1
26434,1
26435,1
26436,4
26437,4
26438,4
26439,4
26440,4
26441,4
26442,12
26443,1
26444,1
26445,1
26446,1
26447,1
26448,1
26449,1
26450,1
26451,1
26452,1
26453,1
26454,1
26455,1
26456,1
26457,1
26459,1
26462,1
26463,1
26464,1
26465,1
26466,1
26467,1
26468,1
26469,1
26470,1
26472,1
26473,1
26474,1
26475,1
26476,1
26477,1
26478,1
26479,1
26480,1
26481,1
26482,1
26483,1
26484,4
26485,1
26486,1
26487,1
26488,12
26489,1
26490,1
26491,1
26492,1
26493,1
26494,1
26495,1
26496,1
26497,1
26498,1
26499,4
26500,4
26501,4
26502,4
26503,1
26504,1
26505,1
26506,1
26507,4
26508,1
26509,1
26510,1
26511,1
26512,1
26513,1
26514,1
26515,1
26516,1
26517,1
26518,1
26519,1
26520,1
26521,1
26522,1
26523,1
26524,1
26525,1
26526,1
26527,1
26528,1
26529,1
26530,1
26531,1
26532,1
26533,1
26534,1
26535,1
26536,12
26537,4
26538,4
26539,4
26540,4
26542,1
26543,12
26544,1
26545,1
26546,1
26547,1
26548,1
26549,4
26550,1
26551,1
26552,1
26553,1
26554,1
26555,1
26556,12
26557,12
26558,1
26559,1
26560,1
26561,1
26562,1
26563,1
26564,4
26566,1
26567,1
26568,1
26569,1
26570,1
26571,1
26572,12
26573,1
26574,1
26575,4
26576,4
26577,4
26578,4
26579,4
26580,4
26581,4
26582,4
26583,4
26584,4
26585,4
26586,1
26587,1
26588,12
26589,1
26590,1
26591,4
26592,1
26593,1
26594,1
26595,1
26596,1
26597,1
26598,1
26599,1
26600,1
26601,1
26602,1
26603,1
26604,1
26605,1
26606,1
26607,1
26608,4
26609,1
26610,1
26611,1
26612,1
26613,1
26614,1
26616,1
26617,1
26618,1
26619,4
26620,1
26621,4
26622,4
26623,1
26624,1
26625,4
26627,1
26628,1
26629,1
26630,1
26631,1
26632,4
26633,1
26634,1
26635,1
26636,1
26637,1
26638,1
26639,1
26640,1
26641,1
26642,1
26643,1
26644,1
26645,1
26646,1
26647,1
26648,1
26649,1
26650,1
26651,1
26652,1
26653,1
26654,1
26655,1
26656,4
26657,4
26658,4
26659,4
26660,1
26661,1
26662,1
26663,1
26664,1
26665,1
26666,1
26667,1
26668,1
26669,1
26670,1
26671,1
26672,1
26673,1
26674,1
26675,1
26676,1
26677,1
26678,1
26679,1
26680,1
26681,1
26682,1
26683,1
26684,1
26685,1
26686,1
26687,1
26688,1
26689,1
26690,1
26691,1
26692,1
26693,1
26694,1
26695,1
26696,1
26697,1
26698,1
26699,1
26700,1
26701,1
26702,1
26703,1
26704,1
26705,4
26706,4
26707,1
26708,1
26709,4
26710,4
26711,4
26712,4
26713,1
26714,1
26715,1
26717,1
26719,1
26720,1
26721,1
26722,1
26723,1
26724,1
26725,1
26726,1
26727,1
26728,1
26729,1
26730,1
26731,1
26732,1
26733,1
26734,1
26735,1
26736,1
26737,1
26738,1
26739,1
26740,1
26741,1
26742,1
26743,1
26744,1
26745,1
26746,1
26747,1
26748,1
26749,1
26750,4
26751,1
26752,4
26753,1
26754,1
26755,4
26760,1
26761,1
26762,4
26763,1
26764,1
26765,1
26766,4
26767,4
26768,4
26769,1
26770,4
26771,4
26772,1
26773,1
26774,1
26775,1
26776,1
26777,1
26778,1
26779,1
26780,1
26781,1
26782,1
26783,1
26784,4
26785,1
26786,4
26787,1
26788,4
26789,4
26791,4
26792,4
26793,1
26794,1
26795,1
26796,1
26797,1
26798,4
26799,1
26800,1
26801,1
26802,1
26803,1
26804,1
26805,1
26806,1
26807,1
26808,1
26809,1
26810,1
26811,1
26812,1
26813,1
26814,1
26815,1
26816,1
26817,1
26818,1
26819,1
26820,1
26821,1
26822,1
26823,1
26824,1
26825,1
26826,1
26827,4
26828,4
26829,4
26830,4
26831,4
26832,4
26833,4
26834,4
26835,4
26836,4
26837,1
26838,1
26839,1
26840,4
26841,1
26842,1
26843,1
26844,1
26845,1
26846,1
26847,1
26848,1
26849,1
26850,1
26851,1
26852,1
26853,1
26854,1
26855,1
26856,1
26857,4
26858,1
26859,1
26860,1
26861,4
26862,1
26863,1
26864,1
26865,1
26866,1
26867,1
26868,1
26869,4
26870,1
26871,4
26872,1
26873,1
26874,1
26875,4
26876,4
26877,1
26878,1
26879,1
26880,1
26881,1
26886,1
26887,1
26889,1
26890,1
26893,1
26894,1
26895,1
26896,1
26897,1
26898,1
26900,1
26901,1
26902,1
26903,1
26904,1
26905,1
26906,1
26907,1
26908,1
26909,1
26911,1
26912,1
26919,1
26920,1
26921,1
26922,1
26923,1
26924,1
26925,1
26926,1
26927,1
26928,1
26929,1
26930,1
26931,1
26932,1
26933,1
26934,1
26935,1
26936,1
26937,1
26938,1
26939,1
26940,1
26941,1
26942,1
26943,1
26944,1
26945,1
26951,1
26952,1
26953,1
26954,1
26955,1
26956,1
26957,1
26960,1
26961,1
26964,1
26965,1
26969,4
26970,4
26971,4
26977,1
26978,1
26979,1
26980,1
26981,1
26988,1
26989,1
26990,4
26992,1
26995,1
26997,1
26998,1
26999,1
27000,1
27001,1
27002,1
27003,4
27004,4
27005,4
27006,4
27007,4
27008,4
27010,4
27011,1
27012,1
27013,1
27016,1
27017,1
27018,1
27025,1
27026,1
27027,1
27028,1
27030,1
27031,1
27032,1
27033,1
27034,1
27035,1
27036,1
27037,1
27038,1
27039,1
27040,4
27041,4
27042,4
27043,4
27044,1
27045,1
27046,4
27047,4
27048,4
27049,4
27050,4
27051,4
27053,1
27054,1
27055,1
27056,1
27057,1
27058,4
27059,4
27060,4
27061,4
27062,1
27063,1
27065,1
27068,1
27069,1
27070,1
27071,1
27072,1
27073,1
27074,1
27075,1
27076,1
27077,1
27078,1
27079,1
27080,1
27081,1
27082,1
27083,1
27084,1
27085,1
27086,1
27087,1
27088,1
27089,1
27090,1
27091,1
27092,1
27093,1
27094,1
27095,1
27096,1
27097,1
27098,1
27099,1
27100,4
27101,4
27102,4
27103,1
27104,1
27105,1
27106,1
27107,1
27108,1
27109,1
27110,1
27111,1
27112,1
27113,1
27114,1
27115,1
27116,1
27117,1
27118,1
27119,1
27120,1
27122,4
27123,4
27124,1
27125,1
27126,4
27127,4
27128,1
27129,1
27130,1
27131,1
27132,1
27133,1
27134,1
27135,4
27136,4
27137,4
27138,4
27139,4
27141,4
27144,1
27149,1
27150,1
27151,1
27152,1
27153,1
27154,1
27155,1
27156,1
27157,1
27158,1
27159,1
27160,1
27161,1
27162,1
27163,1
27164,1
27165,1
27166,1
27167,1
27168,1
27169,1
27170,1
27171,1
27172,1
27173,1
27174,1
27175,1
27176,4
27177,4
27178,4
27179,4
27180,1
27181,1
27182,1
27183,1
27184,1
27185,1
27186,1
27187,4
27188,1
27189,1
27190,1
27191,1
27192,1
27193,1
27194,1
27195,1
27196,4
27197,1
27198,1
27199,1
27200,4
27201,1
27202,1
27203,4
27204,1
27205,1
27206,1
27207,4
27208,1
27209,4
27210,1
27211,1
27212,1
27213,1
27214,1
27215,1
27216,1
27217,1
27218,1
27219,1
27220,1
27221,1
27222,1
27223,1
27224,1
27225,1
27226,1
27227,1
27228,1
27229,1
27230,1
27231,1
27232,1
27233,1
27234,1
27235,1
27236,1
27237,1
27238,1
27239,1
27240,1
27241,1
27242,1
27243,1
27244,1
27245,1
27246,1
27247,1
27248,1
27249,1
27250,1
27251,1
27252,1
27253,1
27254,1
27255,1
27256,1
27257,1
27258,1
27259,1
27260,1
27261,1
27262,1
27263,1
27264,1
27265,1
27266,1
27267,1
27268,1
27269,1
27270,1
27271,1
27272,1
27273,1
27274,1
27275,1
27276,1
27277,1
27278,1
27279,1
27280,1
27281,1
27282,1
27283,1
27284,1
27285,1
27286,1
27287,1
27288,1
27289,1
27290,1
27291,1
27292,1
27293,1
27294,1
27295,1
27296,1
27297,1
27298,1
27299,4
27300,4
27301,4
27302,4
27303,4
27304,1
27305,1
27306,1
27310,1
27311,1
27312,1
27313,1
27314,1
27315,1
27316,1
27317,1
27318,1
27319,1
27320,1
27321,1
27322,1
27323,1
27324,1
27325,1
27326,1
27327,1
27328,1
27329,1
27330,1
27331,1
27332,1
27333,1
27334,1
27335,1
27336,1
27337,1
27338,4
27339,1
27340,1
27341,4
27342,1
27343,1
27344,1
27345,1
27346,1
27347,1
27348,1
27349,1
27350,1
27351,1
27352,1
27353,1
27354,1
27355,1
27356,1
27357,1
27358,1
27359,1
27360,1
27361,1
27362,1
27363,1
27364,1
27365,1
27366,4
27367,1
27368,1
27369,1
27370,1
27371,1
27372,1
27373,1
27374,4
27375,4
27376,4
27377,4
27378,4
27379,4
27380,4
27381,1
27382,1
27383,1
27384,1
27385,1
27386,1
27387,1
27388,1
27389,1
27390,1
27391,1
27392,1
27393,4
27394,4
27395,1
27396,1
27397,1
27398,4
27399,4
27400,1
27401,1
27402,1
27403,1
27404,1
27405,1
27406,1
27407,1
27408,1
27409,1
27410,1
27411,1
27412,1
27413,1
27414,1
27415,1
27416,1
27417,1
27418,1
27419,1
27420,1
27421,1
27422,1
27423,1
27424,1
27425,1
27426,1
27427,1
27428,1
27429,1
27430,1
27431,4
27432,1
27433,4
27434,1
27435,1
27436,1
27437,1
27438,1
27439,1
27440,1
27441,1
27442,4
27443,4
27446,1
27447,1
27448,1
27449,1
27450,1
27451,1
27452,1
27453,1
27454,1
27455,1
27456,1
27457,1
27458,1
27459,1
27460,1
27461,1
27462,1
27463,1
27464,1
27465,1
27466,1
27467,1
27468,4
27469,1
27470,1
27471,1
27472,1
27473,4
27474,1
27475,1
27476,1
27477,1
27478,1
27479,1
27480,1
27481,1
27482,1
27483,1
27484,1
27485,4
27486,4
27487,1
27488,1
27489,1
27490,4
27491,4
27492,4
27493,4
27494,4
27495,4
27496,4
27497,4
27498,4
27499,4
27500,4
27501,4
27502,4
27503,4
27504,4
27505,4
27506,4
27507,4
27508,4
27509,4
27510,1
27511,4
27512,1
27513,1
27514,4
27515,4
27516,4
27517,4
27518,1
27519,4
27520,4
27521,1
27522,1
27523,1
27524,1
27525,1
27526,1
27527,1
27528,1
27529,1
27530,1
27531,1
27532,1
27533,1
27534,1
27535,1
27536,1
27537,4
27538,4
27539,1
27540,4
27541,4
27542,1
27543,1
27544,1
27545,4
27546,4
27547,1
27548,1
27549,4
27550,1
27551,1
27552,1
27553,1
27554,1
27555,1
27556,1
27557,1
27558,1
27559,1
27560,1
27561,1
27562,1
27563,4
27564,4
27565,1
27566,4
27567,1
27568,1
27569,1
27570,4
27571,1
27572,4
27573,1
27574,1
27575,1
27576,4
27577,1
27578,1
27579,1
27580,1
27581,1
27582,1
27583,4
27584,4
27585,1
27586,4
27587,1
27588,4
27589,1
27590,4
27591,1
27592,1
27593,1
27594,1
27595,4
27596,1
27597,1
27598,1
27599,1
27600,1
27601,1
27602,4
27603,1
27604,1
27605,1
27606,4
27607,4
27608,4
27609,4
27610,4
27611,4
27612,1
27613,1
27614,1
27615,1
27616,1
27617,1
27618,1
27619,1
27620,1
27621,4
27622,4
27623,4
27624,4
27625,1
27626,1
27627,4
27628,4
27629,4
27630,4
27631,4
27632,4
27633,1
27635,1
27636,4
27637,4
27638,4
27639,4
27640,4
27641,4
27642,4
27643,4
27644,4
27645,4
27646,4
27647,4
27648,4
27649,4
27650,4
27651,4
27652,4
27653,4
27654,4
27655,4
27656,1
27657,4
27658,4
27659,4
27660,4
27661,4
27662,4
27663,1
27664,12
27665,12
27668,4
27669,4
27670,1
27671,1
27672,1
27673,1
27674,1
27675,1
27676,1
27677,1
27678,1
27679,1
27680,1
27681,1
27682,1
27683,1
27684,1
27685,4
27686,1
27687,4
27688,4
27689,4
27690,4
27691,1
27692,1
27693,1
27694,1
27695,4
27696,4
27697,1
27698,1
27699,4
27700,4
27701,4
27702,4
27703,4
27704,1
27705,1
27706,4
27707,4
27708,4
27709,1
27711,4
27712,4
27713,1
27714,1
27715,1
27716,4
27717,4
27718,4
27719,4
27720,4
27721,4
27722,4
27724,4
27725,1
27726,4
27727,4
27729,4
27733,1
27737,1
27738,4
27739,1
27740,1
27742,4
27743,4
27744,4
27745,4
27746,1
27747,4
27748,4
27750,4
27751,4
27752,4
27753,4
27754,4
27755,4
27756,1
27757,1
27758,1
27760,4
27761,4
27762,1
27763,1
27764,1
27765,1
27766,1
27768,1
27769,1
27770,1
27771,1
27772,1
27773,1
27774,1
27775,1
27776,1
27777,4
27778,4
27779,4
27781,1
27782,4
27783,4
27784,4
27785,1
27786,4
27787,4
27788,4
27789,1
27790,1
27791,1
27792,1
27793,1
27794,1
27795,1
27796,1
27797,1
27798,4
27803,4
27804,4
27805,4
27806,4
27807,4
27808,4
27809,4
27810,4
27811,4
27812,4
27813,4
27814,4
27815,4
27816,4
27817,4
27818,1
27819,1
27821,1
27822,1
27823,1
27824,1
27825,1
27826,1
27827,1
27828,1
27829,1
27830,1
27831,1
27832,1
27833,1
27834,1
27835,1
27836,4
27837,4
27838,4
27839,4
27840,1
27841,1
27842,1
27843,1
27844,1
27845,1
27846,12
27847,1
27848,1
27849,1
27850,1
27851,1
27852,1
27853,1
27854,1
27855,1
27856,1
27857,1
27858,1
27859,1
27860,1
27861,4
27862,4
27863,4
27864,4
27865,4
27866,4
27867,4
27868,4
27869,1
27870,1
27871,1
27872,1
27873,4
27874,4
27875,1
27876,1
27877,1
27878,1
27879,1
27880,1
27881,1
27882,1
27883,1
27884,1
27885,1
27886,1
27887,1
27888,1
27889,1
27890,1
27891,1
27892,1
27893,1
27894,1
27895,1
27896,1
27897,1
27898,1
27899,4
27900,4
27901,4
27902,1
27903,4
27904,1
27905,4
27906,1
27907,1
27908,1
27909,1
27910,1
27911,1
27912,1
27913,1
27914,1
27915,1
27916,1
27917,1
27918,1
27919,1
27920,1
27921,1
27922,4
27923,4
27924,4
27925,4
27926,4
27927,1
27928,4
27929,4
27930,1
27931,4
27932,4
27933,4
27934,4
27935,4
27936,4
27937,4
27938,4
27939,4
27940,4
27941,4
27942,4
27943,4
27944,4
27945,4
27946,4
27947,4
27948,4
27949,4
27950,4
27951,4
27952,4
27953,4
27954,4
27955,4
27956,1
27957,1
27958,1
27959,1
27960,1
27961,1
27962,1
27963,1
27964,1
27965,1
27966,4
27967,4
27968,1
27969,4
27970,4
27971,4
27972,4
27973,4
27974,1
27975,4
27976,1
27977,1
27978,4
27979,1
27980,1
27981,1
27982,1
27983,1
27984,1
27985,1
27986,1
27987,4
27988,1
27989,1
27990,4
27991,4
27992,4
27993,4
27994,1
27995,1
27996,1
27997,1
27998,1
27999,4
28000,1
28001,4
28002,4
28003,1
28004,1
28005,1
28006,1
28007,1
28008,1
28009,1
28010,1
28011,1
28012,1
28013,1
28014,1
28015,1
28017,1
28019,1
28021,1
28023,1
28024,1
28025,1
28026,1
28027,1
28028,1
28029,1
28030,1
28031,1
28032,1
28033,1
28034,1
28035,1
28036,1
28037,1
28038,4
28039,1
28040,1
28041,4
28042,1
28043,4
28044,1
28045,1
28046,4
28047,1
28048,1
28049,1
28050,4
28051,1
28052,1
28053,1
28054,1
28055,1
28056,1
28057,1
28058,1
28059,4
28060,1
28061,1
28062,1
28063,4
28064,1
28065,4
28066,1
28067,1
28068,1
28069,1
28070,1
28071,1
28072,1
28073,1
28074,1
28075,1
28076,1
28077,1
28078,1
28079,1
28080,1
28081,1
28082,1
28083,1
28084,1
28085,1
28086,1
28087,1
28088,1
28089,1
28090,4
28091,4
28092,4
28093,4
28094,4
28096,1
28097,4
28098,1
28099,1
28100,1
28101,4
28102,1
28103,4
28104,4
28105,4
28106,4
28107,4
28108,4
28109,4
28111,1
28112,4
28113,1
28114,1
28115,1
28116,1
28117,4
28118,4
28119,1
28120,4
28121,1
28122,4
28123,4
28124,1
28125,1
28126,1
28127,1
28128,1
28129,1
28130,4
28131,1
28132,4
28133,4
28134,4
28135,4
28136,1
28137,4
28138,1
28139,1
28140,1
28141,4
28142,1
28143,1
28144,1
28145,4
28146,1
28147,4
28148,1
28149,4
28150,1
28151,4
28152,1
28153,1
28154,1
28155,1
28156,1
28157,1
28158,1
28159,1
28160,1
28161,1
28162,4
28163,4
28164,1
28165,4
28166,4
28167,1
28168,1
28169,1
28170,4
28171,4
28172,1
28173,4
28174,1
28175,4
28176,4
28177,1
28178,1
28179,1
28180,1
28181,1
28182,1
28183,1
28184,1
28185,4
28186,4
28187,4
28188,4
28189,1
28190,1
28191,4
28192,1
28193,4
28194,4
28195,4
28196,1
28197,1
28198,4
28199,1
28200,4
28201,4
28202,1
28203,1
28204,1
28205,1
28206,1
28207,1
28208,1
28209,1
28210,4
28211,4
28212,4
28213,1
28214,1
28215,4
28216,4
28217,1
28218,1
28219,1
28220,1
28221,1
28222,1
28223,4
28224,1
28225,1
28226,1
28227,1
28228,1
28229,1
28230,1
28231,1
28232,4
28233,4
28234,4
28235,1
28237,1
28238,4
28239,1
28240,4
28241,4
28242,4
28243,4
28244,4
28245,1
28246,1
28247,4
28248,4
28249,4
28250,4
28251,1
28252,1
28253,1
28254,1
28255,4
28256,1
28257,1
28258,1
28259,1
28260,1
28261,1
28262,1
28263,1
28264,1
28265,1
28266,1
28267,4
28268,1
28269,4
28270,4
28271,4
28272,4
28273,4
28274,4
28275,4
28276,4
28277,4
28278,1
28279,1
28280,4
28281,4
28282,4
28283,1
28284,1
28285,1
28286,1
28287,1
28288,1
28289,1
28290,1
28291,4
28292,4
28293,4
28294,4
28295,4
28296,4
28297,1
28298,1
28299,1
28300,1
28301,1
28302,1
28303,1
28304,1
28305,1
28306,1
28307,1
28308,1
28309,1
28310,1
28311,1
28312,1
28313,1
28314,1
28315,1
28316,1
28317,1
28318,1
28319,1
28320,1
28321,1
28322,1
28323,1
28324,1
28325,1
28326,1
28327,1
28328,1
28329,1
28330,1
28331,1
28332,1
28333,1
28334,1
28335,1
28336,1
28337,1
28338,1
28339,1
28340,1
28341,1
28342,1
28343,1
28344,1
28345,1
28346,4
28347,1
28348,1
28349,4
28350,4
28351,4
28352,4
28353,4
28354,1
28355,1
28356,1
28357,1
28358,1
28359,1
28360,1
28361,1
28362,1
28363,4
28364,1
28365,1
28366,1
28367,4
28368,1
28369,4
28370,1
28371,1
28372,1
28373,1
28374,1
28375,1
28376,4
28377,4
28378,4
28379,4
28380,1
28381,1
28382,1
28383,1
28384,1
28385,1
28386,1
28387,1
28388,1
28389,1
28390,4
28391,4
28392,1
28393,1
28394,1
28395,1
28396,1
28397,1
28398,1
28399,1
28400,1
28401,1
28402,4
28403,4
28404,4
28405,1
28406,1
28407,4
28408,4
28409,4
28410,4
28411,4
28413,4
28414,4
28415,1
28416,1
28417,1
28418,1
28419,1
28420,1
28421,1
28422,1
28423,1
28424,1
28425,1
28426,1
28427,1
28428,1
28429,1
28430,1
28431,1
28432,1
28433,1
28434,1
28435,1
28436,1
28437,1
28438,1
28439,1
28440,1
28441,1
28442,1
28443,1
28444,1
28445,1
28446,1
28447,1
28448,1
28449,1
28450,1
28451,1
28452,1
28453,1
28454,1
28455,1
28456,1
28457,1
28458,1
28459,1
28460,1
28461,1
28462,1
28463,1
28464,1
28465,1
28466,1
28467,1
28469,1
28470,1
28471,1
28472,1
28473,1
28474,1
28475,1
28476,1
28477,1
28478,1
28479,1
28480,4
28481,4
28482,4
28483,4
28484,1
28485,1
28486,4
28487,1
28488,4
28489,1
28490,1
28491,1
28492,1
28493,1
28494,1
28495,1
28496,1
28497,4
28498,4
28499,4
28500,4
28501,4
28502,4
28503,1
28504,1
28505,1
28506,1
28507,1
28508,1
28509,1
28510,1
28511,1
28512,1
28513,1
28514,1
28515,1
28516,1
28517,1
28518,1
28519,1
28520,4
28521,1
28522,1
28523,1
28524,1
28525,1
28526,1
28527,1
28528,1
28529,1
28530,1
28531,1
28532,1
28533,4
28534,1
28535,1
28536,1
28537,1
28538,1
28539,1
28540,1
28542,1
28543,1
28544,1
28545,1
28548,1
28549,1
28550,1
28551,1
28552,1
28553,1
28554,1
28555,4
28556,1
28557,4
28558,4
28559,2
28560,2
28561,4
28562,1
28563,1
28564,1
28565,1
28566,1
28567,1
28568,1
28569,1
28570,1
28571,1
28572,1
28573,1
28574,1
28575,1
28576,1
28577,1
28578,1
28579,1
28580,1
28581,1
28582,1
28583,4
28584,4
28586,4
28587,1
28588,4
28589,4
28590,4
28591,4
28592,4
28593,4
28594,4
28595,4
28596,4
28597,4
28598,4
28599,4
28600,1
28601,1
28602,4
28603,1
28604,1
28605,1
28607,1
28608,1
28609,1
28610,1
28611,4
28612,4
28613,4
28614,1
28615,1
28616,1
28617,1
28618,1
28619,1
28620,1
28621,4
28622,4
28623,4
28624,1
28625,1
28626,1
28627,1
28628,1
28629,1
28630,1
28631,1
28632,1
28633,4
28634,1
28635,1
28636,1
28637,1
28638,1
28639,1
28640,1
28641,1
28642,1
28643,1
28644,1
28645,1
28646,1
28647,1
28648,3
28649,3
28650,3
28651,1
28652,1
28653,1
28654,4
28655,4
28656,1
28657,4
28658,4
28659,4
28660,4
28661,4
28662,4
28663,4
28664,4
28665,4
28666,1
28667,1
28668,4
28669,4
28670,4
28671,1
28672,1
28673,1
28674,1
28675,1
28676,1
28677,1
28678,4
28679,4
28680,4
28681,4
28682,4
28683,4
28684,4
28685,4
28686,4
28687,4
28688,1
28689,4
28690,4
28691,4
28692,4
28693,4
28694,4
28695,4
28696,4
28697,4
28698,4
28699,1
28700,4
28701,1
28702,1
28703,1
28704,1
28705,2
28706,1
28707,1
28708,2
28709,3
28710,1
28711,3
28712,4
28713,1
28714,1
28715,1
28716,4
28717,4
28718,1
28719,1
28721,4
28722,1
28723,1
28724,1
28725,1
28726,1
28727,1
28728,1
28729,1
28730,1
28731,1
28732,4
28733,1
28734,1
28735,4
28736,4
28737,4
28738,4
28739,4
28740,4
28741,4
28742,1
28743,4
28744,1
28745,1
28746,4
28747,1
28748,1
28749,1
28750,1
28751,1
28752,1
28753,4
28755,1
28756,1
28757,1
28758,4
28759,1
28760,4
28761,1
28762,1
28763,1
28764,1
28765,1
28766,1
28767,1
28768,1
28769,1
28770,1
28771,1
28772,1
28773,1
28774,1
28775,1
28776,1
28777,1
28778,1
28779,4
28780,1
28781,4
28782,1
28783,4
28784,1
28785,1
28786,1
28787,1
28788,1
28789,1
28790,4
28791,1
28792,1
28793,1
28794,1
28795,1
28796,1
28797,1
28798,4
28799,4
28800,4
28801,4
28802,4
28803,4
28804,4
28805,4
28806,1
28807,1
28808,1
28809,1
28810,1
28811,1
28812,1
28813,1
28814,4
28815,4
28816,4
28817,1
28818,1
28819,1
28820,1
28821,1
28822,1
28823,1
28824,4
28825,4
28826,4
28827,4
28828,1
28829,1
28830,1
28831,1
28832,4
28833,4
28834,4
28836,4
28837,1
28838,1
28839,1
28840,1
28841,1
28842,1
28843,4
28845,4
28846,1
28847,1
28848,1
28849,4
28850,4
28852,4
28853,4
28854,4
28855,1
28856,1
28857,1
28858,1
28859,1
28860,4
28861,4
28862,4
28863,4
28864,4
28865,1
28866,4
28867,1
28868,1
28869,4
28870,4
28871,4
28872,4
28873,4
28874,4
28875,4
28876,1
28877,1
28878,12
28879,12
28880,1
28881,1
28882,4
28884,4
28885,4
28886,4
28887,4
28888,4
28889,4
28890,4
28895,4
28901,4
28903,4
28904,4
28907,4
28909,4
28910,4
28911,4
28912,4
28913,4
28914,4
28915,4
28916,4
28917,4
28918,4
28919,4
28920,4
28921,4
28922,4
28923,4
28924,4
28925,4
28926,4
28927,4
28928,4
28929,4
28930,12
28931,12
28932,12
28933,12
28934,12
28935,12
28936,12
28937,12
28938,12
28939,12
28940,12
28943,12
28944,12
28945,12
28946,12
28947,12
28948,12
28949,12
28950,12
28951,12
28952,12
28953,12
28954,12
28955,12
28956,12
28957,12
28958,12
28959,12
28960,12
28961,12
28962,12
28963,12
28964,12
28965,12
28966,12
28967,12
28968,12
28969,12
28970,12
28971,12
28972,12
28973,12
28974,12
28975,12
28976,12
28977,12
28978,12
28979,12
28980,12
28981,12
28982,12
28983,12
28984,12
28985,12
28986,12
28987,12
28988,12
28989,12
28990,12
28991,12
28992,12
28993,12
28994,12
28995,12
28996,12
28998,12
28999,12
29000,12
29001,12
29002,12
29003,12
29004,12
29005,12
29006,12
29007,12
29008,12
29009,12
29010,12
29011,12
29012,12
29013,12
29014,12
29015,1
29016,12
29017,12
29018,12
29019,12
29020,12
29021,1
29022,1
29023,1
29024,1
29026,1
29027,1
29028,1
29029,1
29030,12
29031,12
29032,1
29033,1
29034,1
29035,1
29036,12
29037,1
29038,1
29039,1
29040,1
29041,1
29051,12
29052,12
29053,12
29054,12
29063,4
29065,4
29066,4
29067,12
29070,3
29071,3
29073,3
29074,12
29075,12
29076,12
29078,1
29079,1
29080,1
29081,1
29082,1
29083,1
29086,1
29087,1
29088,1
29089,1
29090,1
29091,1
29092,12
29093,12
29094,1
29095,1
29096,1
29097,1
29099,4
29100,4
29101,4
29102,4
29103,4
29104,4
29105,4
29106,12
29107,12
29108,1
29109,1
29110,1
29111,1
29112,1
29114,4
29115,4
29116,4
29117,4
29118,4
29119,4
29120,4
29121,4
29122,4
29123,4
29124,4
29125,4
29126,4
29127,4
29128,4
29129,4
29131,4
29132,4
29133,4
29134,4
29135,4
29137,4
29138,4
29139,4
29141,4
29142,4
29143,4
29144,12
29145,4
29146,12
29147,4
29148,4
29149,4
29150,4
29151,4
29152,4
29153,4
29154,4
29155,4
29156,4
29157,4
29158,4
29159,4
29160,4
29161,4
29162,4
29163,4
29164,4
29165,4
29166,4
29167,12
29168,4
29169,4
29170,4
29171,4
29172,4
29173,4
29174,4
29175,4
29176,12
29177,4
29178,4
29179,4
29180,4
29181,4
29182,4
29185,4
29186,4
29189,4
29190,4
29191,4
29192,4
29193,4
29194,3
29195,4
29196,4
29197,4
29198,4
29199,4
29200,4
29201,4
29202,4
29203,4
29204,4
29205,4
29206,4
29208,4
29209,4
29210,4
29211,4
29212,4
29213,4
29214,4
29215,4
29216,4
29217,4
29218,4
29219,4
29220,4
29221,4
29222,4
29223,4
29225,4
29226,4
29227,4
29228,4
29229,4
29230,4
29231,4
29232,4
29233,4
29234,4
29235,4
29236,4
29237,4
29238,4
29239,4
29240,4
29241,4
29242,4
29243,4
29245,4
29246,4
29247,4
29248,4
29249,4
29250,4
29251,4
29252,4
29253,4
29254,4
29255,4
29257,4
29258,4
29261,4
29262,4
29263,4
29264,4
29265,4
29266,4
29267,4
29268,4
29269,4
29270,4
29271,4
29272,4
29273,4
29274,4
29275,4
29276,4
29277,4
29278,4
29279,4
29280,4
29281,4
29282,4
29283,4
29284,4
29285,4
29286,4
29287,4
29288,4
29289,4
29290,4
29291,4
29292,4
29293,4
29294,4
29295,4
29296,4
29297,4
29298,4
29299,4
29302,4
29303,4
29304,4
29305,4
29307,4
29308,4
29309,4
29310,4
29311,4
29312,4
29313,12
29314,12
29315,12
29316,12
29317,12
29318,12
29319,12
29320,12
29321,12
29322,12
29323,12
29324,12
29325,12
29326,4
29327,4
29328,4
29329,4
29330,4
29331,4
29332,12
29333,12
29334,12
29335,4
29336,4
29337,4
29338,4
29339,4
29340,4
29341,4
29342,12
29343,12
29344,12
29345,12
29346,12
29347,12
29348,12
29349,12
29350,12
29351,12
29352,12
29353,12
29354,12
29355,12
29356,12
29357,12
29358,12
29359,12
29360,12
29361,12
29362,12
29363,12
29364,12
29365,12
29368,12
29371,12
29372,12
29373,12
29374,12
29375,12
29376,12
29377,12
29378,12
29379,12
29380,12
29381,12
29382,12
29383,12
29385,12
29386,4
29387,4
29388,4
29389,4
29390,4
29391,4
29392,12
29393,12
29394,12
29395,12
29396,12
29397,12
29398,12
29399,12
29400,12
29401,12
29402,12
29403,12
29404,5
29405,5
29406,5
29407,5
29408,5
29409,5
29410,5
29411,12
29412,12
29413,12
29414,5
29415,12
29416,12
29417,5
29418,5
29419,5
29420,5
29421,5
29422,5
29423,5
29424,5
29425,12
29426,12
29427,12
29428,12
29429,12
29430,12
29431,12
29432,12
29433,12
29434,12
29436,12
29437,4
29438,12
29439,4
29440,4
29441,4
29443,12
29444,12
29445,12
29446,12
29447,12
29449,12
29450,12
29451,12
29452,4
29453,4
29454,12
29455,12
29456,12
29457,12
29458,12
29459,12
29463,12
29464,12
29466,12
29467,12
29469,12
29470,12
29472,12
29473,12
29475,12
29477,12
29480,12
29481,12
29482,12
29484,12
29506,12
29507,12
29508,12
29509,12
29510,12
29511,12
29512,12
29513,12
29514,12
29515,12
29516,12
29517,12
29518,12
29519,12
29520,12
29521,5
29522,5
29523,5
29524,5
29527,2
29528,2
29529,2
29530,2
29531,2
29533,2
29534,2
29535,2
29536,2
29537,2
29538,2
29539,2
29540,2
29541,2
29542,2
29543,2
29544,2
29545,5
29546,5
29547,5
29548,5
29549,5
29550,5
29551,5
29552,5
29553,5
29554,5
29555,5
29556,5
29557,5
29558,5
29559,5
29560,5
29561,5
29562,5
29563,2
29564,2
29565,2
29566,2
29567,2
29568,2
29569,2
29570,2
29571,2
29572,2
29573,2
29574,2
29575,2
29576,5
29577,5
29578,5
29579,5
29580,5
29581,5
29582,2
29583,2
29584,5
29585,5
29586,5
29587,5
29590,2
29591,2
29592,2
29593,2
29594,2
29595,2
29596,2
29597,2
29598,2
29599,2
29600,5
29601,12
29602,12
29603,2
29604,2
29605,2
29606,2
29607,2
29608,3
29609,3
29610,5
29611,5
29612,5
29613,2
29614,2
29615,2
29616,2
29617,5
29618,5
29619,5
29620,5
29621,5
29622,5
29623,5
29624,5
29625,5
29626,5
29627,5
29628,5
29629,5
29630,5
29631,5
29632,5
29633,5
29634,5
29635,5
29636,5
29637,5
29638,5
29639,5
29640,2
29641,2
29642,2
29643,2
29644,2
29645,2
29646,5
29647,5
29648,2
29649,2
29650,2
29651,2
29652,2
29653,2
29654,2
29655,2
29656,2
29657,2
29658,2
29659,2
29660,2
29661,5
29662,5
29663,5
29664,5
29665,5
29666,5
29667,2
29669,2
29670,5
29671,5
29672,2
29673,2
29674,2
29675,2
29676,5
29677,5
29678,5
29679,5
29680,5
29681,2
29682,2
29683,2
29684,2
29685,2
29686,2
29687,2
29688,2
29689,2
29690,5
29691,2
29692,2
29693,5
29694,5
29695,5
29696,5
29697,5
29698,5
29699,5
29700,5
29701,5
29702,5
29703,5
29704,5
29705,5
29706,5
29707,5
29708,5
29709,5
29710,5
29711,5
29712,5
29713,5
29714,5
29715,5
29716,5
29717,5
29718,5
29719,5
29720,5
29721,5
29722,5
29723,5
29724,5
29725,5
29726,5
29727,5
29728,5
29729,5
29730,5
29731,5
29732,5
29733,5
29734,12
29735,12
29736,12
29737,12
29738,12
29739,12
29740,12
29741,12
29742,12
29743,5
29744,5
29745,5
29746,5
29747,5
29748,5
29749,5
29750,5
29751,5
29752,5
29753,5
29754,5
29755,5
29756,5
29757,5
29758,5
29759,5
29760,12
29762,5
29763,3
29764,3
29765,5
29766,5
29767,5
29768,5
29769,5
29770,5
29771,5
29772,5
29773,5
29774,5
29775,5
29776,5
29777,5
29778,5
29779,5
29780,5
29781,5
29782,5
29783,5
29784,5
29785,5
29786,5
29787,5
29788,5
29789,5
29790,5
29791,5
29792,5
29793,5
29794,5
29795,5
29796,5
29797,5
29798,5
29799,5
29800,5
29801,4
29802,4
29803,3
29804,5
29805,5
29806,3
29807,3
29808,3
29809,4
29810,3
29811,3
29812,3
29813,5
29814,5
29815,5
29816,5
29817,5
29818,3
29819,3
29820,3
29821,5
29822,5
29823,5
29824,5
29825,3
29826,3
29827,5
29828,3
29829,3
29830,3
29831,3
29832,3
29833,3
29834,3
29835,3
29836,3
29837,5
29838,3
29839,3
29840,3
29841,5
29842,5
29843,3
29844,3
29845,3
29846,4
29847,4
29848,3
29849,3
29850,3
29851,3
29852,3
29853,3
29854,3
29856,3
29857,3
29858,3
29859,3
29860,3
29861,3
29862,3
29863,3
29864,3
29865,5
29866,5
29867,5
29868,5
29869,5
29871,5
29872,5
29873,5
29874,5
29875,5
29876,5
29877,5
29878,5
29879,5
29880,5
29881,5
29882,5
29883,5
29884,5
29885,5
29886,5
29887,5
29888,5
29889,5
29890,5
29891,5
29892,5
29893,5
29894,5
29895,5
29896,5
29897,5
29898,5
29899,5
29900,5
29901,5
29902,5
29903,5
29904,5
29905,5
29906,5
29907,5
29908,5
29909,5
29910,5
29911,5
29912,5
29913,5
29914,5
29915,5
29916,5
29917,5
29918,5
29919,5
29920,5
29922,5
29923,5
29924,5
29925,5
29926,5
29927,5
29928,5
29929,5
29930,5
29931,5
29932,5
29933,5
29934,4
29935,5
29936,5
29937,5
29938,5
29939,5
29940,5
29941,5
29942,5
29943,5
29944,5
29945,5
29946,5
29947,5
29948,5
29949,5
29950,5
29951,5
29952,5
29966,5
29967,5
29968,5
29969,5
29970,5
29971,5
29981,5
29982,5
29983,5
29984,5
29985,5
29986,5
29987,5
29988,5
29989,5
29990,5
29992,5
29993,5
29995,5
29997,5
29998,5
29999,5
30000,5
30001,5
30002,5
30003,5
30004,5
30005,5
30006,5
30007,5
30009,5
30011,5
30015,5
30019,5
30020,5
30021,5
30027,5
30028,5
30029,5
30030,5
30031,5
30032,5
30033,5
30034,5
30035,5
30036,5
30037,5
30038,5
30039,5
30040,5
30041,5
30042,5
30043,5
30044,5
30045,5
30046,5
30047,5
30048,5
30049,5
30050,5
30051,5
30052,5
30053,5
30054,5
30055,5
30056,5
30057,5
30058,5
30059,5
30063,5
30064,5
30065,5
30066,5
30067,5
30068,5
30069,5
30070,5
30072,5
30073,5
30074,5
30075,5
30076,5
30077,5
30078,5
30079,5
30080,5
30081,5
30082,5
30083,5
30084,5
30085,5
30086,5
30087,5
30088,5
30089,5
30090,5
30091,5
30092,4
30093,4
30094,4
30095,4
30096,4
30097,4
30098,4
30099,4
30100,4
30101,4
30102,4
30103,4
30104,4
30105,4
30106,4
30107,4
30108,4
30109,4
30110,4
30111,4
30112,3
30113,4
30116,4
30117,5
30118,4
30119,3
30120,3
30121,5
30122,5
30123,5
30124,5
30125,5
30126,5
30127,5
30128,5
30129,5
30130,5
30131,5
30132,5
30133,5
30134,5
30135,5
30136,5
30137,5
30138,5
30139,5
30140,5
30141,5
30142,5
30143,5
30144,5
30145,5
30146,5
30147,5
30148,5
30149,5
30150,5
30151,5
30152,5
30153,5
30154,5
30155,5
30156,5
30157,5
30158,5
30159,5
30160,5
30163,5
30164,5
30165,5
30166,5
30167,5
30168,5
30169,5
30172,5
30173,5
30174,5
30175,5
30178,5
30179,5
30180,5
30181,5
30182,5
30183,5
30184,5
30185,5
30186,5
30187,5
30188,5
30189,5
30190,5
30191,5
30192,5
30193,5
30194,5
30195,5
30196,5
30197,5
30198,5
30199,5
30200,5
30201,5
30202,5
30203,5
30204,5
30205,5
30206,5
30207,5
30208,5
30209,5
30210,5
30211,5
30212,5
30215,5
30216,5
30217,5
30218,5
30219,5
30220,5
30221,5
30222,5
30223,5
30224,5
30225,5
30226,5
30227,5
30228,5
30229,5
30230,5
30231,5
30232,5
30233,5
30234,5
30235,5
30236,5
30237,5
30238,5
30239,5
30240,5
30241,5
30242,5
30243,5
30244,5
30245,5
30246,5
30247,5
30248,5
30249,5
30250,5
30251,5
30252,5
30253,5
30254,5
30255,5
30256,5
30257,5
30258,5
30259,5
30260,5
30261,5
30262,5
30263,5
30264,5
30265,5
30266,5
30267,5
30268,5
30269,5
30270,5
30271,5
30272,5
30273,5
30274,5
30275,5
30277,5
30278,5
30279,5
30280,5
30281,5
30282,5
30283,5
30284,5
30285,5
30286,5
30287,5
30288,5
30289,5
30290,5
30291,5
30292,5
30293,5
30294,5
30295,5
30296,5
30297,5
30298,5
30299,5
30300,5
30301,5
30302,5
30303,5
30304,5
30305,5
30306,5
30307,5
30308,5
30309,5
30310,5
30311,5
30312,5
30313,5
30314,5
30315,5
30316,5
30317,5
30318,5
30319,5
30320,5
30321,5
30322,5
30323,5
30324,5
30325,5
30326,5
30327,5
30328,5
30329,5
30330,5
30331,5
30332,5
30333,5
30334,5
30335,5
30336,5
30337,5
30338,5
30339,5
30340,5
30341,5
30342,5
30343,5
30344,5
30345,5
30346,5
30347,5
30348,5
30349,5
30350,5
30351,5
30352,5
30353,5
30354,5
30355,5
30356,5
30357,5
30358,5
30359,5
30360,5
30361,5
30362,5
30363,5
30364,5
30365,5
30366,5
30367,5
30368,5
30369,5
30370,5
30371,5
30372,5
30373,5
30374,5
30375,5
30376,5
30377,5
30378,5
30379,5
30380,5
30381,5
30382,5
30383,5
30384,5
30385,5
30386,5
30387,5
30388,5
30389,5
30390,5
30391,5
30392,5
30393,5
30394,5
30395,5
30396,5
30397,5
30398,5
30399,5
30400,5
30401,5
30402,5
30403,5
30404,5
30405,5
30406,5
30407,5
30408,5
30409,5
30410,5
30411,5
30412,5
30413,5
30414,5
30415,5
30416,5
30417,5
30418,5
30419,5
30420,5
30421,5
30422,5
30423,5
30424,5
30425,5
30426,5
30427,5
30428,5
30429,5
30430,5
30431,5
30432,5
30433,5
30434,5
30435,5
30436,5
30437,5
30438,5
30439,5
30442,5
30443,5
30444,5
30445,5
30449,12
30450,12
30451,12
30452,12
30453,12
30454,12
30455,5
30457,5
30458,5
30459,5
30460,5
30461,5
30462,5
30464,5
30465,5
30466,5
30467,5
30468,5
30469,5
30470,5
30471,5
30472,5
30473,5
30474,5
30475,5
30476,5
30477,5
30478,5
30479,5
30480,5
30481,5
30482,5
30483,5
30484,5
30485,5
30486,5
30487,5
30488,5
30489,5
30490,5
30491,5
30492,5
30495,5
30496,5
30498,5
30499,5
30500,5
30501,5
30502,5
30504,5
30506,5
30507,5
30508,5
30509,5
30510,5
30511,5
30512,5
30513,5
30514,5
30515,5
30516,5
30517,5
30518,5
30519,5
30520,5
30521,5
30522,5
30523,5
30524,5
30525,5
30526,5
30527,5
30528,5
30529,5
30530,5
30531,5
30532,5
30533,5
30534,5
30535,5
30536,5
30537,5
30538,5
30539,5
30540,5
30541,5
30542,5
30543,5
30544,5
30545,5
30546,5
30547,5
30548,5
30549,5
30550,5
30551,5
30552,5
30553,5
30554,5
30555,5
30556,5
30557,5
30558,5
30559,5
30560,5
30561,5
30562,5
30564,5
30565,5
30566,5
30567,5
30568,5
30569,5
30570,5
30571,5
30573,5
30574,5
30575,5
30581,5
30582,5
30583,5
30584,5
30585,5
30586,5
30587,5
30588,5
30589,5
30590,5
30591,5
30592,5
30593,5
30594,5
30595,5
30596,5
30597,5
30598,5
30599,5
30600,5
30601,5
30602,5
30603,5
30604,5
30605,5
30606,5
30607,5
30608,5
30609,5
30610,5
30611,5
30612,5
30613,5
30614,5
30615,5
30616,5
30617,5
30618,5
30619,5
30620,5
30621,5
30622,5
30623,5
30624,5
30625,5
30626,5
30627,5
30628,5
30629,5
30630,5
30631,5
30632,5
30633,5
30634,5
30635,5
30636,5
30637,5
30638,5
30639,5
30640,5
30641,5
30642,5
30643,5
30644,5
30645,5
30646,5
30647,5
30648,5
30649,5
30650,5
30651,5
30652,5
30653,5
30654,5
30655,5
30656,5
30657,5
30658,5
30660,5
30661,5
30662,5
30663,5
30665,5
30666,5
30667,5
30668,5
30669,5
30670,5
30671,5
30672,5
30673,5
30674,5
30675,5
30677,5
30678,5
30680,5
30681,5
30682,5
30683,5
30684,5
30690,5
30691,5
30692,5
30694,5
30695,5
30698,5
30699,5
30700,5
30701,5
30704,5
30705,5
30706,5
30710,5
30714,5
30715,5
30716,5
30717,5
30718,5
30719,5
30720,5
30721,5
30722,5
30723,5
30724,5
30725,5
30726,5
30727,5
30728,5
30729,5
30730,5
30731,5
30732,5
30733,5
30734,5
30735,5
30736,5
30737,5
30738,5
30739,5
30740,5
30742,5
30743,5
30744,5
30745,5
30746,5
30747,5
30750,5
30751,5
30752,5
30753,5
30754,5
30757,5
30759,5
30763,5
30765,5
30766,5
30767,5
30768,5
30769,5
30770,5
30771,5
30772,5
30773,5
30774,5
30775,5
30776,5
30777,5
30778,5
30779,5
30780,5
30781,5
30782,5
30783,5
30784,5
30785,5
30786,5
30787,5
30788,5
30789,5
30790,5
30791,5
30792,5
30793,5
30794,5
30795,5
30796,5
30797,5
30798,5
30799,5
30800,5
30801,5
30802,5
30804,5
30805,5
30806,5
30807,5
30808,5
30814,5
30815,5
30816,5
30817,5
30818,5
30819,5
30820,5
30821,5
30823,5
30824,5
30825,5
30826,5
30827,5
30828,5
30829,5
30834,5
30854,5
30855,5
30879,5
30880,5
30881,5
30882,5
30883,5
30884,5
30885,5
30886,5
30887,5
30888,5
30889,5
30890,5
30891,5
30892,5
30893,5
30894,5
30895,5
30896,5
30897,5
30898,5
30899,5
30900,5
30901,5
30902,5
30907,5
30910,5
30918,5
30921,5
30922,5
30923,5
30924,5
30925,5
30926,5
30927,5
30928,5
30929,5
30930,5
30931,5
30932,5
30933,5
30934,5
30935,5
30936,5
30941,5
30942,5
30943,5
30944,5
30945,5
30946,5
30952,5
30953,5
30954,5
30955,5
30956,5
30957,5
30958,5
30959,5
30960,5
30961,5
30963,5
30964,5
30965,5
30967,5
30968,5
30969,1
30970,5
30971,5
30972,5
30973,5
30974,5
30975,5
30976,5
30977,5
30978,5
30979,5
30980,5
30981,5
30983,1
30984,1
30986,12
30987,5
30988,5
30989,5
30990,5
30991,5
30992,5
30993,5
30994,5
30995,1
30996,1
30998,1
30999,5
31000,5
31001,5
31002,5
31003,5
31004,5
31005,5
31006,5
31007,5
31008,5
31009,5
31010,5
31011,5
31012,5
31013,5
31015,5
31016,5
31017,5
31018,5
31019,5
31020,5
31021,5
31022,5
31023,5
31024,5
31025,5
31026,5
31027,5
31028,5
31030,5
31031,5
31032,5
31033,1
31034,1
31035,1
31036,1
31037,1
31038,5
31039,5
31040,5
31041,5
31042,5
31043,5
31044,5
31045,5
31046,5
31047,5
31048,5
31049,5
31050,5
31051,5
31052,5
31053,5
31054,5
31055,5
31058,5
31060,5
31061,5
31062,5
31063,5
31064,5
31065,5
31066,5
31067,5
31068,5
31069,5
31070,5
31071,5
31072,5
31073,5
31074,5
31075,5
31076,5
31077,5
31078,5
31079,5
31080,5
31081,5
31082,5
31083,5
31084,5
31085,5
31086,5
31087,5
31088,5
31089,5
31090,5
31091,5
31092,5
31093,5
31094,5
31095,5
31096,5
31097,5
31098,5
31099,5
31100,5
31101,5
31102,5
31103,5
31104,5
31105,5
31106,5
31107,5
31108,5
31109,5
31110,5
31111,5
31112,5
31113,5
31114,5
31115,5
31116,5
31117,5
31118,5
31119,5
31120,5
31121,5
31122,5
31123,5
31124,5
31125,5
31126,5
31127,5
31128,5
31129,5
31130,5
31131,5
31132,5
31133,5
31134,5
31135,1
31136,1
31137,1
31138,1
31139,1
31140,1
31142,1
31143,1
31144,1
31145,1
31146,1
31147,1
31148,1
31150,5
31151,5
31152,5
31153,5
31154,5
31155,1
31156,1
31157,1
31158,1
31159,1
31160,1
31161,1
31162,1
31163,1
31165,5
31166,5
31167,5
31168,5
31169,5
31170,5
31171,5
31172,5
31173,5
31174,5
31175,5
31176,5
31177,5
31178,5
31179,5
31181,5
31182,5
31183,5
31184,5
31185,5
31186,5
31187,5
31188,5
31189,5
31190,5
31194,5
31195,5
31196,5
31197,5
31198,5
31199,5
31200,5
31201,5
31203,5
31204,5
31205,4
31206,4
31207,5
31208,5
31209,5
31210,5
31211,5
31212,5
31213,5
31214,5
31216,5
31218,5
31219,5
31220,5
31221,5
31228,5
31230,5
31231,5
31232,5
31233,5
31234,5
31235,5
31237,5
31238,5
31239,5
31240,5
31241,5
31242,5
31243,5
31244,5
31245,5
31246,5
31247,5
31248,5
31249,5
31250,5
31251,5
31252,5
31253,5
31254,5
31255,5
31256,5
31260,5
31261,5
31262,5
31265,5
31266,5
31267,5
31268,5
31269,5
31270,5
31271,5
31272,5
31273,5
31274,5
31275,5
31277,5
31278,5
31279,5
31280,5
31281,5
31282,5
31283,5
31284,5
31285,5
31286,5
31287,5
31288,5
31289,5
31291,5
31292,5
31293,5
31294,5
31295,5
31296,5
31297,5
31298,5
31299,5
31300,5
31301,5
31302,5
31303,5
31304,5
31305,5
31306,5
31307,12
31308,12
31309,12
31310,5
31311,5
31312,5
31313,5
31314,5
31315,5
31316,12
31317,12
31318,5
31319,5
31320,5
31321,5
31322,5
31323,5
31324,5
31325,5
31326,5
31327,5
31328,5
31329,5
31331,5
31332,5
31333,5
31334,5
31335,5
31336,5
31337,5
31338,5
31339,5
31340,5
31341,5
31342,5
31343,5
31344,5
31345,5
31346,5
31347,5
31348,5
31349,5
31350,5
31351,5
31352,5
31353,5
31354,5
31355,5
31356,5
31357,5
31359,5
31360,5
31362,5
31363,5
31364,5
31365,5
31366,5
31367,5
31368,5
31369,5
31370,5
31371,5
31372,5
31373,5
31374,5
31375,5
31376,5
31377,5
31378,5
31379,5
31380,5
31381,5
31382,5
31383,5
31384,5
31385,5
31386,5
31387,5
31388,5
31389,5
31390,5
31391,5
31392,5
31393,5
31394,5
31395,5
31396,5
31397,5
31398,5
31399,5
31400,5
31401,5
31402,5
31403,5
31404,5
31405,5
31406,5
31407,5
31408,5
31409,5
31410,5
31411,5
31412,5
31413,5
31414,5
31415,5
31416,5
31417,5
31418,5
31419,5
31420,5
31421,5
31422,5
31423,5
31424,5
31425,5
31426,5
31427,5
31428,5
31429,5
31430,5
31431,5
31432,5
31433,5
31434,5
31435,5
31436,5
31437,5
31438,5
31439,5
31440,1
31441,5
31442,5
31443,5
31444,5
31445,5
31446,5
31447,1
31448,5
31450,5
31451,5
31452,5
31453,5
31454,5
31455,5
31456,5
31457,5
31458,5
31459,5
31460,5
31461,5
31462,5
31463,5
31464,5
31465,5
31466,5
31467,5
31468,5
31469,5
31470,5
31471,5
31472,5
31473,5
31474,5
31475,5
31476,5
31477,5
31478,5
31479,5
31480,5
31481,5
31482,5
31483,5
31484,5
31485,5
31486,5
31487,5
31489,1
31490,1
31491,5
31492,5
31493,1
31494,5
31495,5
31496,5
31497,5
31502,5
31503,5
31504,5
31505,5
31506,5
31507,5
31508,5
31509,5
31510,5
31511,5
31512,5
31513,1
31514,1
31515,5
31516,5
31517,5
31518,5
31519,5
31520,5
31521,5
31522,5
31523,5
31524,5
31525,5
31526,5
31527,5
31528,5
31529,5
31530,5
31531,5
31532,5
31533,5
31534,5
31535,5
31536,5
31537,5
31538,5
31539,5
31540,5
31541,5
31542,5
31543,5
31544,5
31545,5
31548,12
31549,12
31550,12
31551,12
31552,12
31553,12
31554,12
31555,12
31556,12
31557,12
31558,12
31559,12
31560,12
31561,12
31562,12
31563,12
31564,12
31565,12
31566,12
31567,12
31568,12
31569,12
31570,12
31571,12
31572,12
31573,12
31574,12
31575,12
31576,12
31577,12
31578,12
31579,12
31580,12
31581,12
31582,12
31583,12
31584,12
31585,12
31586,12
31587,12
31588,12
31589,12
31590,12
31591,12
31592,12
31593,12
31598,5
31599,5
31600,5
31603,5
31604,5
31605,5
31606,5
31607,5
31609,5
31611,5
31612,5
31613,5
31652,5
31654,5
31655,5
31656,5
31660,5
31661,5
31664,12
31665,12
31666,12
31668,5
31669,5
31670,5
31671,5
31672,5
31673,5
31674,5
31675,5
31676,5
31677,5
31679,5
31680,5
31681,5
31682,5
31685,5
31687,5
31688,5
31689,5
31690,5
31691,5
31692,5
31693,12
31694,5
31695,5
31697,5
31698,5
31699,5
31700,5
31701,5
31702,5
31703,5
31704,5
31705,5
31706,5
31707,5
31708,5
31709,5
31710,5
31711,5
31712,5
31713,5
31714,5
31715,5
31716,5
31717,5
31718,5
31719,5
31720,5
31721,5
31723,5
31724,12
31725,12
31726,12
31727,5
31728,12
31729,12
31730,5
31731,5
31732,5
31733,5
31734,5
31735,5
31736,5
31737,5
31738,5
31739,5
31740,5
31741,5
31742,5
31743,5
31744,5
31745,5
31752,5
31754,5
31755,5
31756,5
31757,5
31758,5
31759,5
31760,5
31761,5
31762,5
31763,5
31764,5
31765,5
31766,5
31767,5
31768,5
31769,5
31770,5
31771,5
31772,5
31773,5
31774,5
31775,5
31776,5
31777,5
31778,5
31779,5
31780,12
31781,12
31782,5
31785,12
31786,5
31787,5
31788,5
31789,5
31790,5
31791,5
31792,5
31793,5
31794,5
31795,5
31796,5
31797,5
31798,5
31799,5
31800,5
31801,5
31802,5
31803,5
31804,5
31805,5
31806,12
31807,5
31808,5
31809,5
31810,5
31811,5
31812,12
31813,12
31814,12
31815,12
31816,12
31817,12
31818,12
31819,12
31820,5
31821,12
31822,12
31823,12
31824,12
31825,12
31826,12
31827,12
31828,12
31829,12
31830,12
31831,12
31832,12
31833,12
31834,12
31835,12
31836,12
31837,12
31838,12
31839,12
31840,12
31841,12
31842,12
31843,12
31844,12
31845,12
31846,12
31847,5
31850,12
31851,12
31852,12
31853,5
31854,12
31855,12
31856,12
31857,12
31858,12
31859,12
31860,12
31861,12
31862,12
31863,12
31864,12
31865,12
31866,12
31867,12
31868,12
31869,12
31870,12
31871,12
31872,12
31876,5
31877,5
31878,12
31879,12
31880,12
31881,12
31882,12
31883,12
31884,12
31885,12
31886,5
31887,5
31888,12
31889,12
31890,12
31891,12
31892,12
31893,5
31894,5
31895,5
31897,12
31902,12
31903,12
31904,12
31905,12
31906,12
31907,12
31908,12
31909,12
31910,12
31911,12
31912,12
31913,12
31914,12
31915,12
31916,12
31917,12
31918,12
31919,12
31920,12
31921,12
31922,12
31923,12
31924,12
31925,12
31926,12
31927,12
31928,12
31929,12
31930,12
31931,12
31932,12
31933,12
31934,12
31935,12
31936,5
31937,5
31938,5
31939,5
31940,5
31941,5
31942,5
31943,5
31944,12
31945,5
31946,5
31947,5
31948,5
31949,5
31950,12
31951,12
31952,12
31953,12
31954,12
31955,12
31956,12
31957,12
31958,12
31959,5
31960,5
31961,5
31962,5
31963,12
31964,12
31965,12
31966,12
31967,12
31968,12
31969,12
31970,12
31971,12
31972,12
31973,12
31974,12
31975,12
31976,12
31977,12
31978,5
31979,12
31980,12
31981,12
31982,12
31983,12
31984,12
31985,12
31986,12
31987,5
31988,12
31989,12
31990,12
31991,12
31992,12
31993,12
31994,12
31995,5
31996,5
31997,5
31998,5
31999,5
32000,5
32001,5
32002,5
32003,5
32004,5
32005,5
32006,12
32007,12
32008,12
32009,12
32014,5
32015,5
32016,5
32017,5
32018,5
32019,5
32020,12
32021,12
32022,12
32023,12
32024,12
32026,12
32027,12
32028,12
32029,12
32030,5
32031,12
32032,12
32033,12
32034,12
32035,5
32036,12
32037,12
32038,5
32039,12
32040,12
32041,12
32042,12
32043,12
32044,12
32045,5
32046,12
32047,12
32048,12
32049,12
32050,12
32051,12
32052,12
32097,5
32098,5
32099,5
32105,5
32106,12
32107,5
32108,5
32109,5
32112,5
32113,5
32114,5
32115,5
32116,5
32118,5
32119,5
32120,5
32121,5
32122,5
32123,5
32125,5
32126,5
32127,5
32128,5
32129,5
32130,5
32131,5
32132,5
32133,5
32134,5
32135,5
32136,5
32137,5
32138,5
32139,5
32140,5
32141,5
32142,5
32143,5
32144,5
32145,5
32146,5
32147,5
32148,5
32149,5
32150,5
32151,5
32152,5
32153,5
32154,5
32155,5
32156,5
32157,5
32158,5
32159,5
32161,5
32162,5
32163,5
32164,5
32165,5
32166,5
32167,5
32168,5
32169,5
32170,5
32171,5
32172,5
32173,5
32174,5
32175,12
32181,5
32182,5
32183,5
32184,5
32185,5
32186,5
32189,5
32190,5
32191,5
32192,5
32193,5
32194,5
32195,5
32196,5
32197,5
32198,5
32199,5
32200,5
32201,5
32202,5
32203,5
32204,5
32205,5
32206,5
32207,5
32208,5
32209,5
32210,5
32211,5
32212,5
32213,5
32214,5
32215,5
32216,5
32217,5
32218,5
32219,5
32220,5
32221,5
32222,5
32223,5
32224,5
32225,5
32226,5
32227,5
32228,5
32229,5
32230,5
32231,5
32232,5
32233,5
32234,5
32235,5
32236,5
32237,5
32238,5
32242,5
32243,5
32244,5
32246,5
32247,5
32248,5
32249,5
32250,5
32251,5
32252,5
32253,5
32254,5
32255,5
32256,5
32257,5
32258,5
32259,5
32260,5
32261,5
32262,5
32263,5
32264,5
32265,5
32266,5
32267,5
32268,5
32269,5
32270,5
32271,5
32272,5
32273,5
32274,5
32275,5
32276,5
32277,5
32278,5
32279,5
32280,5
32281,5
32282,5
32283,5
32284,5
32285,5
32286,5
32287,5
32288,5
32289,5
32290,5
32291,5
32292,5
32293,5
32294,5
32295,5
32296,5
32297,5
32298,5
32299,5
32300,5
32301,5
32302,5
32303,5
32304,5
32305,5
32306,5
32307,5
32309,5
32310,5
32311,5
32312,5
32313,5
32314,5
32315,5
32316,5
32317,5
32318,5
32319,5
32320,5
32321,5
32324,5
32325,5
32326,5
32327,5
32328,5
32329,5
32330,5
32331,5
32332,5
32333,5
32334,5
32335,5
32336,5
32337,5
32338,5
32339,5
32340,5
32341,5
32342,5
32343,5
32344,5
32345,5
32346,5
32347,5
32348,5
32351,5
32352,5
32355,5
32356,5
32357,5
32358,5
32359,5
32360,5
32361,5
32362,5
32363,5
32364,5
32365,5
32366,5
32367,5
32368,5
32369,5
32370,5
32371,5
32372,5
32373,5
32374,5
32375,5
32376,5
32377,5
32378,5
32379,5
32380,5
32381,5
32382,5
32383,5
32384,5
32388,5
32389,5
32390,5
32391,5
32392,5
32393,5
32394,5
32395,5
32396,5
32397,5
32398,5
32399,5
32400,5
32401,5
32402,5
32403,5
32404,5
32405,5
32406,5
32407,5
32408,5
32409,5
32410,5
32411,5
32412,5
32413,5
32414,5
32415,5
32416,5
32417,5
32418,5
32419,5
32420,5
32421,5
32422,5
32423,5
32424,5
32425,5
32426,5
32427,12
32428,12
32429,5
32430,5
32431,5
32432,5
32433,12
32434,12
32435,12
32436,12
32437,12
32438,12
32439,12
32440,12
32441,12
32442,7
32444,5
32446,5
32448,5
32449,5
32450,5
32451,5
32452,5
32455,5
32457,5
32458,5
32459,5
32460,5
32461,5
32467,12
32468,12
32469,12
32470,12
32471,12
32472,12
32475,5
32485,5
32489,5
32490,5
32491,5
32492,5
32493,5
32494,5
32495,5
32496,5
32497,5
32498,12
32499,12
32500,12
32501,12
32502,12
32503,5
32504,5
32505,5
32506,5
32507,5
32508,5
32509,5
32510,5
32516,5
32517,5
32518,5
32519,5
32520,5
32521,5
32522,5
32523,5
32524,5
32525,5
32526,5
32527,5
32528,5
32529,5
32530,5
32531,5
32532,5
32533,5
32534,5
32535,5
32536,5
32537,5
32538,5
32539,5
32540,5
32541,5
32542,5
32543,5
32544,5
32545,5
32546,5
32547,5
32548,5
32549,5
32550,5
32551,5
32552,5
32553,5
32554,5
32555,5
32556,5
32557,5
32558,5
32559,5
32560,5
32561,5
32562,5
32563,5
32564,5
32565,5
32566,5
32567,5
32568,5
32569,5
32570,5
32571,5
32572,5
32573,5
32574,5
32575,5
32576,5
32577,5
32578,5
32579,5
32580,5
32581,5
32582,5
32583,5
32584,5
32585,5
32586,5
32587,5
32588,5
32589,5
32590,5
32591,5
32592,5
32593,5
32594,5
32595,5
32596,5
32597,5
32598,5
32599,5
32600,5
32601,5
32602,5
32603,12
32604,12
32605,5
32606,5
32607,5
32608,5
32609,5
32610,5
32611,5
32613,5
32614,5
32615,5
32616,5
32617,5
32618,12
32621,5
32622,5
32626,5
32627,5
32628,5
32629,5
32630,5
32631,5
32632,5
32633,5
32634,5
32635,5
32636,5
32637,5
32638,5
32639,5
32640,5
32641,5
32642,5
32643,5
32644,5
32645,5
32646,5
32647,5
32648,5
32649,5
32650,5
32651,5
32652,5
32653,5
32654,5
32655,5
32656,5
32657,5
32658,5
32659,5
32661,12
32662,12
32663,12
32664,12
32665,12
32666,12
32667,12
32668,12
32669,12
32670,12
32671,12
32672,12
32673,12
32674,12
32675,12
32676,5
32677,5
32678,5
32679,5
32680,5
32681,5
32682,5
32683,5
32684,5
32685,5
32686,5
32687,5
32688,5
32689,5
32690,5
32691,5
32692,5
32693,5
32694,5
32695,5
32696,5
32697,5
32698,5
32699,5
32700,5
32701,5
32702,5
32703,5
32704,5
32705,5
32706,5
32707,5
32708,5
32709,5
32710,5
32711,5
32712,5
32713,5
32714,5
32715,5
32716,5
32717,5
32718,5
32719,5
32720,5
32721,5
32722,5
32723,5
32724,5
32725,5
32726,5
32727,5
32728,5
32729,5
32730,5
32731,5
32732,5
32733,5
32744,5
32745,5
32746,5
32747,5
32748,5
32749,5
32750,5
32751,5
32752,5
32753,5
32754,5
32755,5
32756,5
32758,6
32783,6
32784,6
32791,6
32792,6
32793,6
32794,6
32795,6
32796,6
32797,6
32799,6
32800,6
32801,6
32802,6
32803,6
32804,6
32805,5
32806,5
32807,5
32808,5
32813,5
32814,5
32815,5
32816,5
32817,5
32818,5
32819,5
32825,5
32826,5
32860,5
32861,5
32862,12
32863,12
32864,12
32865,12
32866,12
32867,12
32868,12
32869,12
32870,12
32896,5
32897,5
32900,5
32901,5
32910,5
32911,5
32913,5
32914,5
32917,6
32918,6
32919,6
32920,6
32921,6
32922,6
32923,6
32924,6
32929,6
32934,6
32935,6
32936,5
32941,5
32942,5
32943,5
32944,5
32945,5
32946,5
32949,10
32952,10
32956,10
32957,10
32958,10
32959,10
32960,10
32961,10
32962,10
32964,5
32965,5
32966,5
32967,5
32968,5
32969,5
32970,5
32971,5
32972,5
32973,5
32974,5
32975,5
32976,5
32979,6
32980,6
32981,6
32982,6
32983,6
32984,6
32985,6
32989,6
32990,6
32991,6
32992,6
32993,6
32994,6
32995,6
32996,6
32997,6
33000,6
33001,6
33002,6
33003,6
33007,6
33008,6
33010,6
33011,6
33012,6
33013,6
33014,6
33015,6
33016,5
33017,5
33018,5
33019,5
33020,5
33021,5
33022,5
33023,5
33024,5
33025,5
33026,5
33027,5
33028,5
33034,5
33035,5
33036,5
33037,5
33038,5
33039,5
33041,5
33042,5
33043,6
33044,6
33045,6
33046,6
33047,6
33051,6
33052,6
33053,6
33054,6
33055,6
33056,6
33057,6
33058,6
33059,6
33060,6
33061,6
33062,6
33063,6
33064,6
33065,6
33066,6
33067,6
33068,6
33069,6
33070,6
33071,6
33072,6
33073,6
33074,6
33075,6
33076,6
33077,6
33078,6
33079,6
33080,6
33081,6
33082,6
33083,6
33084,6
33085,6
33086,5
33087,5
33088,5
33089,5
33090,5
33091,5
33092,5
33093,5
33094,5
33095,5
33096,5
33097,5
33098,5
33100,5
33104,5
33105,5
33107,5
33108,5
33109,6
33110,6
33111,6
33112,6
33113,6
33114,6
33115,6
33116,6
33117,6
33118,6
33119,6
33120,6
33121,6
33122,6
33124,6
33125,6
33126,6
33129,6
33130,6
33131,6
33132,6
33133,5
33134,5
33135,6
33136,5
33137,12
33138,5
33139,5
33145,6
33146,5
33147,5
33148,5
33149,5
33150,5
33151,5
33154,5
33155,5
33156,5
33157,5
33158,5
33159,5
33160,5
33161,5
33162,5
33163,5
33164,5
33165,6
33166,6
33167,6
33168,6
33170,6
33171,6
33172,6
33173,6
33174,6
33175,6
33176,6
33177,6
33178,6
33179,6
33180,6
33181,6
33182,6
33183,6
33184,6
33185,6
33186,6
33187,6
33188,6
33189,6
33190,5
33191,5
33192,5
33193,5
33194,5
33195,5
33196,5
33197,5
33198,5
33199,5
33200,5
33201,5
33202,5
33203,5
33204,5
33205,5
33206,5
33207,5
33208,5
33209,5
33210,5
33211,5
33216,5
33217,12
33218,12
33219,12
33220,12
33221,12
33222,12
33223,12
33224,12
33225,5
33226,5
33227,5
33228,5
33229,5
33230,5
33231,5
33232,5
33233,5
33234,5
33235,5
33236,5
33238,5
33239,5
33248,5
33249,5
33250,5
33252,12
33253,12
33255,6
33256,6
33257,6
33258,6
33259,6
33260,6
33261,6
33263,6
33264,6
33265,6
33266,6
33267,6
33268,6
33269,6
33270,6
33271,6
33272,6
33273,6
33274,6
33275,6
33276,6
33277,6
33278,6
33279,6
33280,6
33281,6
33282,6
33283,6
33284,6
33285,6
33286,6
33287,6
33288,6
33289,6
33290,6
33291,6
33292,6
33293,6
33294,6
33295,6
33296,6
33297,6
33298,6
33299,6
33300,6
33301,6
33302,6
33303,6
33304,6
33305,6
33306,6
33307,6
33308,6
33309,6
33310,6
33311,6
33312,6
33313,6
33314,6
33315,6
33316,6
33317,6
33318,6
33319,6
33320,6
33321,6
33322,6
33323,6
33327,6
33330,6
33331,6
33332,5
33333,5
33334,5
33335,5
33336,5
33337,5
33338,5
33340,5
33341,5
33342,5
33343,5
33344,6
33345,6
33346,6
33347,12
33348,12
33350,12
33351,12
33352,12
33354,12
33358,5
33359,6
33360,6
33361,6
33362,6
33363,6
33364,6
33365,6
33366,6
33367,5
33368,5
33369,5
33370,5
33371,5
33372,5
33373,5
33374,5
33375,5
33376,5
33377,5
33378,5
33379,5
33380,5
33381,5
33382,5
33383,5
33384,5
33385,5
33389,12
33395,12
33400,12
33401,12
33402,12
33407,6
33408,6
33409,6
33410,6
33412,6
33416,12
33418,6
33419,6
33424,12
33427,6
33429,12
33431,12
33438,12
33439,6
33440,6
33441,6
33442,6
33443,6
33444,6
33445,6
33446,6
33447,6
33448,6
33449,6
33450,6
33454,6
33456,6
33457,6
33458,6
33461,6
33462,6
33463,6
33464,6
33467,6
33468,6
33469,6
33470,6
33473,6
33483,6
33484,6
33492,12
33493,6
33496,6
33497,6
33498,6
33499,6
33500,6
33501,6
33502,6
33504,1
33505,1
33509,1
33510,1
33511,1
33512,1
33513,1
33514,1
33516,1
33521,6
33522,6
33525,6
33526,6
33527,6
33529,6
33530,6
33531,6
33532,6
33533,6
33534,6
33536,6
33540,6
33543,6
33544,6
33545,6
33546,6
33547,6
33548,6
33549,6
33550,6
33557,12
33560,12
33562,6
33563,6
33564,6
33565,6
33566,6
33567,6
33568,6
33569,6
33570,6
33571,6
33572,6
33573,6
33574,6
33575,6
33577,6
33578,6
33579,6
33580,6
33581,6
33582,6
33583,6
33584,6
33586,6
33588,6
33592,6
33593,6
33597,6
33602,12
33603,12
33609,12
33610,12
33611,12
33612,12
33613,12
33614,12
33622,6
33633,6
33634,6
33635,6
33637,6
33638,6
33640,6
33641,6
33642,6
33643,6
33644,6
33645,6
33649,6
33656,6
33657,6
33658,6
33659,6
33660,6
33661,6
33662,6
33663,6
33664,6
33684,5
33685,6
33686,6
33689,6
33693,6
33694,6
33695,6
33706,6
33707,6
33709,6
33713,6
33720,6
33721,6
33722,6
33724,6
33725,6
33726,6
33727,6
33728,6
33729,6
33730,6
33731,6
33732,6
33733,6
33734,6
33735,6
33736,6
33737,6
33740,6
33746,6
33748,6
33749,6
33750,6
33753,6
33754,6
33756,12
33761,6
33765,6
33766,6
33767,6
33772,6
33781,6
33782,6
33783,6
33784,6
33785,6
33786,6
33787,6
33788,6
33789,6
33793,6
33794,6
33795,6
33800,6
33807,6
33808,6
33813,6
33814,6
33815,6
33816,6
33817,6
33820,6
33822,6
33823,6
33824,6
33825,6
33826,6
33828,6
33829,6
33833,6
33834,6
33836,6
33837,6
33838,6
33839,6
33840,6
33843,6
33844,6
33846,6
33847,6
33866,6
33867,6
33868,6
33869,6
33871,6
33872,6
33873,6
33874,6
33875,6
33877,6
33878,6
33879,6
33880,6
33881,6
33882,6
33883,6
33884,6
33885,6
33886,6
33887,6
33888,6
33889,6
33890,6
33891,6
33898,6
33899,6
33900,6
33901,6
33903,6
33904,6
33905,6
33906,6
33907,6
33908,6
33909,6
33910,6
33911,6
33913,6
33914,6
33915,6
33916,6
33917,6
33918,6
33919,6
33920,6
33921,6
33923,6
33924,6
33925,6
33926,6
33927,6
33928,6
33929,6
33930,6
33931,6
33933,6
33938,6
33940,6
33942,6
33943,6
33944,6
33945,6
33946,6
33947,6
33948,6
33949,6
33950,6
33951,6
33952,6
33954,6
33955,6
33956,6
33957,6
33958,6
33959,6
33960,6
33961,6
33962,6
33963,6
33964,6
33965,6
33966,6
33967,6
33968,6
33969,6
33970,6
33971,6
33972,6
33973,6
33974,6
33975,6
33976,6
33977,6
33978,6
33979,6
33980,6
33981,6
33982,6
33987,6
33988,6
33989,6
33990,6
33991,6
33995,6
33996,6
33997,6
33998,6
34004,6
34006,6
34008,6
34012,6
34013,6
34014,6
34015,6
34016,6
34019,6
34024,6
34025,6
34026,6
34027,6
34028,6
34029,6
34030,6
34031,6
34032,6
34033,6
34034,6
34035,6
34039,6
34040,6
34041,6
34042,6
34043,6
34047,6
34048,6
34053,6
34054,6
34055,6
34059,6
34060,6
34061,6
34062,6
34063,6
34064,6
34066,6
34067,6
34068,6
34069,6
34070,6
34071,6
34072,6
34073,6
34074,6
34075,6
34076,6
34077,6
34078,6
34079,6
34080,6
34083,6
34084,6
34087,6
34088,6
34089,6
34090,6
34091,6
34092,6
34093,6
34094,6
34095,6
34096,6
34097,6
34098,6
34099,6
34100,6
34101,6
34102,6
34103,6
34104,6
34105,6
34106,6
34107,6
34108,6
34110,6
34111,6
34112,6
34113,6
34114,6
34115,6
34116,6
34117,6
34118,6
34119,6
34120,6
34121,6
34122,6
34123,6
34124,6
34127,6
34128,6
34129,6
34130,6
34131,6
34132,6
34133,6
34134,6
34135,6
34140,6
34141,6
34142,6
34143,6
34144,6
34145,6
34146,6
34147,6
34148,6
34149,6
34150,6
34151,6
34152,6
34153,6
34154,6
34155,6
34157,6
34158,6
34159,6
34160,6
34162,6
34163,6
34164,6
34165,6
34167,6
34168,6
34170,6
34171,6
34172,6
34173,6
34174,6
34175,6
34176,6
34177,6
34178,6
34179,6
34180,6
34181,6
34182,6
34183,6
34184,6
34185,6
34189,6
34191,6
34192,6
34193,6
34194,6
34195,6
34196,6
34197,6
34198,6
34199,6
34200,6
34201,6
34204,6
34205,6
34206,6
34207,6
34208,6
34209,6
34210,6
34211,6
34212,6
34213,6
34214,6
34215,6
34216,6
34217,6
34218,6
34219,6
34220,6
34221,6
34222,6
34223,6
34224,6
34225,6
34227,6
34228,6
34229,6
34230,6
34231,6
34232,6
34233,6
34234,6
34235,6
34236,6
34237,6
34238,6
34239,6
34240,6
34241,6
34242,6
34243,6
34244,6
34248,6
34249,6
34250,6
34251,6
34252,6
34253,6
34254,6
34255,6
34256,6
34257,6
34258,6
34259,6
34260,6
34261,6
34262,6
34263,6
34264,6
34267,6
34268,6
34269,6
34271,6
34276,6
34277,6
34278,6
34279,6
34280,6
34281,6
34282,6
34283,6
34284,6
34285,6
34286,6
34287,6
34288,6
34289,6
34290,6
34291,6
34292,6
34293,6
34294,6
34295,6
34299,6
34304,6
34307,6
34308,6
34309,6
34311,6
34312,6
34313,6
34314,6
34315,6
34316,6
34317,6
34318,6
34319,6
34321,6
34325,6
34326,6
34327,6
34328,6
34329,6
34330,6
34331,6
34332,6
34333,6
34335,6
34336,6
34337,6
34338,6
34339,6
34340,6
34341,6
34343,6
34344,6
34345,6
34346,6
34347,6
34348,6
34351,6
34352,6
34353,6
34354,6
34355,6
34359,6
34360,6
34361,6
34362,6
34364,6
34365,6
34375,6
34376,6
34377,6
34378,6
34379,6
34380,6
34381,6
34382,6
34392,6
34393,6
34397,6
34398,6
34399,6
34400,6
34401,6
34402,6
34403,6
34404,6
34405,6
34406,6
34407,6
34409,6
34410,6
34411,6
34412,6
34413,6
34414,6
34415,6
34418,6
34420,6
34421,6
34422,6
34423,6
34424,6
34425,6
34426,6
34427,6
34428,6
34429,6
34431,6
34432,6
34433,6
34434,6
34435,6
34436,6
34437,6
34438,6
34439,6
34440,6
34441,6
34442,6
34445,6
34446,6
34447,6
34448,6
34449,6
34450,6
34451,6
34452,6
34453,6
34454,6
34455,6
34456,6
34457,6
34458,6
34459,6
34461,6
34462,6
34463,6
34464,6
34465,6
34466,6
34469,6
34470,6
34471,6
34472,6
34473,6
34474,6
34475,6
34476,6
34477,6
34478,6
34483,6
34496,6
34497,6
34498,6
34499,6
34500,6
34501,6
34502,6
34503,6
34504,6
34505,6
34506,6
34507,6
34508,6
34509,6
34510,6
34511,6
34512,6
34513,6
34514,6
34515,6
34516,6
34517,6
34518,6
34519,6
34520,6
34521,6
34522,6
34523,6
34524,6
34525,6
34526,6
34527,6
34528,6
34529,6
34530,6
34531,6
34532,6
34533,6
34534,6
34535,6
34536,6
34537,6
34538,6
34539,6
34540,6
34541,6
34542,6
34543,6
34544,6
34545,6
34546,6
34547,6
34548,6
34549,6
34550,6
34551,6
34552,6
34553,6
34554,6
34555,6
34556,6
34557,6
34558,6
34559,6
34560,6
34561,6
34562,6
34563,6
34564,6
34565,6
34566,6
34567,6
34568,6
34569,6
34570,6
34571,6
34572,6
34573,6
34574,6
34575,6
34576,6
34577,6
34578,6
34579,6
34580,6
34581,6
34582,6
34583,6
34584,6
34585,6
34586,6
34587,6
34588,6
34589,6
34591,6
34592,6
34593,6
34596,6
34597,6
34598,6
34599,6
34600,6
34601,6
34602,6
34609,6
34610,6
34612,6
34616,6
34617,6
34619,6
34622,6
34623,6
34624,6
34631,6
34632,6
34633,6
34634,6
34635,6
34636,6
34637,6
34639,6
34640,6
34641,6
34642,6
34645,6
34646,6
34647,6
34648,6
34649,6
34650,6
34651,6
34652,6
34653,6
34654,6
34655,6
34656,6
34657,6
34658,6
34659,6
34660,6
34661,6
34662,6
34663,6
34664,6
34665,6
34666,6
34667,6
34668,6
34670,1
34671,1
34672,1
34673,1
34674,6
34675,6
34676,6
34677,6
34678,6
34679,6
34680,6
34681,6
34682,6
34683,6
34684,6
34685,6
34686,6
34688,6
34690,6
34691,6
34692,6
34693,6
34694,6
34696,6
34697,6
34698,6
34699,6
34700,6
34701,6
34702,6
34703,6
34704,6
34705,6
34706,6
34707,6
34708,6
34709,6
34710,6
34711,6
34712,6
34713,6
34714,6
34715,6
34716,6
34717,6
34718,6
34719,6
34720,6
34721,6
34722,6
34723,6
34724,6
34725,6
34726,6
34727,6
34728,6
34729,6
34730,6
34731,6
34732,6
34733,6
34734,6
34735,6
34736,6
34737,6
34738,6
34739,6
34740,6
34741,6
34742,6
34743,6
34746,6
34747,6
34751,6
34755,6
34756,6
34757,6
34758,6
34760,6
34761,6
34765,6
34766,6
34769,6
34770,6
34771,6
34772,6
34773,6
34774,6
34775,6
34776,6
34777,6
34778,6
34779,6
34780,6
34781,6
34782,6
34783,6
34784,6
34785,6
34786,6
34787,6
34788,6
34789,6
34790,6
34791,6
34792,6
34793,6
34794,6
34795,6
34801,6
34802,6
34803,6
34804,6
34805,6
34806,6
34807,6
34808,6
34809,6
34810,6
34811,6
34812,6
34813,6
34814,6
34815,6
34816,6
34817,6
34818,6
34819,6
34820,6
34821,6
34822,6
34823,6
34824,6
34825,6
34826,6
34827,6
34828,6
34829,6
34830,6
34831,6
34833,6
34834,6
34835,6
34836,6
34837,6
34838,6
34839,6
34840,6
34841,6
34842,6
34843,6
34844,6
34845,6
34846,6
34847,6
34848,6
34849,6
34850,6
34851,6
34855,6
34856,6
34857,6
34858,6
34859,6
34860,6
34861,6
34862,6
34865,6
34866,6
34867,6
34868,6
34869,6
34870,6
34871,6
34872,6
34873,6
34874,6
34875,6
34876,6
34877,6
34878,6
34879,6
34881,6
34882,6
34883,6
34884,6
34885,6
34886,6
34887,6
34888,6
34889,6
34890,6
34891,6
34893,6
34894,6
34895,6
34896,6
34897,6
34898,6
34899,6
34900,6
34904,12
34905,12
34906,12
34907,6
34908,6
34909,6
34910,6
34911,6
34912,6
34913,6
34914,6
34915,6
34916,6
34917,6
34918,6
34920,6
34921,6
34922,6
34923,6
34924,6
34925,6
34926,6
34929,6
34931,6
34932,6
34934,6
34935,6
34936,6
34937,6
34938,6
34939,6
34940,6
34941,6
34942,6
34943,6
34944,6
34945,6
34946,6
34947,6
34948,6
34949,6
34950,6
34951,6
34952,6
34953,6
34954,6
34955,6
34956,6
34957,6
34958,6
34959,6
34960,6
34962,6
34963,6
34964,6
34965,6
34966,6
34967,6
34968,6
34969,6
34971,6
34972,6
34976,6
34977,6
34978,6
34979,6
34980,6
34981,6
34982,6
34983,6
34984,6
34985,6
34986,6
34987,6
34991,6
34992,6
34993,6
34994,6
34995,6
34996,6
34997,6
34998,6
34999,6
35000,6
35001,6
35002,6
35003,6
35004,6
35005,6
35006,6
35007,6
35008,6
35009,6
35010,6
35011,6
35012,6
35013,6
35014,6
35015,6
35016,6
35017,6
35018,6
35019,6
35021,6
35022,6
35023,6
35024,6
35025,6
35026,6
35027,6
35028,6
35029,6
35030,6
35031,6
35032,6
35033,6
35035,6
35036,6
35037,6
35038,6
35040,6
35041,6
35044,6
35045,6
35047,6
35049,6
35050,6
35051,6
35055,6
35056,6
35057,6
35058,6
35059,6
35060,6
35061,6
35062,6
35063,6
35064,6
35065,6
35066,6
35067,6
35068,6
35069,6
35070,6
35071,6
35072,6
35073,6
35074,6
35075,6
35077,6
35079,6
35080,6
35081,6
35082,6
35083,6
35084,6
35085,6
35086,6
35087,6
35088,6
35089,6
35090,6
35091,6
35092,6
35093,6
35094,6
35095,6
35096,6
35097,6
35098,6
35099,6
35100,6
35101,6
35102,6
35103,6
35104,6
35106,6
35128,6
35129,6
35136,6
35137,6
35139,6
35140,6
35141,6
35142,6
35143,6
35144,6
35145,6
35146,6
35147,6
35148,6
35149,6
35150,6
35151,6
35152,6
35153,6
35154,6
35155,6
35156,6
35157,6
35158,6
35159,6
35161,6
35162,6
35166,6
35167,6
35168,6
35169,6
35170,6
35171,6
35172,6
35174,6
35176,6
35185,6
35186,6
35187,6
35188,6
35189,6
35190,6
35191,6
35192,6
35193,6
35194,6
35195,6
35196,6
35197,6
35201,6
35202,6
35203,6
35204,6
35205,6
35206,6
35207,6
35208,6
35209,6
35210,6
35211,6
35212,6
35213,6
35214,6
35215,6
35216,6
35217,6
35218,6
35219,6
35220,6
35221,6
35222,6
35225,6
35226,6
35227,6
35228,6
35229,6
35231,6
35232,6
35233,6
35234,6
35235,6
35236,6
35237,6
35238,6
35239,6
35240,6
35241,6
35242,6
35243,6
35244,6
35245,6
35247,6
35248,6
35249,6
35250,6
35251,6
35252,6
35253,6
35254,6
35255,6
35256,6
35257,6
35258,6
35259,6
35260,6
35261,6
35262,6
35264,6
35265,6
35266,6
35271,6
35272,6
35273,6
35274,6
35275,6
35276,6
35277,6
35279,6
35280,6
35281,6
35282,6
35283,6
35284,6
35285,6
35286,6
35289,1
35290,1
35291,6
35292,6
35293,6
35294,6
35295,6
35296,6
35297,6
35298,6
35317,6
35322,6
35329,6
35330,6
35331,6
35332,6
35333,6
35334,6
35335,6
35337,6
35338,6
35339,6
35340,6
35341,6
35342,6
35343,6
35344,6
35345,6
35346,6
35347,4
35350,6
35353,6
35356,6
35357,6
35367,4
35368,4
35369,6
35370,6
35371,6
35372,6
35373,6
35374,6
35375,6
35376,6
35377,6
35378,6
35379,6
35380,6
35381,6
35382,6
35383,6
35384,6
35385,6
35386,6
35387,6
35388,6
35389,6
35390,6
35391,6
35392,6
35393,6
35394,6
35395,6
35396,6
35397,6
35398,6
35399,6
35400,6
35402,6
35406,6
35407,6
35408,6
35416,6
35429,6
35430,6
35431,6
35432,6
35433,6
35434,6
35444,6
35448,3
35450,6
35459,6
35460,6
35462,6
35463,6
35464,6
35481,6
35482,6
35486,6
35487,6
35488,6
35491,6
35492,6
35494,6
35495,6
35496,6
35499,6
35500,6
35501,6
35503,12
35504,12
35505,6
35506,6
35507,6
35508,6
35509,6
35510,6
35511,6
35523,6
35524,6
35527,6
35530,2
35536,6
35537,6
35549,6
35550,6
35551,6
35552,6
35553,6
35554,6
35555,6
35556,6
35557,6
35558,2
35567,2
35568,2
35569,12
35570,12
35576,1
35577,6
35578,6
35579,6
35580,1
35581,1
35583,1
35584,1
35590,1
35591,12
35593,1
35596,6
35597,1
35599,1
35600,1
35603,12
35611,6
35614,6
35616,6
35617,6
35618,6
35619,6
35620,6
35621,6
35622,6
35623,6
35624,6
35625,6
35626,6
35627,6
35628,6
35629,6
35630,6
35631,6
35632,6
35633,6
35634,6
35635,6
35636,6
35637,6
35638,6
35639,6
35640,6
35641,6
35642,6
35643,6
35644,6
35645,6
35646,6
35647,6
35648,6
35649,6
35650,6
35651,6
35652,6
35654,6
35656,6
35659,6
35660,6
35661,6
35662,6
35663,6
35664,6
35665,6
35666,6
35667,6
35668,6
35669,6
35670,6
35671,6
35672,6
35673,6
35674,6
35675,6
35676,6
35677,6
35678,6
35679,6
35680,6
35682,6
35683,6
35684,6
35685,6
35686,6
35687,6
35688,6
35689,6
35690,6
35691,6
35692,6
35693,6
35694,6
35695,6
35696,6
35697,6
35698,6
35699,6
35700,6
35701,6
35702,6
35703,6
35704,6
35705,6
35706,6
35707,6
35708,6
35709,6
35711,6
35712,6
35713,6
35714,6
35715,6
35716,6
35717,6
35718,6
35719,6
35725,6
35730,6
35731,6
35732,6
35733,6
35734,6
35735,6
35736,6
35737,6
35738,6
35739,6
35744,6
35745,6
35746,6
35747,6
35748,6
35750,6
35751,6
35759,6
35760,6
35761,6
35762,6
35763,6
35764,6
35765,6
35766,6
35778,6
35782,6
35784,6
35786,6
35787,6
35788,6
35797,6
35798,6
35807,6
35808,6
35809,6
35810,6
35811,6
35812,6
35813,6
35814,6
35815,6
35816,6
35817,6
35818,6
35819,6
35820,6
35821,6
35822,6
35828,6
35834,6
35835,6
35836,6
35837,6
35838,6
35839,6
35840,6
35841,6
35842,6
35843,6
35844,6
35845,6
35846,6
35847,6
35861,6
35865,6
35867,6
35868,6
35869,6
35870,6
35871,6
35872,6
35873,6
35874,6
35875,6
35876,6
35877,6
35878,6
35879,6
35880,6
35881,6
35882,6
35883,6
35884,6
35893,1
35895,6
35896,6
35897,6
35898,1
35900,1
35905,6
35906,6
35907,6
35908,6
35909,4
35910,4
35912,4
35914,6
35915,6
35919,6
35920,6
35921,6
35922,6
35923,6
35924,6
35925,6
35926,6
35927,6
35928,6
35931,1
35932,6
35933,6
35934,6
35935,6
35937,6
35938,6
35939,6
35940,6
35941,6
35942,6
35943,6
35944,6
35945,6
35946,6
35947,6
35948,6
35951,3
35952,3
35953,1
35954,1
35955,1
35957,6
35958,6
35959,6
35960,6
35961,6
35962,6
35963,6
35964,6
35965,6
35966,6
35967,6
35968,6
35969,6
35970,6
35971,6
35972,6
35973,6
35974,6
35975,6
35976,6
35977,6
35979,6
35980,6
35981,6
35982,6
35983,6
35984,6
35985,6
35986,6
35996,6
35997,6
35998,6
35999,6
36000,6
36001,6
36002,6
36003,6
36004,6
36005,6
36006,6
36007,6
36008,6
36009,6
36010,6
36011,6
36012,6
36013,6
36014,6
36015,6
36016,6
36017,6
36018,6
36019,6
36020,6
36021,6
36022,6
36023,6
36024,6
36025,6
36026,6
36027,6
36028,6
36029,6
36030,6
36031,6
36032,6
36033,6
36034,6
36035,6
36036,6
36037,6
36038,6
36039,6
36040,6
36041,6
36042,6
36046,6
36047,6
36048,6
36049,6
36050,6
36051,6
36052,6
36053,6
36054,6
36055,6
36056,6
36057,6
36058,6
36059,6
36061,6
36062,6
36063,6
36064,6
36065,6
36066,6
36067,6
36068,6
36069,6
36070,6
36071,6
36072,6
36073,6
36074,6
36075,6
36076,6
36077,6
36078,6
36079,6
36080,6
36081,6
36082,6
36083,6
36084,6
36085,6
36086,6
36088,6
36089,6
36090,6
36091,6
36092,6
36094,6
36095,6
36096,6
36097,6
36098,6
36099,6
36100,6
36101,6
36102,6
36103,6
36104,6
36105,6
36106,6
36107,6
36108,6
36109,6
36111,6
36112,6
36113,6
36115,6
36116,6
36117,6
36131,6
36132,6
36134,6
36135,6
36136,6
36137,6
36138,6
36141,6
36142,6
36153,4
36159,6
36160,6
36161,6
36162,6
36163,6
36164,6
36165,6
36166,6
36167,6
36168,6
36169,6
36170,6
36171,6
36172,6
36174,6
36176,6
36177,6
36178,6
36179,6
36182,6
36183,6
36184,6
36185,6
36186,6
36188,6
36189,6
36192,6
36193,6
36194,6
36195,6
36199,6
36201,6
36202,6
36203,6
36204,6
36205,6
36206,6
36207,6
36208,6
36209,6
36210,6
36211,6
36212,6
36213,6
36214,6
36219,6
36220,6
36221,6
36222,6
36223,6
36228,6
36229,6
36230,6
36236,6
36238,6
36239,6
36240,6
36241,6
36242,6
36243,6
36244,6
36245,6
36246,6
36247,6
36248,6
36249,6
36250,6
36251,6
36252,6
36254,6
36255,6
36256,6
36257,6
36260,6
36261,6
36262,6
36263,6
36265,6
36266,6
36267,6
36268,6
36269,6
36271,6
36272,6
36273,6
36274,6
36275,6
36276,6
36277,6
36278,6
36279,6
36280,6
36281,6
36282,6
36283,6
36284,6
36285,6
36286,6
36287,6
36288,6
36289,6
36290,6
36291,6
36292,6
36293,6
36294,6
36295,6
36296,6
36297,6
36298,6
36301,6
36303,6
36304,6
36305,6
36306,6
36307,6
36308,6
36309,6
36310,6
36311,6
36312,6
36313,6
36314,6
36315,6
36316,6
36317,6
36318,6
36319,6
36320,6
36321,6
36322,6
36323,6
36324,6
36325,6
36326,6
36327,6
36328,6
36329,6
36330,6
36331,6
36332,6
36333,6
36334,6
36335,6
36336,6
36337,6
36338,6
36340,6
36341,6
36342,6
36343,6
36344,6
36345,6
36346,6
36347,6
36348,6
36352,6
36353,6
36354,6
36355,6
36356,6
36358,6
36359,6
36360,6
36361,6
36362,6
36363,6
36364,6
36365,6
36366,6
36367,6
36368,6
36374,6
36375,6
36376,6
36377,6
36378,6
36379,6
36380,6
36381,6
36382,6
36383,6
36384,6
36385,6
36386,6
36387,6
36388,6
36389,6
36390,6
36391,6
36392,6
36393,6
36394,6
36395,6
36396,6
36397,6
36398,6
36399,6
36400,6
36401,6
36402,6
36403,6
36404,6
36405,6
36406,6
36407,6
36408,6
36409,6
36410,6
36411,6
36412,6
36413,6
36414,6
36415,6
36416,6
36417,6
36418,6
36419,6
36420,6
36421,6
36422,6
36423,6
36424,6
36425,6
36426,6
36427,6
36428,6
36429,6
36430,6
36431,6
36432,6
36433,6
36434,6
36435,6
36436,6
36437,6
36438,6
36439,6
36440,6
36441,6
36442,6
36443,6
36444,6
36445,6
36446,6
36447,6
36448,6
36449,6
36450,6
36451,6
36452,6
36453,6
36454,6
36455,6
36456,6
36457,6
36458,6
36459,6
36460,6
36461,6
36462,6
36463,6
36464,6
36465,6
36466,6
36467,6
36468,6
36469,6
36470,12
36471,12
36472,6
36473,6
36474,6
36475,6
36476,6
36477,6
36478,6
36479,6
36480,6
36481,12
36482,6
36483,12
36487,7
36488,6
36489,6
36490,6
36491,6
36492,6
36493,6
36494,6
36495,6
36496,6
36497,6
36498,6
36499,6
36500,6
36501,6
36502,6
36503,6
36504,6
36505,6
36506,6
36507,6
36508,6
36509,6
36510,6
36511,6
36512,6
36513,6
36514,6
36515,6
36516,6
36517,6
36518,6
36519,6
36520,6
36521,6
36522,6
36523,6
36524,6
36525,6
36526,6
36527,6
36528,6
36529,6
36530,6
36531,6
36532,6
36533,6
36534,6
36535,6
36536,6
36537,6
36538,6
36539,6
36540,6
36541,6
36542,6
36543,6
36544,6
36545,6
36546,6
36547,6
36548,6
36549,6
36550,6
36551,6
36552,6
36553,6
36554,6
36555,6
36556,6
36557,6
36558,6
36559,6
36560,6
36561,6
36563,6
36564,6
36566,6
36567,6
36568,6
36569,6
36570,6
36571,6
36572,6
36573,6
36574,6
36575,6
36576,6
36577,6
36587,6
36588,6
36589,6
36590,6
36592,6
36593,6
36594,6
36595,6
36596,6
36597,6
36600,6
36601,6
36602,6
36603,6
36604,6
36605,6
36606,6
36607,6
36608,6
36609,6
36610,6
36611,6
36612,6
36614,6
36615,6
36616,12
36617,12
36618,12
36619,12
36620,6
36621,6
36623,6
36624,6
36625,6
36626,6
36627,6
36628,6
36629,6
36630,6
36631,6
36632,6
36633,6
36634,6
36635,6
36636,6
36639,6
36640,6
36641,6
36642,6
36643,6
36644,6
36645,6
36646,6
36647,6
36648,6
36649,6
36650,6
36651,6
36653,6
36654,6
36655,6
36656,6
36657,6
36658,6
36659,6
36660,6
36661,12
36662,12
36663,12
36664,12
36665,6
36666,6
36667,6
36669,6
36670,6
36671,6
36672,6
36673,6
36674,6
36675,6
36676,6
36677,6
36678,6
36679,6
36680,6
36681,6
36682,6
36683,6
36684,6
36685,6
36686,6
36687,6
36688,6
36689,6
36690,6
36691,6
36692,6
36693,6
36694,6
36695,6
36696,6
36697,6
36698,6
36699,6
36700,6
36701,6
36702,6
36705,6
36706,6
36707,6
36708,6
36709,6
36710,6
36711,6
36712,6
36713,6
36714,6
36715,7
36716,7
36717,7
36718,7
36719,7
36720,7
36721,7
36722,6
36723,6
36724,6
36725,6
36726,6
36727,6
36728,6
36729,6
36730,6
36731,6
36732,6
36733,6
36734,6
36735,6
36736,6
36737,6
36738,6
36739,6
36740,6
36741,6
36742,6
36743,6
36744,6
36745,6
36746,6
36747,6
36748,6
36749,6
36750,6
36751,6
36752,6
36753,6
36754,6
36755,6
36756,6
36757,6
36758,6
36759,6
36760,6
36761,6
36762,6
36763,6
36764,6
36765,6
36766,6
36767,6
36768,6
36769,6
36770,6
36771,6
36772,6
36773,6
36774,6
36775,6
36776,6
36777,6
36778,6
36779,6
36780,6
36781,6
36782,6
36783,6
36784,6
36787,6
36789,6
36790,6
36791,6
36792,6
36793,6
36794,6
36796,6
36797,6
36798,6
36799,6
36800,6
36801,6
36802,6
36803,6
36804,6
36805,6
36806,6
36807,6
36808,6
36809,7
36810,7
36811,7
36812,6
36813,6
36814,6
36815,6
36816,6
36817,6
36818,6
36819,6
36820,6
36821,6
36822,6
36823,6
36825,6
36826,6
36827,6
36828,6
36829,6
36830,6
36831,6
36832,6
36833,6
36834,6
36837,6
36838,6
36839,6
36840,6
36841,6
36842,6
36843,6
36844,6
36845,6
36846,6
36847,6
36848,6
36849,6
36850,6
36851,6
36852,6
36853,6
36854,6
36855,6
36856,6
36857,6
36858,6
36859,6
36860,6
36861,6
36862,6
36863,6
36864,6
36868,1
36869,6
36870,6
36873,6
36874,6
36876,6
36877,6
36878,6
36879,6
36880,6
36881,6
36882,6
36884,6
36885,6
36886,6
36887,6
36889,6
36890,6
36891,6
36892,6
36893,6
36894,6
36895,6
36896,6
36897,6
36898,6
36899,6
36900,6
36901,6
36902,6
36903,6
36904,6
36905,6
36906,6
36907,6
36911,6
36912,6
36913,6
36914,6
36915,6
36916,6
36917,6
36918,6
36919,7
36920,7
36921,6
36922,6
36923,6
36924,6
36925,6
36926,6
36927,6
36928,6
36929,6
36930,6
36931,6
36932,6
36933,6
36934,6
36935,6
36936,6
36937,6
36939,6
36940,6
36941,6
36942,6
36943,6
36944,6
36945,6
36946,6
36947,6
36948,6
36949,6
36950,6
36951,6
36952,6
36953,6
36955,6
36956,6
36957,6
36958,6
36959,6
36960,6
36961,6
36962,6
36963,6
36964,6
36965,6
36966,6
36967,6
36968,6
36969,6
36970,6
36971,6
36972,6
36973,6
36974,6
36975,6
36976,6
36977,6
36978,6
36979,6
36980,6
36981,6
36982,6
36983,6
36984,6
36985,6
36986,6
36987,6
36988,6
36989,6
36990,6
36991,6
36992,6
36993,6
36994,6
36995,6
36996,6
36997,6
36998,6
36999,6
37000,6
37001,6
37002,6
37003,6
37004,6
37005,6
37006,6
37007,6
37008,6
37009,6
37010,6
37011,6
37012,6
37013,6
37014,6
37015,6
37016,6
37017,6
37018,6
37019,6
37020,6
37021,6
37022,6
37023,6
37024,6
37025,6
37026,6
37027,6
37028,6
37029,6
37030,6
37031,6
37032,6
37033,6
37034,6
37035,6
37036,6
37037,6
37038,6
37039,6
37040,6
37041,6
37042,6
37043,6
37044,6
37045,6
37046,6
37047,6
37048,6
37049,6
37050,6
37051,6
37052,6
37053,6
37054,6
37055,6
37056,6
37057,6
37058,6
37059,6
37060,6
37062,6
37063,6
37064,6
37065,6
37066,6
37067,6
37068,6
37069,6
37070,6
37071,6
37072,6
37073,6
37074,6
37075,6
37076,6
37077,6
37078,6
37079,6
37080,6
37081,6
37082,6
37083,6
37084,6
37085,6
37086,6
37087,6
37088,6
37091,6
37092,6
37093,6
37094,6
37095,6
37096,6
37097,6
37098,6
37099,6
37100,6
37101,6
37102,6
37103,6
37104,6
37105,6
37106,6
37107,6
37108,6
37109,6
37110,6
37111,6
37112,1
37113,6
37114,6
37119,6
37120,6
37121,6
37122,6
37123,6
37124,6
37125,6
37126,6
37127,6
37128,6
37129,6
37130,6
37131,6
37132,6
37133,6
37134,6
37135,6
37136,6
37137,6
37140,6
37141,6
37142,6
37144,6
37145,6
37146,6
37147,6
37148,6
37149,6
37150,6
37151,6
37152,6
37153,6
37154,6
37155,6
37156,6
37157,6
37158,6
37159,6
37160,6
37161,6
37162,6
37163,6
37164,6
37165,6
37166,6
37167,6
37168,6
37169,6
37175,6
37177,6
37179,6
37180,6
37181,6
37182,6
37183,6
37184,6
37185,6
37186,6
37187,6
37188,6
37189,6
37190,6
37191,6
37192,6
37193,6
37194,6
37195,6
37196,6
37197,12
37198,12
37199,12
37201,12
37202,12
37203,12
37204,6
37205,12
37206,12
37207,12
37208,12
37209,6
37210,6
37211,6
37212,6
37213,6
37214,6
37215,6
37216,6
37217,6
37218,6
37219,6
37220,6
37221,6
37222,6
37223,6
37224,6
37225,6
37226,6
37227,6
37228,6
37229,6
37230,6
37231,6
37232,6
37233,6
37234,6
37235,6
37236,6
37237,6
37238,6
37239,6
37240,6
37241,6
37242,6
37243,6
37244,6
37245,6
37246,6
37247,6
37248,6
37249,6
37250,6
37251,7
37252,7
37253,7
37254,7
37255,7
37256,7
37257,7
37258,7
37259,7
37260,7
37261,7
37262,7
37263,7
37264,6
37265,6
37266,6
37270,6
37271,6
37272,6
37273,6
37274,6
37275,6
37276,6
37277,6
37278,6
37279,6
37280,6
37281,6
37282,6
37283,6
37284,6
37285,6
37286,6
37287,6
37288,6
37289,6
37290,6
37291,6
37292,6
37293,6
37294,6
37295,6
37296,6
37297,6
37299,6
37300,6
37301,6
37302,6
37303,6
37304,6
37305,6
37306,6
37307,6
37308,6
37309,6
37310,6
37311,6
37312,6
37313,6
37314,6
37315,6
37316,6
37317,6
37318,6
37319,6
37320,6
37321,6
37322,6
37323,6
37324,6
37325,6
37326,6
37327,6
37328,6
37329,6
37330,6
37331,6
37332,6
37333,6
37334,6
37335,6
37336,6
37337,6
37338,6
37339,6
37340,6
37341,6
37342,6
37343,6
37344,6
37345,6
37346,6
37347,6
37348,6
37349,6
37350,6
37351,6
37352,6
37353,6
37354,6
37355,6
37356,6
37357,6
37358,6
37359,6
37360,6
37361,6
37362,6
37363,6
37364,6
37365,6
37366,6
37367,6
37368,6
37369,6
37370,6
37371,6
37372,6
37373,6
37374,6
37375,6
37376,6
37377,6
37378,6
37379,6
37380,6
37381,6
37382,6
37383,6
37384,6
37385,6
37386,6
37387,6
37388,6
37389,6
37390,6
37391,6
37392,6
37393,6
37394,6
37395,6
37396,6
37397,6
37398,6
37399,6
37400,6
37401,6
37402,6
37403,6
37404,6
37405,6
37406,6
37407,6
37408,6
37409,6
37410,6
37411,6
37412,6
37413,6
37416,6
37417,6
37418,6
37420,6
37421,6
37422,6
37423,6
37424,6
37425,6
37426,6
37427,6
37428,12
37429,12
37430,12
37431,12
37432,12
37433,12
37434,12
37435,12
37439,2
37440,2
37441,2
37442,2
37443,2
37444,2
37445,2
37446,1
37447,7
37448,7
37449,7
37450,7
37451,6
37452,6
37453,6
37454,6
37455,6
37456,6
37457,6
37458,6
37459,6
37460,6
37461,7
37462,7
37463,7
37464,7
37465,7
37466,7
37467,7
37468,7
37469,7
37470,7
37471,7
37472,12
37473,12
37474,12
37475,12
37476,12
37477,12
37478,6
37479,6
37480,6
37481,6
37482,6
37483,6
37484,6
37485,7
37486,7
37492,7
37493,7
37494,7
37495,7
37496,7
37497,7
37501,6
37502,6
37503,6
37504,6
37505,6
37506,6
37507,7
37508,7
37509,7
37510,7
37511,6
37516,6
37517,6
37518,7
37519,6
37520,6
37523,6
37524,6
37525,6
37526,7
37528,7
37529,7
37530,7
37531,7
37532,7
37536,7
37537,7
37538,7
37539,6
37540,6
37541,6
37542,7
37543,6
37544,6
37545,6
37546,6
37547,6
37548,6
37549,6
37550,6
37551,6
37552,6
37553,6
37554,6
37555,6
37556,6
37557,6
37558,6
37559,6
37560,6
37561,6
37562,6
37563,6
37564,7
37565,7
37566,7
37567,6
37568,6
37569,6
37570,6
37571,6
37572,6
37573,6
37574,6
37575,6
37584,6
37585,6
37587,6
37589,6
37590,6
37591,6
37592,6
37593,6
37594,6
37595,6
37596,6
37598,6
37599,6
37600,6
37601,6
37602,6
37603,6
37604,6
37605,6
37606,6
37607,6
37608,6
37609,6
37610,6
37611,6
37612,6
37613,6
37614,6
37622,6
37623,6
37624,6
37625,6
37626,6
37627,6
37628,6
37629,6
37630,6
37631,6
37632,6
37633,6
37634,6
37635,6
37636,6
37637,12
37638,12
37639,12
37640,12
37644,12
37645,12
37646,12
37647,6
37648,6
37649,6
37650,6
37652,7
37653,7
37654,7
37656,7
37657,7
37658,7
37659,7
37660,7
37666,7
37667,7
37669,6
37670,6
37671,6
37672,6
37673,6
37674,7
37675,7
37676,7
37677,7
37678,7
37681,7
37682,7
37683,6
37684,6
37687,6
37688,6
37689,7
37690,7
37691,7
37697,7
37713,7
37726,7
37727,7
37728,7
37729,7
37730,7
37733,7
37736,7
37749,6
37750,6
37751,6
37752,6
37753,6
37754,6
37756,6
37757,6
37758,6
37762,6
37763,6
37764,6
37765,6
37766,6
37767,6
37768,6
37769,6
37770,6
37771,6
37772,6
37773,6
37774,6
37775,6
37776,6
37777,6
37778,6
37779,7
37780,6
37781,6
37782,6
37783,6
37784,6
37785,6
37786,6
37787,6
37788,6
37789,6
37790,6
37791,6
37792,6
37793,6
37794,6
37795,6
37796,6
37797,6
37798,6
37799,6
37800,6
37802,6
37803,6
37804,6
37805,6
37811,6
37813,6
37814,6
37815,6
37816,6
37817,6
37818,6
37819,12
37820,12
37821,12
37822,12
37823,12
37824,12
37825,12
37826,12
37827,6
37828,6
37829,6
37830,6
37831,6
37832,6
37833,6
37834,6
37835,6
37836,6
37837,6
37838,6
37839,6
37840,6
37841,6
37842,6
37843,6
37844,6
37845,6
37848,6
37849,6
37850,6
37851,6
37852,6
37853,7
37854,7
37855,7
37856,7
37857,7
37858,7
37859,7
37860,7
37861,7
37862,7
37864,6
37865,6
37866,6
37867,12
37868,12
37869,12
37881,6
37882,6
37883,6
37884,6
37885,6
37886,6
37887,6
37888,6
37889,6
37890,6
37891,6
37892,6
37908,12
37909,12
37910,12
37911,12
37914,6
37916,6
37917,6
37918,6
37919,6
37921,6
37924,6
37927,6
37928,6
37930,6
37932,6
37933,6
37934,6
37935,6
37937,6
37938,6
37939,6
37940,6
37941,6
37942,6
37943,6
37944,6
37945,6
37946,6
37947,6
37948,6
37949,6
37953,7
37956,7
37957,7
37958,7
37959,7
37960,7
37961,6
37962,7
37963,7
37964,6
37965,7
37966,6
37967,6
37968,6
37969,6
37970,6
37972,6
37973,6
37974,6
37975,6
37976,6
37977,6
37978,6
37979,6
37980,6
37981,6
37982,6
37983,6
37984,6
37985,6
37986,7
37987,7
37988,7
37989,7
37990,7
37991,7
37992,6
37993,6
37994,6
37995,6
37996,6
37997,6
38000,6
38001,6
38003,6
38004,6
38005,6
38006,6
38007,6
38008,7
38009,7
38010,7
38014,7
38015,7
38016,7
38020,6
38021,6
38022,6
38026,6
38028,7
38029,7
38030,7
38031,7
38032,7
38034,7
38035,7
38036,7
38037,7
38038,6
38039,6
38040,6
38041,6
38042,6
38043,6
38044,6
38045,6
38046,6
38047,6
38051,6
38052,7
38053,7
38054,6
38057,7
38058,7
38059,7
38060,7
38061,7
38063,7
38064,7
38065,7
38066,7
38067,7
38068,7
38069,7
38070,7
38071,7
38072,7
38073,7
38074,7
38075,7
38076,7
38077,7
38078,7
38079,7
38080,7
38081,7
38082,7
38083,7
38084,7
38085,12
38086,12
38087,12
38088,12
38089,12
38090,12
38091,12
38092,12
38093,12
38094,12
38095,12
38096,12
38097,12
38098,12
38099,12
38100,12
38101,12
38102,12
38103,12
38104,12
38105,12
38106,12
38107,12
38108,12
38117,6
38128,6
38139,6
38142,7
38143,7
38144,7
38145,7
38146,7
38147,7
38148,7
38157,6
38168,6
38175,6
38176,6
38177,6
38178,6
38179,6
38180,6
38181,6
38182,6
38183,6
38184,6
38185,6
38186,6
38187,6
38188,6
38189,6
38190,6
38191,6
38192,6
38193,6
38194,6
38195,6
38196,6
38197,6
38198,6
38199,6
38200,6
38201,6
38202,6
38203,7
38204,7
38205,7
38206,7
38207,7
38208,7
38209,7
38210,7
38211,7
38212,6
38213,6
38214,6
38215,6
38217,6
38218,6
38219,6
38220,6
38221,6
38222,6
38223,6
38224,7
38225,7
38231,7
38232,7
38234,7
38235,7
38236,7
38237,7
38238,7
38239,6
38240,6
38241,6
38242,6
38243,6
38246,7
38250,6
38251,6
38252,6
38253,6
38254,6
38255,6
38256,6
38257,6
38258,6
38259,6
38260,6
38261,6
38262,6
38263,6
38264,6
38265,6
38266,6
38267,6
38268,6
38269,6
38270,6
38271,6
38272,6
38273,6
38274,6
38275,6
38276,6
38277,6
38278,6
38279,6
38280,7
38281,7
38282,7
38283,7
38284,7
38285,7
38286,7
38287,6
38290,6
38293,6
38296,6
38299,12
38300,12
38304,6
38305,6
38306,6
38307,7
38308,7
38309,7
38310,7
38311,7
38312,7
38313,7
38314,7
38315,7
38316,7
38317,7
38318,7
38320,7
38321,7
38322,7
38323,7
38324,7
38331,7
38332,7
38333,7
38334,7
38337,7
38339,7
38341,7
38342,7
38343,7
38344,6
38345,6
38346,6
38347,7
38348,7
38351,6
38352,6
38353,6
38354,6
38355,6
38356,6
38357,7
38358,7
38359,7
38360,7
38361,7
38362,7
38363,7
38364,7
38365,7
38366,7
38367,7
38368,7
38369,7
38370,7
38371,7
38372,7
38374,7
38376,7
38377,7
38380,7
38381,7
38382,7
38383,7
38384,7
38386,7
38387,7
38388,7
38389,6
38390,6
38391,6
38392,6
38393,6
38394,6
38395,6
38396,6
38397,6
38398,5
38399,5
38400,5
38401,6
38402,6
38404,6
38405,7
38406,6
38407,7
38408,6
38409,7
38410,7
38411,7
38412,7
38413,7
38414,7
38415,6
38416,6
38417,6
38418,6
38419,6
38420,6
38421,6
38422,6
38423,6
38424,6
38425,6
38426,6
38427,6
38428,6
38430,6
38431,6
38433,6
38434,6
38435,6
38436,6
38437,6
38438,6
38439,6
38440,6
38441,6
38442,7
38443,7
38444,6
38445,6
38446,6
38449,6
38451,6
38452,6
38453,6
38454,7
38455,7
38457,6
38458,6
38459,7
38460,7
38461,6
38462,6
38463,6
38465,6
38466,6
38468,7
38469,7
38470,7
38471,7
38472,7
38473,7
38474,7
38475,7
38476,7
38477,7
38478,7
38479,7
38480,7
38481,7
38482,7
38483,7
38485,7
38486,7
38487,7
38488,7
38489,7
38490,7
38491,7
38494,7
38495,7
38496,7
38498,7
38499,7
38500,7
38501,7
38502,7
38503,7
38504,7
38505,7
38506,7
38507,7
38508,7
38509,7
38510,7
38511,7
38512,7
38513,7
38514,7
38515,7
38516,7
38517,7
38518,7
38519,7
38520,7
38521,7
38522,7
38523,7
38524,7
38525,7
38526,7
38527,7
38528,7
38529,7
38530,7
38531,7
38532,7
38533,7
38534,7
38535,7
38536,7
38537,7
38538,7
38539,7
38540,7
38541,7
38542,7
38543,7
38544,7
38545,7
38546,7
38547,7
38548,7
38549,7
38550,7
38551,7
38552,7
38557,7
38558,7
38559,7
38560,6
38561,6
38562,6
38563,7
38564,7
38565,6
38566,7
38567,6
38568,6
38569,6
38570,6
38571,6
38572,6
38573,6
38574,6
38575,7
38576,7
38577,6
38578,6
38579,6
38580,6
38581,6
38582,7
38583,7
38584,6
38585,6
38586,6
38587,6
38588,6
38589,6
38591,6
38592,7
38593,7
38594,7
38595,7
38596,7
38597,7
38598,7
38599,6
38600,6
38601,6
38602,6
38603,6
38604,6
38605,7
38607,7
38608,7
38609,7
38610,7
38611,7
38612,7
38613,7
38614,7
38615,7
38616,7
38617,7
38618,7
38620,7
38624,7
38625,7
38626,7
38627,7
38628,7
38629,6
38630,6
38631,6
38632,6
38633,6
38634,6
38637,7
38638,7
38639,7
38640,7
38641,7
38642,7
38643,7
38644,7
38645,7
38646,7
38647,7
38648,7
38649,7
38654,7
38655,7
38656,7
38657,7
38658,7
38660,7
38661,7
38662,7
38663,7
38664,7
38665,7
38666,7
38667,7
38668,7
38669,7
38670,7
38671,7
38672,7
38673,7
38674,7
38675,7
38676,7
38677,7
38678,7
38679,7
38680,7
38681,7
38682,7
38683,7
38684,7
38685,7
38686,7
38687,7
38688,7
38689,7
38690,7
38691,7
38692,7
38693,7
38694,7
38695,7
38696,7
38697,7
38699,7
38700,7
38701,7
38702,7
38703,7
38704,7
38705,7
38706,7
38707,7
38708,7
38709,7
38710,7
38711,7
38712,7
38713,7
38714,7
38715,7
38716,7
38717,7
38718,7
38719,7
38720,7
38721,7
38723,7
38724,7
38725,7
38726,7
38727,7
38728,7
38729,7
38730,7
38731,7
38732,7
38733,7
38734,7
38735,7
38736,7
38738,7
38739,7
38740,7
38741,7
38742,7
38743,7
38744,7
38745,7
38746,7
38747,7
38748,7
38749,7
38750,7
38751,7
38752,7
38753,7
38754,7
38755,7
38756,7
38757,7
38758,7
38759,7
38760,7
38761,7
38762,7
38763,7
38764,7
38765,7
38766,7
38767,7
38771,7
38772,7
38773,7
38774,7
38775,7
38776,7
38777,7
38778,7
38779,7
38780,7
38781,7
38782,7
38783,7
38784,7
38785,7
38786,7
38787,7
38788,7
38789,7
38790,7
38791,7
38792,7
38793,7
38794,7
38795,7
38796,7
38797,7
38798,7
38799,7
38800,7
38801,7
38802,7
38803,7
38804,7
38805,7
38806,7
38807,7
38808,7
38809,7
38810,7
38811,7
38812,7
38813,7
38814,7
38815,7
38816,7
38817,7
38818,7
38819,7
38820,7
38821,7
38822,7
38823,7
38825,7
38833,7
38834,7
38836,7
38837,7
38838,7
38839,7
38840,7
38841,7
38842,7
38844,7
38845,7
38847,7
38850,7
38855,7
38856,7
38857,7
38861,7
38862,7
38863,7
38864,6
38865,6
38866,6
38868,6
38869,6
38870,6
38871,6
38872,7
38873,7
38874,7
38875,6
38876,6
38877,6
38878,7
38879,7
38880,7
38881,7
38882,7
38885,7
38886,7
38887,7
38888,7
38889,7
38890,7
38892,7
38893,7
38894,7
38895,7
38896,7
38900,7
38901,7
38902,7
38903,7
38904,7
38907,7
38909,7
38910,7
38911,7
38912,7
38913,7
38914,7
38915,7
38916,7
38922,7
38927,6
38929,6
38932,6
38933,7
38934,12
38935,5
38936,5
38937,5
38938,7
38939,7
38940,7
38943,7
38944,7
38945,7
38946,7
38947,7
38948,7
38949,7
38950,7
38951,7
38952,7
38953,7
38954,7
38955,7
38956,7
38957,7
38958,7
38959,7
38960,7
38961,7
38962,7
38963,7
38964,7
38965,7
38966,7
38967,7
38968,7
38969,7
38970,7
38971,7
38974,7
38975,7
38976,7
38977,7
38978,7
38979,7
38980,7
38981,7
38982,6
38983,6
38989,6
38990,7
38993,6
38994,6
38995,6
38996,6
38999,6
39000,6
39001,6
39002,6
39003,6
39004,6
39005,6
39006,6
39009,7
39010,7
39011,7
39015,7
39016,7
39017,6
39018,6
39019,6
39020,6
39021,6
39022,6
39023,6
39024,6
39025,7
39026,7
39027,7
39028,7
39029,7
39030,7
39031,7
39032,7
39033,6
39034,6
39035,6
39036,6
39037,6
39038,6
39040,6
39041,6
39042,6
39043,7
39044,7
39045,7
39046,7
39047,7
39048,7
39049,7
39050,7
39051,7
39052,7
39054,6
39055,6
39056,6
39057,6
39058,12
39059,7
39060,7
39061,7
39062,7
39063,7
39066,6
39067,6
39068,6
39069,6
39070,6
39071,6
39072,6
39073,6
39074,6
39075,6
39076,6
39077,6
39079,6
39080,6
39081,6
39082,6
39083,6
39084,6
39085,6
39092,7
39093,7
39102,6
39103,6
39104,6
39105,6
39106,6
39107,6
39108,6
39109,6
39110,6
39111,6
39112,7
39113,7
39114,7
39116,7
39117,7
39118,7
39119,7
39120,7
39121,7
39122,7
39123,7
39124,7
39125,7
39126,5
39127,5
39128,6
39129,6
39130,7
39131,7
39132,7
39133,7
39134,7
39135,7
39136,7
39142,7
39147,7
39149,7
39151,7
39152,7
39153,7
39154,7
39155,7
39156,7
39157,7
39158,7
39159,7
39160,7
39161,7
39162,7
39163,7
39164,7
39165,6
39166,6
39167,6
39168,6
39169,6
39170,6
39171,6
39172,6
39173,6
39174,6
39175,6
39176,6
39177,6
39178,7
39179,7
39180,2
39181,2
39182,2
39183,2
39184,2
39185,2
39186,2
39187,2
39188,2
39189,2
39190,7
39191,7
39192,7
39195,6
39196,2
39197,2
39198,2
39199,2
39200,2
39201,2
39202,2
39203,3
39204,3
39205,3
39206,3
39207,3
39208,3
39209,3
39210,3
39212,3
39214,7
39221,6
39225,6
39228,6
39231,6
39232,6
39235,6
39236,6
39241,6
39242,6
39243,6
39245,6
39246,6
39247,7
39250,6
39253,6
39256,6
39259,6
39260,6
39261,7
39262,7
39263,7
39264,7
39265,7
39266,7
39267,7
39268,7
39269,7
39271,7
39272,7
39273,7
39274,7
39276,6
39277,7
39278,6
39279,7
39282,6
39283,6
39294,6
39296,6
39299,6
39303,7
39304,7
39305,7
39306,7
39307,7
39308,7
39309,6
39310,6
39311,6
39312,6
39313,6
39315,6
39316,7
39317,7
39318,7
39319,7
39321,7
39322,7
39323,7
39325,7
39326,7
39327,7
39328,7
39329,7
39330,7
39331,7
39332,7
39333,7
39334,7
39335,7
39336,7
39337,7
39338,7
39339,7
39340,7
39341,7
39342,7
39343,7
39344,7
39345,7
39346,7
39347,7
39348,7
39349,7
39350,7
39351,7
39353,7
39354,7
39355,6
39356,6
39357,6
39358,6
39359,6
39360,6
39361,6
39362,6
39363,6
39364,6
39365,6
39366,6
39367,6
39368,6
39369,6
39370,6
39371,7
39372,7
39373,7
39374,7
39375,7
39376,7
39377,7
39378,7
39379,7
39380,7
39381,7
39382,7
39383,7
39384,7
39385,7
39386,7
39387,7
39388,7
39389,7
39390,7
39391,7
39392,7
39393,7
39394,6
39395,6
39396,6
39397,6
39398,6
39399,6
39400,6
39401,6
39404,6
39405,7
39406,7
39407,7
39408,7
39409,7
39410,7
39411,7
39412,7
39413,7
39414,7
39415,7
39416,7
39417,7
39419,7
39420,7
39422,6
39423,6
39424,7
39425,7
39426,7
39427,7
39428,7
39429,7
39430,7
39431,7
39432,6
39433,6
39434,6
39435,7
39436,7
39437,7
39438,7
39439,7
39440,7
39441,6
39442,6
39443,6
39444,6
39445,6
39446,6
39447,6
39448,6
39449,6
39450,6
39451,6
39452,6
39453,6
39454,6
39455,7
39456,7
39460,7
39461,7
39462,7
39463,7
39464,7
39465,7
39466,7
39467,7
39468,7
39469,7
39470,7
39471,7
39472,7
39473,7
39474,7
39475,7
39476,7
39477,7
39478,7
39479,7
39480,7
39481,7
39482,7
39483,7
39484,7
39485,7
39487,7
39488,7
39489,7
39490,7
39491,7
39493,7
39494,7
39495,7
39496,7
39497,7
39498,7
39499,6
39500,6
39501,6
39502,6
39503,6
39504,6
39505,6
39506,6
39507,6
39508,6
39509,6
39510,6
39511,6
39512,6
39513,6
39514,6
39515,7
39516,7
39517,7
39518,6
39519,6
39520,6
39522,6
39524,6
39525,6
39526,6
39529,6
39530,6
39531,6
39532,6
39533,6
39534,6
39535,6
39536,6
39537,6
39538,6
39539,6
39540,6
39541,6
39542,6
39543,6
39544,6
39545,6
39546,6
39547,6
39548,6
39549,6
39550,6
39551,6
39552,6
39553,6
39554,6
39555,6
39556,6
39557,6
39558,6
39559,6
39560,6
39561,6
39564,6
39565,6
39566,7
39567,6
39568,6
39569,6
39570,6
39571,6
39572,7
39573,6
39574,6
39575,7
39576,7
39577,7
39578,7
39579,7
39580,7
39581,6
39582,6
39586,6
39588,7
39589,7
39590,7
39591,7
39592,7
39593,7
39594,7
39595,7
39596,7
39597,7
39601,6
39602,7
39604,6
39605,7
39606,7
39607,7
39608,7
39609,7
39610,7
39611,7
39612,7
39613,7
39614,7
39615,7
39616,7
39617,7
39618,7
39619,7
39620,7
39621,7
39622,7
39623,7
39624,7
39625,7
39626,7
39627,7
39628,7
39629,7
39630,7
39631,7
39632,7
39633,7
39634,7
39635,7
39636,7
39637,7
39638,7
39639,7
39640,7
39641,7
39642,7
39643,7
39644,7
39645,7
39646,7
39647,12
39648,12
39649,12
39651,12
39652,7
39654,7
39655,6
39656,7
39657,12
39658,12
39659,12
39661,7
39663,7
39665,6
39666,6
39667,7
39668,12
39670,7
39671,7
39674,6
39675,6
39676,6
39680,7
39681,7
39682,7
39683,7
39684,7
39685,7
39686,7
39687,7
39688,7
39689,7
39690,7
39691,7
39692,7
39693,7
39694,7
39695,7
39696,7
39697,6
39698,7
39699,7
39702,7
39714,12
39715,12
39716,12
39717,7
39718,7
39719,12
39720,12
39721,12
39722,12
39723,12
39724,7
39725,7
39726,7
39727,7
39728,7
39729,7
39730,7
39731,7
39732,7
39733,7
39734,7
39735,7
39736,7
39737,7
39738,7
39739,7
39740,7
39741,7
39742,7
39745,7
39746,7
39748,7
39749,7
39750,7
39751,7
39752,7
39753,7
39756,7
39761,7
39762,7
39763,7
39764,7
39765,7
39766,7
39767,7
39768,7
39769,7
39770,7
39771,7
39772,7
39773,7
39774,7
39775,7
39776,7
39777,7
39778,7
39779,7
39780,7
39781,7
39782,7
39783,7
39784,7
39785,7
39786,7
39787,7
39788,7
39789,7
39790,7
39791,7
39792,7
39793,7
39794,7
39795,7
39796,7
39797,7
39798,7
39799,7
39800,7
39801,7
39802,7
39803,7
39804,7
39805,7
39806,7
39807,7
39808,7
39809,7
39810,7
39811,7
39812,7
39813,7
39814,7
39815,7
39816,7
39817,7
39818,7
39819,7
39820,7
39821,7
39822,7
39823,7
39824,7
39825,7
39826,7
39827,7
39828,7
39829,7
39830,7
39832,7
39837,7
39846,7
39847,7
39848,7
39849,7
39850,7
39851,7
39852,7
39853,7
39854,7
39855,7
39856,7
39857,7
39858,7
39859,7
39860,7
39861,7
39862,7
39864,7
39865,7
39866,7
39867,7
39869,7
39870,7
39871,7
39872,7
39873,7
39874,7
39875,7
39876,7
39877,7
39878,7
39879,7
39880,7
39881,7
39882,7
39883,7
39884,7
39889,7
39891,7
39903,7
39904,7
39905,7
39906,7
39907,7
39910,7
39914,7
39916,7
39918,7
39920,7
39921,7
39923,7
39925,7
39926,7
39927,7
39928,7
39929,7
39930,7
39931,7
39932,7
39933,7
39934,7
39935,7
39936,7
39937,7
39938,7
39939,7
39940,7
39941,7
39942,7
39943,7
39944,7
39945,7
39946,7
39947,7
39948,7
39949,7
39950,7
39951,7
39952,7
39953,7
39954,7
39955,7
39956,7
39957,7
39958,7
39959,7
39960,7
39961,7
39962,7
39963,7
39964,7
39965,7
39966,7
39967,7
39968,7
39969,7
39970,7
39971,7
39972,7
39973,7
39974,7
39975,7
39976,7
39977,7
39978,7
39979,7
39980,7
39981,7
39982,7
39983,7
39984,7
39985,7
39986,7
39987,7
39988,7
39989,7
39990,7
39991,7
39992,7
39993,7
39994,7
39995,7
39996,7
39997,7
39998,7
39999,7
40000,7
40001,7
40002,7
40003,7
40004,7
40005,7
40006,7
40007,7
40008,7
40009,7
40010,7
40011,7
40012,7
40013,7
40014,7
40015,7
40016,7
40017,7
40018,7
40019,7
40020,7
40021,7
40022,7
40023,7
40024,7
40025,7
40026,7
40028,7
40029,7
40030,7
40031,7
40032,7
40033,7
40034,7
40035,7
40036,7
40037,7
40038,7
40039,7
40040,7
40041,7
40042,7
40043,7
40044,7
40045,7
40046,7
40047,7
40048,7
40049,7
40050,7
40051,7
40052,7
40056,7
40057,7
40058,7
40059,7
40060,7
40061,7
40062,7
40063,7
40064,7
40065,7
40066,7
40067,7
40068,7
40069,7
40070,7
40071,7
40072,7
40073,7
40074,7
40075,7
40076,7
40077,7
40078,7
40079,7
40080,7
40081,7
40082,7
40083,7
40084,7
40085,7
40086,7
40087,7
40088,7
40089,7
40090,7
40091,7
40093,7
40094,7
40095,7
40096,7
40097,7
40098,7
40099,7
40100,7
40101,7
40102,7
40103,7
40104,7
40105,7
40106,7
40107,7
40108,7
40109,7
40111,7
40112,7
40113,7
40114,7
40115,7
40116,7
40120,7
40121,7
40122,7
40123,7
40124,7
40125,7
40126,7
40127,7
40129,7
40130,7
40131,7
40132,7
40133,7
40134,7
40135,7
40136,7
40137,7
40138,7
40139,7
40140,7
40141,7
40142,7
40143,7
40144,7
40145,7
40146,7
40147,7
40148,7
40149,7
40151,7
40152,7
40153,7
40154,7
40155,7
40156,7
40157,7
40158,7
40159,7
40160,7
40161,7
40162,7
40163,7
40164,7
40166,7
40167,7
40168,12
40169,7
40170,7
40173,12
40175,7
40176,7
40177,7
40178,7
40179,7
40180,7
40181,7
40182,7
40183,7
40184,7
40185,7
40186,7
40187,7
40188,7
40189,7
40190,7
40191,7
40192,7
40193,7
40194,7
40195,7
40196,7
40197,7
40198,7
40199,7
40200,7
40201,7
40202,7
40203,7
40204,7
40205,7
40206,7
40207,7
40208,7
40209,7
40210,7
40211,7
40212,7
40213,7
40214,7
40215,7
40216,7
40217,7
40218,7
40219,7
40220,7
40221,7
40222,7
40223,7
40224,7
40225,7
40226,7
40227,7
40228,7
40229,7
40230,7
40231,7
40232,7
40233,6
40234,6
40235,6
40236,7
40237,6
40238,7
40240,7
40241,7
40242,7
40243,7
40244,7
40245,7
40246,7
40247,7
40249,7
40250,7
40251,7
40252,7
40253,7
40254,7
40255,7
40256,7
40257,7
40258,7
40259,7
40260,7
40261,7
40265,7
40266,7
40267,7
40268,7
40269,7
40270,7
40272,7
40273,7
40274,7
40276,7
40277,7
40278,7
40279,7
40280,7
40282,7
40288,7
40293,7
40296,7
40297,7
40298,7
40299,7
40300,7
40301,7
40302,7
40303,7
40304,7
40305,7
40306,7
40307,7
40308,7
40310,12
40311,12
40313,7
40314,7
40315,7
40316,7
40317,7
40319,7
40320,7
40321,7
40322,7
40323,7
40324,7
40325,7
40326,7
40327,7
40328,7
40329,6
40331,7
40332,7
40333,7
40334,7
40335,7
40336,7
40337,7
40338,7
40339,7
40340,7
40341,7
40342,7
40343,7
40345,7
40346,7
40347,7
40348,7
40349,7
40350,7
40351,7
40352,7
40353,7
40354,7
40355,7
40356,7
40357,7
40358,7
40359,7
40360,7
40361,7
40362,7
40363,7
40364,7
40368,7
40369,7
40370,7
40373,7
40374,7
40375,7
40378,7
40379,7
40380,7
40381,7
40382,7
40383,7
40384,7
40385,7
40386,7
40388,7
40389,7
40390,7
40391,7
40392,7
40397,12
40398,7
40399,7
40400,7
40401,7
40402,7
40403,7
40404,7
40405,7
40406,7
40408,7
40409,7
40410,7
40411,7
40412,7
40413,7
40414,7
40415,7
40416,6
40417,6
40418,6
40419,7
40420,7
40422,7
40423,7
40424,7
40425,7
40426,7
40427,7
40428,7
40429,7
40430,7
40431,7
40432,7
40433,7
40434,7
40435,7
40436,7
40437,7
40438,7
40439,7
40440,7
40441,7
40442,7
40443,7
40444,7
40445,7
40446,7
40447,7
40448,7
40449,7
40450,7
40451,7
40452,7
40453,7
40454,7
40455,7
40456,7
40457,7
40458,7
40459,7
40460,7
40461,7
40462,7
40463,7
40464,7
40465,7
40466,7
40467,7
40468,7
40469,7
40470,7
40471,7
40472,7
40473,7
40474,7
40475,7
40476,7
40477,7
40478,7
40479,7
40480,7
40481,7
40482,7
40483,7
40484,7
40485,7
40486,7
40487,7
40488,7
40489,7
40490,7
40491,7
40492,7
40493,7
40494,7
40495,7
40496,7
40497,7
40498,7
40499,7
40500,7
40501,7
40502,7
40504,7
40505,7
40506,7
40507,7
40508,7
40509,7
40510,7
40512,7
40513,7
40514,7
40515,7
40516,7
40517,7
40518,7
40519,7
40520,7
40521,7
40522,7
40523,7
40524,7
40525,7
40526,7
40527,7
40528,7
40529,7
40530,7
40531,7
40532,7
40533,7
40534,7
40535,7
40536,7
40537,8
40538,7
40539,7
40540,7
40541,7
40542,7
40543,7
40544,7
40545,7
40546,7
40547,7
40554,7
40556,7
40557,7
40558,7
40559,7
40560,7
40561,7
40562,7
40564,7
40565,7
40566,7
40567,7
40568,7
40569,7
40570,7
40573,7
40574,7
40578,7
40579,7
40580,7
40581,7
40582,7
40583,7
40584,7
40585,7
40586,7
40587,7
40588,7
40590,7
40591,7
40593,7
40594,7
40595,7
40596,7
40597,7
40598,7
40599,7
40600,7
40601,7
40603,7
40604,7
40605,7
40606,7
40607,7
40608,7
40609,7
40610,7
40611,7
40612,7
40613,7
40614,7
40615,7
40616,7
40617,7
40618,7
40619,7
40620,7
40621,7
40622,7
40623,7
40625,7
40627,7
40628,7
40629,7
40630,7
40631,7
40632,7
40633,7
40634,7
40635,7
40636,7
40637,7
40638,7
40639,7
40640,7
40641,7
40642,7
40643,7
40644,7
40645,7
40646,7
40647,7
40649,7
40650,7
40651,7
40652,7
40653,7
40654,7
40655,7
40657,7
40658,7
40659,7
40661,7
40662,7
40663,7
40664,7
40668,7
40672,7
40673,7
40674,7
40675,7
40676,7
40678,7
40680,7
40681,7
40683,7
40684,7
40685,7
40686,7
40687,7
40688,7
40689,7
40690,7
40691,7
40692,7
40693,7
40694,7
40695,7
40696,7
40698,7
40699,7
40700,7
40701,7
40702,7
40703,7
40704,7
40705,7
40706,7
40707,7
40708,7
40709,7
40710,7
40711,7
40712,7
40713,7
40714,7
40715,7
40716,7
40717,7
40718,7
40719,7
40720,7
40721,7
40722,7
40723,7
40724,7
40725,7
40726,7
40727,7
40728,7
40729,7
40730,7
40731,7
40732,7
40733,7
40734,7
40735,7
40736,7
40737,7
40738,7
40739,7
40740,7
40743,7
40744,7
40745,7
40746,7
40747,7
40748,7
40749,7
40751,7
40752,7
40753,7
40755,7
40759,7
40760,7
40761,7
40762,7
40763,7
40764,7
40765,7
40766,7
40767,7
40768,7
40769,7
40770,7
40771,7
40772,7
40773,7
40775,7
40776,7
40777,7
40779,7
40780,7
40781,7
40782,7
40783,7
40784,7
40785,7
40786,12
40787,12
40788,12
40790,7
40792,7
40793,7
40794,7
40795,7
40796,7
40797,7
40798,7
40803,7
40804,7
40805,7
40806,7
40807,7
40808,7
40810,7
40811,7
40812,7
40813,7
40814,7
40815,7
40816,7
40817,7
40818,7
40819,7
40820,7
40821,7
40823,7
40824,7
40825,7
40827,6
40828,6
40829,6
40830,7
40831,7
40832,7
40833,7
40834,7
40835,7
40836,7
40837,7
40838,7
40839,7
40840,7
40841,7
40842,7
40843,7
40844,7
40845,7
40847,7
40848,7
40849,7
40850,7
40851,7
40853,7
40854,7
40855,7
40856,7
40857,7
40858,7
40859,7
40860,7
40861,7
40862,7
40863,7
40864,7
40865,7
40866,7
40867,7
40868,7
40869,7
40870,7
40871,7
40872,7
40873,7
40874,7
40875,7
40876,7
40877,7
40878,7
40879,7
40880,7
40881,7
40882,7
40883,7
40884,7
40885,7
40886,7
40888,7
40889,7
40890,7
40891,7
40895,7
40896,7
40897,7
40898,7
40900,7
40901,7
40902,7
40904,6
40905,7
40906,7
40907,7
40908,7
40909,7
40910,7
40911,7
40912,7
40913,7
40914,7
40915,7
40916,7
40919,7
40920,7
40921,7
40922,7
40923,7
40924,7
40925,7
40927,7
40929,7
40930,7
40931,7
40932,7
40933,7
40934,7
40935,7
40936,7
40937,7
40938,7
40939,7
40940,6
40941,6
40942,6
40943,6
40944,6
40947,7
40949,7
40950,7
40951,7
40952,7
40953,7
40954,7
40955,7
40956,7
40957,7
40958,7
40959,7
40960,7
40961,7
40962,6
40963,7
40964,7
40965,7
40966,7
40967,7
40968,7
40969,7
40970,7
40971,7
40972,7
40973,7
40974,7
40975,7
40976,7
40978,7
40979,7
40980,7
40981,7
40982,7
40983,7
40984,7
40985,7
40986,7
40987,7
40988,7
40989,7
40990,7
40991,7
40992,7
40994,7
40995,7
40996,7
40997,7
40998,7
41000,7
41001,7
41002,7
41003,7
41006,7
41008,7
41009,7
41010,7
41011,7
41012,7
41013,7
41014,7
41015,7
41017,7
41018,7
41019,7
41024,7
41025,7
41026,7
41027,7
41028,7
41029,7
41030,7
41031,7
41032,7
41033,7
41034,7
41035,7
41036,7
41037,7
41038,7
41039,7
41040,7
41041,7
41042,7
41045,7
41047,7
41048,7
41049,7
41050,7
41051,7
41052,7
41053,7
41054,7
41055,7
41056,7
41057,7
41058,7
41059,7
41060,7
41062,7
41064,7
41065,7
41066,7
41067,7
41069,7
41070,7
41071,7
41072,7
41073,7
41074,7
41075,7
41076,7
41077,7
41078,7
41079,7
41080,7
41081,7
41082,7
41083,7
41084,7
41085,7
41086,7
41087,7
41089,7
41090,7
41091,7
41092,7
41093,7
41094,7
41095,7
41096,7
41097,7
41098,7
41099,7
41100,7
41101,7
41102,7
41103,7
41105,7
41106,7
41107,7
41108,7
41109,7
41110,7
41111,7
41112,7
41113,7
41114,7
41115,7
41116,7
41117,7
41119,7
41120,7
41121,7
41122,7
41123,7
41124,7
41125,7
41126,7
41127,7
41128,7
41129,7
41130,7
41131,7
41132,7
41133,7
41134,7
41135,7
41136,7
41137,7
41138,7
41139,7
41140,7
41141,7
41142,7
41143,7
41144,7
41145,7
41146,7
41147,7
41148,7
41149,7
41153,7
41154,7
41155,7
41156,7
41157,7
41158,7
41159,12
41160,12
41161,12
41162,7
41163,7
41164,7
41165,7
41166,7
41167,7
41168,7
41169,7
41170,7
41171,7
41172,7
41173,7
41174,7
41175,7
41176,7
41177,7
41178,7
41179,7
41180,7
41181,7
41182,7
41183,7
41184,7
41185,7
41186,7
41187,7
41188,7
41189,7
41190,7
41191,7
41192,7
41193,7
41194,7
41195,7
41196,7
41197,7
41198,7
41199,7
41200,7
41201,7
41202,7
41203,7
41204,7
41205,7
41206,7
41207,7
41208,7
41209,7
41210,7
41211,7
41212,7
41213,7
41214,7
41215,7
41216,7
41217,1
41218,1
41219,7
41220,7
41221,7
41222,7
41223,7
41224,7
41225,7
41226,7
41227,7
41228,7
41229,7
41230,7
41231,7
41232,7
41233,7
41234,7
41235,7
41236,7
41237,7
41238,7
41239,7
41240,7
41242,7
41243,7
41244,7
41245,7
41246,7
41248,7
41250,7
41251,7
41252,7
41253,7
41255,7
41256,7
41257,7
41258,7
41259,7
41260,7
41261,7
41262,7
41263,7
41264,7
41265,7
41266,7
41267,7
41268,7
41269,7
41270,7
41271,7
41272,7
41273,7
41274,7
41275,7
41276,7
41277,7
41278,7
41279,7
41280,7
41281,7
41282,7
41283,7
41284,7
41285,7
41286,7
41287,7
41288,7
41289,7
41290,7
41291,7
41292,7
41293,7
41294,7
41295,7
41296,7
41297,7
41298,7
41299,7
41300,7
41301,7
41302,7
41303,7
41304,7
41305,7
41306,7
41307,7
41308,7
41309,7
41310,7
41311,7
41312,7
41313,7
41314,7
41315,7
41316,7
41317,7
41318,7
41319,7
41320,7
41321,7
41322,7
41323,7
41324,7
41326,7
41327,7
41328,7
41329,7
41330,7
41332,7
41333,7
41334,7
41335,7
41336,7
41337,7
41338,7
41339,7
41340,7
41342,7
41343,7
41344,7
41345,7
41346,7
41347,7
41349,7
41350,7
41351,7
41352,7
41353,7
41354,7
41357,7
41359,7
41360,7
41365,7
41367,7
41368,12
41394,7
41395,7
41397,7
41400,7
41405,7
41406,7
41408,7
41409,7
41410,7
41411,7
41412,7
41413,7
41414,7
41415,7
41416,7
41417,7
41420,7
41421,7
41422,7
41425,7
41426,7
41427,7
41428,7
41429,7
41432,7
41433,7
41434,7
41435,7
41436,7
41437,7
41438,7
41439,7
41440,7
41441,7
41442,7
41443,7
41444,7
41445,7
41446,7
41447,7
41448,7
41449,7
41451,7
41452,7
41453,7
41454,7
41455,7
41457,7
41458,7
41459,7
41460,7
41461,7
41462,7
41463,7
41464,7
41465,7
41466,7
41467,7
41468,7
41469,7
41473,7
41474,7
41475,7
41478,7
41479,7
41480,7
41481,7
41482,7
41483,7
41484,7
41485,7
41486,7
41487,7
41488,7
41489,7
41490,7
41491,7
41492,7
41493,7
41494,7
41495,7
41496,7
41497,7
41498,7
41499,7
41500,7
41501,7
41502,7
41503,7
41504,7
41505,7
41506,7
41507,7
41508,7
41509,7
41510,7
41511,7
41512,7
41513,7
41514,7
41515,7
41516,7
41517,7
41518,7
41519,7
41520,7
41521,7
41522,7
41523,7
41524,7
41525,7
41526,7
41527,7
41528,7
41529,7
41530,7
41531,7
41532,7
41533,7
41534,7
41535,7
41536,7
41537,7
41538,7
41539,7
41540,7
41541,7
41542,7
41543,7
41544,7
41545,7
41546,7
41547,7
41548,7
41549,7
41550,7
41551,7
41552,7
41553,7
41554,7
41555,7
41556,7
41557,7
41558,7
41559,7
41560,7
41561,7
41562,7
41563,7
41564,7
41565,7
41566,7
41567,7
41568,7
41569,7
41570,7
41571,7
41572,7
41573,7
41574,7
41575,7
41579,7
41580,7
41582,7
41583,7
41584,7
41585,7
41586,7
41590,7
41591,7
41596,7
41597,7
41598,7
41599,7
41600,7
41601,7
41602,7
41603,7
41604,7
41605,7
41606,7
41607,7
41609,7
41610,7
41611,7
41612,7
41613,7
41614,7
41615,7
41616,7
41617,7
41618,7
41622,7
41623,7
41624,7
41625,7
41626,7
41627,7
41628,7
41629,7
41630,7
41631,7
41632,7
41633,7
41634,7
41635,7
41636,7
41637,7
41638,7
41639,7
41640,7
41641,7
41642,7
41643,7
41644,7
41645,7
41646,7
41647,7
41648,7
41649,7
41650,7
41651,7
41652,7
41653,7
41654,7
41655,7
41656,7
41657,7
41658,7
41659,7
41660,7
41661,7
41662,7
41663,7
41664,7
41665,7
41666,7
41667,7
41668,7
41669,7
41670,7
41671,7
41672,7
41673,7
41674,7
41675,7
41676,7
41677,7
41678,7
41679,7
41680,7
41681,7
41682,7
41685,7
41686,7
41687,7
41688,7
41689,7
41690,7
41691,7
41692,7
41693,7
41694,7
41695,7
41696,7
41697,7
41699,7
41700,7
41701,7
41702,7
41703,7
41704,7
41705,7
41706,7
41707,7
41708,7
41709,7
41710,7
41711,7
41712,7
41713,7
41714,7
41715,7
41716,7
41717,7
41718,7
41719,7
41720,7
41721,7
41722,7
41723,7
41724,7
41728,7
41729,7
41730,7
41731,7
41732,7
41733,7
41734,7
41735,7
41736,7
41737,7
41738,7
41739,7
41740,7
41741,7
41742,7
41743,7
41744,7
41745,7
41746,7
41747,7
41748,7
41749,7
41750,7
41751,7
41752,7
41753,7
41754,7
41755,7
41756,7
41757,7
41758,7
41759,7
41760,7
41761,7
41762,7
41763,7
41764,7
41765,7
41766,7
41767,7
41768,7
41769,7
41770,7
41771,7
41772,7
41773,7
41774,7
41775,7
41776,7
41777,7
41778,7
41780,7
41781,7
41782,7
41783,7
41784,7
41785,7
41786,7
41787,7
41788,7
41789,7
41790,7
41791,7
41792,7
41793,7
41794,7
41795,7
41796,7
41797,7
41798,7
41799,7
41800,7
41802,7
41803,7
41804,7
41805,7
41806,7
41807,7
41812,7
41815,7
41816,7
41817,7
41818,7
41819,7
41820,7
41821,7
41822,7
41823,7
41824,7
41825,7
41826,7
41827,7
41828,7
41829,7
41830,7
41831,7
41832,7
41833,7
41834,7
41835,7
41836,7
41837,7
41838,7
41839,7
41840,7
41841,7
41842,7
41843,7
41844,7
41849,7
41850,7
41851,7
41852,7
41853,7
41854,7
41855,7
41856,7
41857,7
41858,7
41860,7
41861,7
41862,7
41863,7
41864,7
41865,7
41866,7
41867,7
41868,7
41869,7
41870,7
41871,7
41872,7
41873,7
41874,7
41875,7
41876,7
41877,7
41878,7
41880,7
41881,7
41882,7
41884,7
41885,7
41886,7
41887,7
41888,7
41889,7
41890,7
41891,7
41893,7
41895,7
41896,7
41897,7
41898,7
41899,7
41900,7
41901,7
41902,7
41903,7
41905,7
41907,7
41909,7
41910,7
41911,7
41914,7
41915,7
41916,7
41917,7
41918,7
41919,7
41920,7
41921,7
41922,7
41923,7
41924,7
41925,7
41926,7
41927,7
41929,7
41930,7
41931,7
41934,7
41935,7
41936,7
41937,12
41938,7
41944,7
41945,7
41946,7
41948,7
41949,7
41950,7
41953,7
41955,7
41956,7
41957,7
41958,7
41961,7
41962,7
41963,7
41964,7
41965,7
41966,7
41967,7
41980,7
41981,7
41982,7
41983,7
41984,7
41987,7
41989,7
41990,7
41992,7
41993,7
41995,7
41996,7
42000,7
42001,7
42002,7
42003,7
42004,7
42005,7
42006,7
42007,7
42008,7
42009,7
42010,7
42011,7
42012,7
42013,7
42014,7
42015,7
42017,7
42018,7
42019,7
42020,7
42021,7
42022,7
42023,7
42024,7
42025,7
42026,7
42027,7
42028,7
42029,7
42031,7
42032,7
42033,7
42034,7
42035,7
42036,7
42037,7
42038,7
42039,7
42040,7
42041,7
42042,7
42043,7
42044,7
42045,7
42046,7
42047,7
42048,7
42049,7
42050,7
42051,7
42052,7
42053,7
42054,7
42055,7
42056,7
42061,7
42062,7
42063,7
42064,7
42065,7
42067,7
42068,7
42069,7
42070,7
42071,7
42072,7
42073,7
42074,7
42075,7
42076,7
42077,7
42078,7
42079,7
42080,7
42081,7
42082,7
42083,7
42084,7
42085,7
42086,7
42087,7
42088,7
42089,7
42090,7
42094,7
42095,7
42096,7
42097,7
42098,7
42099,7
42100,7
42101,7
42102,7
42103,7
42104,7
42105,7
42106,7
42107,7
42108,7
42109,7
42110,7
42111,7
42112,7
42113,7
42114,7
42115,7
42116,7
42117,7
42118,7
42119,7
42120,7
42123,7
42124,7
42125,7
42126,7
42127,7
42128,7
42129,7
42130,7
42131,7
42132,7
42133,7
42134,7
42135,7
42136,7
42137,7
42138,7
42139,7
42140,7
42141,7
42142,7
42143,7
42145,7
42146,7
42147,7
42148,7
42149,7
42150,7
42151,7
42154,7
42158,7
42159,7
42160,7
42165,7
42166,7
42167,7
42168,7
42169,7
42170,7
42171,7
42172,7
42173,7
42174,7
42175,7
42176,7
42177,7
42178,7
42179,7
42181,7
42182,7
42183,7
42184,7
42185,7
42186,7
42187,7
42188,7
42189,7
42190,7
42191,7
42192,7
42193,7
42194,7
42197,7
42198,7
42200,7
42202,7
42203,7
42204,7
42205,7
42206,7
42208,7
42209,7
42210,7
42211,7
42212,7
42213,7
42214,7
42220,7
42221,7
42222,7
42223,7
42224,7
42225,7
42226,7
42227,7
42228,7
42229,7
42230,7
42231,7
42233,7
42234,7
42235,7
42236,7
42237,7
42238,7
42239,7
42240,7
42241,7
42242,7
42243,7
42244,7
42268,7
42269,7
42270,7
42271,7
42272,7
42273,7
42274,7
42275,7
42276,7
42277,7
42278,7
42280,7
42281,7
42282,7
42283,7
42284,7
42285,7
42286,7
42287,7
42288,7
42289,7
42308,7
42309,7
42351,7
42360,7
42361,7
42362,7
42363,7
42364,7
42365,7
42366,7
42367,7
42368,7
42369,7
42370,7
42371,7
42372,7
42373,7
42374,7
42375,7
42376,7
42377,7
42379,7
42381,7
42383,7
42384,7
42385,7
42386,7
42387,7
42388,7
42389,7
42390,7
42391,7
42392,7
42393,7
42394,7
42395,7
42396,7
42397,7
42398,7
42399,7
42400,7
42401,7
42402,7
42403,7
42404,7
42405,7
42406,7
42407,7
42408,7
42409,7
42410,7
42411,7
42412,7
42413,7
42414,7
42415,7
42416,7
42417,7
42418,7
42420,7
42421,7
42422,7
42423,7
42424,7
42425,7
42426,7
42427,7
42428,7
42429,7
42430,7
42431,7
42432,7
42433,7
42434,7
42435,7
42436,7
42437,7
42438,7
42439,7
42440,7
42441,7
42442,7
42443,7
42444,7
42445,7
42446,7
42447,7
42448,7
42449,7
42450,7
42451,7
42452,7
42453,7
42454,7
42455,7
42456,7
42457,7
42458,7
42459,7
42460,7
42461,1
42462,7
42463,7
42464,7
42465,7
42466,7
42467,7
42468,7
42469,7
42470,7
42471,7
42472,7
42473,7
42474,7
42475,7
42476,7
42477,7
42479,7
42480,7
42481,7
42482,7
42483,7
42484,7
42485,7
42486,7
42487,7
42488,7
42489,7
42490,7
42491,7
42492,7
42493,7
42494,7
42495,7
42496,7
42497,7
42501,7
42502,7
42503,7
42504,7
42505,7
42506,7
42507,7
42508,7
42509,7
42510,7
42511,7
42512,7
42513,7
42516,7
42517,7
42519,7
42520,7
42521,7
42522,7
42523,7
42524,7
42525,7
42526,7
42527,7
42528,7
42529,7
42530,7
42531,7
42532,7
42533,7
42534,7
42535,7
42536,7
42537,7
42538,7
42539,7
42540,7
42541,7
42542,7
42543,7
42544,7
42545,7
42546,6
42547,6
42548,6
42549,6
42550,6
42551,6
42552,6
42553,6
42554,6
42555,6
42556,6
42557,6
42558,6
42559,6
42560,6
42561,6
42562,6
42563,6
42564,6
42565,6
42566,7
42567,7
42568,7
42569,7
42570,7
42571,7
42572,7
42573,7
42574,7
42575,7
42576,7
42577,7
42578,7
42579,7
42580,7
42581,7
42583,7
42584,7
42585,7
42586,7
42588,7
42590,7
42591,7
42593,7
42594,7
42595,7
42596,7
42597,7
42598,7
42600,7
42601,7
42602,7
42603,7
42605,7
42606,7
42607,7
42608,7
42609,7
42610,7
42611,7
42613,7
42614,7
42616,7
42617,7
42618,7
42619,7
42620,7
42622,7
42623,7
42624,7
42627,7
42628,7
42629,7
42630,7
42631,7
42632,7
42633,7
42634,7
42635,7
42636,7
42637,7
42638,7
42639,7
42640,7
42641,7
42645,7
42646,7
42647,7
42648,7
42649,7
42650,7
42651,7
42652,7
42653,7
42654,7
42655,7
42656,7
42657,7
42658,7
42659,7
42660,7
42662,7
42663,7
42664,7
42665,7
42666,7
42669,7
42670,7
42671,7
42672,7
42673,7
42677,7
42678,7
42679,7
42680,7
42681,7
42682,7
42683,7
42684,7
42685,7
42687,7
42688,7
42689,7
42690,7
42691,7
42692,7
42693,7
42694,7
42695,7
42696,7
42697,7
42698,7
42699,7
42700,7
42701,7
42702,7
42703,7
42704,7
42705,7
42706,7
42707,7
42708,7
42711,7
42712,7
42713,7
42714,7
42715,7
42716,7
42717,7
42718,7
42719,7
42721,7
42722,7
42723,7
42724,7
42725,7
42726,7
42727,7
42728,7
42729,7
42730,7
42731,7
42732,7
42733,7
42734,7
42735,7
42736,7
42737,7
42738,7
42739,7
42740,7
42741,7
42742,7
42743,7
42744,7
42745,7
42746,7
42747,7
42748,7
42749,7
42750,7
42751,7
42752,7
42753,7
42754,7
42755,7
42756,7
42757,12
42758,12
42762,7
42763,7
42764,7
42765,7
42766,7
42767,7
42768,7
42769,7
42770,7
42771,7
42772,7
42773,7
42774,7
42775,7
42776,7
42777,7
42778,7
42779,7
42780,7
42781,7
42782,7
42783,7
42784,7
42785,7
42786,7
42787,7
42788,7
42792,7
42795,7
42796,7
42797,7
42798,7
42799,7
42800,7
42801,7
42802,7
42803,7
42804,7
42805,7
42806,7
42807,7
42808,7
42809,7
42810,7
42811,7
42812,7
42813,7
42814,7
42815,7
42816,7
42817,7
42818,7
42819,7
42820,7
42821,7
42822,7
42823,7
42824,7
42825,7
42826,7
42827,7
42828,7
42829,7
42830,7
42831,7
42832,7
42833,7
42834,7
42835,7
42836,7
42837,7
42838,7
42839,7
42840,7
42841,7
42842,7
42844,7
42846,7
42847,7
42848,7
42849,7
42850,7
42851,7
42852,7
42853,7
42854,7
42855,7
42856,7
42857,7
42858,7
42859,7
42860,7
42861,7
42862,7
42863,7
42864,7
42865,7
42866,7
42867,7
42868,7
42869,7
42870,7
42871,7
42872,7
42873,7
42874,7
42875,7
42876,7
42877,7
42878,7
42879,7
42880,7
42881,7
42882,7
42883,7
42884,7
42885,7
42886,7
42887,7
42888,7
42889,7
42890,7
42891,7
42892,7
42893,7
42894,7
42895,7
42896,7
42897,7
42898,7
42899,7
42900,7
42901,7
42902,7
42903,7
42904,7
42905,7
42906,7
42907,7
42908,7
42909,7
42910,7
42911,7
42912,12
42913,12
42914,7
42915,7
42916,7
42917,7
42918,7
42919,7
42920,7
42921,7
42922,7
42923,7
42924,7
42925,7
42926,7
42927,7
42928,7
42929,7
42930,7
42931,7
42932,7
42933,7
42934,7
42935,7
42936,7
42937,7
42938,7
42939,7
42940,7
42941,7
42942,7
42943,7
42944,7
42945,7
42946,7
42947,7
42948,7
42949,7
42950,7
42951,7
42952,7
42953,7
42954,7
42955,7
42956,7
42957,7
42958,7
42959,7
42960,7
42961,7
42962,7
42963,7
42964,7
42966,7
42967,7
42968,7
42969,7
42970,7
42971,4
42972,4
42973,7
42974,7
42975,7
42976,7
42977,7
42978,7
42980,7
42981,7
42982,7
42983,7
42984,7
42985,7
42986,7
42987,7
42988,7
42989,7
42990,7
42991,7
42992,7
42993,7
42994,7
42995,7
42996,7
42997,7
42998,7
42999,7
43000,7
43001,7
43002,7
43003,7
43004,7
43005,7
43006,7
43007,7
43008,7
43009,7
43010,7
43011,7
43012,7
43013,7
43014,7
43015,7
43016,7
43017,7
43018,7
43019,7
43020,7
43021,7
43022,7
43023,7
43024,7
43025,7
43026,7
43027,7
43028,7
43029,7
43030,7
43031,7
43032,7
43033,7
43034,7
43035,7
43036,7
43037,7
43038,7
43039,7
43040,7
43041,7
43042,7
43043,7
43044,7
43045,7
43046,7
43047,7
43048,7
43049,7
43050,7
43051,7
43052,7
43053,7
43054,7
43055,12
43056,12
43057,12
43058,7
43059,7
43060,7
43061,7
43062,7
43063,7
43065,7
43066,7
43067,7
43068,7
43069,7
43070,7
43071,7
43072,7
43073,7
43074,7
43075,7
43076,7
43077,7
43078,7
43079,7
43080,7
43081,7
43082,7
43083,7
43084,7
43085,7
43086,7
43087,7
43088,7
43089,7
43090,7
43091,7
43092,7
43093,7
43094,7
43095,7
43096,7
43097,7
43098,7
43100,7
43101,7
43102,7
43103,7
43104,7
43105,7
43106,7
43107,7
43108,7
43109,7
43110,7
43111,7
43112,7
43113,7
43114,7
43115,7
43116,7
43117,7
43118,7
43119,7
43120,7
43121,7
43122,7
43123,7
43124,7
43125,7
43126,7
43127,7
43128,7
43129,7
43130,7
43131,7
43132,7
43133,7
43134,7
43135,7
43136,7
43137,7
43138,7
43139,7
43140,7
43141,7
43142,7
43143,7
43144,7
43145,7
43146,7
43147,7
43148,7
43149,7
43150,7
43151,7
43152,7
43153,7
43154,7
43155,7
43156,7
43157,7
43158,12
43159,12
43160,12
43161,12
43162,12
43163,12
43164,12
43165,12
43166,12
43167,12
43168,12
43169,12
43170,12
43171,7
43172,7
43173,7
43174,7
43175,7
43176,7
43179,7
43181,7
43182,7
43183,7
43184,7
43185,7
43186,7
43187,7
43188,7
43189,7
43190,7
43191,7
43192,7
43193,7
43194,7
43195,7
43196,7
43197,7
43198,7
43199,7
43200,7
43201,7
43202,7
43203,7
43204,7
43205,7
43206,7
43207,7
43208,7
43209,7
43210,7
43211,7
43212,7
43213,7
43214,7
43215,7
43216,7
43217,7
43218,7
43219,7
43220,7
43221,7
43222,7
43223,7
43224,7
43225,7
43226,7
43227,7
43229,7
43230,7
43231,7
43232,7
43233,7
43234,7
43235,7
43236,7
43237,7
43238,7
43239,7
43240,7
43241,7
43242,7
43243,7
43244,7
43245,7
43246,7
43247,7
43248,7
43249,7
43250,7
43251,7
43252,7
43253,7
43254,7
43255,7
43259,12
43260,7
43261,7
43262,7
43263,7
43264,7
43265,7
43266,7
43267,7
43268,7
43270,7
43271,7
43272,7
43273,7
43274,7
43275,7
43276,7
43277,7
43278,7
43279,7
43280,7
43281,7
43282,7
43283,7
43284,7
43285,7
43286,7
43287,7
43288,7
43289,7
43290,7
43291,7
43292,7
43293,7
43294,7
43295,7
43296,7
43297,7
43298,7
43299,7
43300,7
43301,7
43302,7
43303,7
43304,7
43305,7
43306,7
43307,7
43308,7
43309,7
43310,7
43311,7
43312,7
43313,7
43314,7
43315,7
43316,7
43317,7
43318,7
43319,7
43323,12
43324,12
43325,7
43326,7
43327,7
43328,7
43329,7
43330,7
43331,7
43332,7
43333,7
43334,7
43335,7
43336,7
43337,7
43338,7
43340,7
43341,7
43342,7
43343,7
43344,7
43345,7
43346,7
43347,7
43348,7
43349,7
43350,7
43351,7
43352,7
43353,7
43354,7
43355,7
43356,7
43357,7
43358,7
43359,7
43360,7
43361,7
43362,7
43363,12
43364,12
43365,7
43366,7
43367,7
43368,7
43369,7
43370,7
43371,7
43372,7
43373,7
43374,7
43375,7
43376,7
43377,7
43378,7
43379,7
43380,7
43381,7
43382,7
43383,7
43384,7
43385,7
43386,7
43387,7
43388,7
43389,7
43390,7
43391,7
43392,7
43393,7
43394,7
43395,7
43396,7
43397,7
43398,7
43399,7
43400,7
43401,7
43402,7
43403,7
43404,7
43405,7
43406,7
43407,7
43408,7
43409,7
43410,7
43411,7
43412,7
43413,7
43414,7
43415,7
43416,7
43417,7
43418,7
43419,7
43420,7
43421,7
43422,7
43423,7
43424,7
43425,7
43426,7
43427,7
43428,7
43429,7
43430,7
43431,7
43432,7
43433,7
43434,7
43435,7
43436,7
43437,7
43438,7
43439,7
43441,7
43442,7
43443,7
43444,7
43445,7
43446,7
43447,7
43448,7
43449,7
43450,7
43451,7
43452,7
43453,7
43454,7
43455,7
43456,7
43457,7
43458,7
43459,7
43460,12
43461,12
43462,7
43463,7
43464,7
43465,7
43466,7
43467,7
43468,7
43469,7
43470,7
43471,12
43472,12
43473,7
43474,7
43475,7
43476,7
43477,7
43478,7
43479,7
43480,7
43481,7
43483,7
43484,7
43485,7
43486,7
43487,7
43488,7
43489,7
43490,7
43491,7
43492,7
43493,7
43494,7
43495,7
43496,7
43497,7
43498,7
43499,7
43500,7
43501,7
43502,7
43503,7
43505,7
43506,7
43507,7
43508,7
43509,7
43510,7
43511,7
43512,7
43513,7
43514,7
43517,7
43518,7
43519,7
43520,7
43521,7
43522,7
43523,7
43524,7
43525,7
43526,7
43527,7
43528,7
43530,7
43531,7
43532,7
43533,7
43534,7
43535,7
43539,7
43540,7
43541,7
43542,7
43545,7
43546,7
43547,7
43548,7
43549,7
43550,7
43551,7
43552,7
43553,7
43554,7
43555,7
43556,7
43557,7
43558,7
43559,7
43560,7
43561,7
43562,7
43563,7
43564,7
43565,7
43566,7
43567,7
43568,7
43569,7
43571,7
43572,7
43573,7
43574,7
43576,7
43577,7
43578,7
43579,7
43580,7
43581,7
43582,7
43583,7
43584,7
43585,7
43586,7
43587,7
43588,7
43589,7
43590,7
43591,7
43592,7
43593,7
43594,7
43595,7
43596,7
43597,7
43598,7
43599,7
43600,7
43601,7
43602,7
43603,7
43604,7
43605,7
43606,7
43607,7
43608,7
43609,7
43610,7
43611,7
43612,7
43613,7
43614,7
43615,7
43616,7
43617,7
43618,7
43619,7
43620,7
43621,7
43622,7
43623,7
43624,7
43625,7
43626,7
43627,7
43628,7
43629,7
43630,7
43631,7
43632,7
43633,7
43634,7
43635,7
43637,7
43638,7
43639,7
43640,7
43641,7
43642,7
43643,7
43644,7
43645,7
43646,7
43647,7
43648,7
43649,7
43650,7
43651,7
43652,7
43653,7
43654,7
43655,7
43656,7
43657,7
43658,7
43659,7
43660,7
43661,7
43662,7
43663,7
43664,7
43665,7
43666,7
43667,7
43668,7
43669,7
43670,7
43671,7
43672,7
43673,7
43674,7
43675,7
43676,7
43677,7
43678,7
43679,7
43680,7
43681,7
43682,7
43683,7
43684,7
43685,7
43686,7
43687,7
43688,7
43689,7
43690,7
43691,7
43693,7
43695,7
43696,7
43697,7
43698,7
43699,7
43700,7
43701,7
43702,7
43703,7
43704,7
43705,7
43706,7
43707,7
43708,7
43709,7
43710,7
43711,7
43712,7
43713,7
43714,7
43715,7
43716,7
43717,7
43718,7
43719,7
43720,7
43721,7
43722,7
43723,7
43724,7
43725,7
43727,7
43728,7
43729,7
43730,7
43731,7
43732,7
43733,7
43734,7
43735,7
43736,7
43737,7
43738,7
43740,7
43741,7
43742,7
43743,7
43744,7
43745,7
43746,7
43747,7
43748,7
43749,7
43750,7
43751,7
43752,7
43753,7
43754,7
43755,7
43756,7
43757,7
43758,7
43759,7
43760,7
43761,7
43762,7
43763,7
43764,7
43765,7
43766,7
43767,7
43768,7
43769,7
43770,7
43771,7
43772,7
43773,7
43774,7
43775,7
43776,7
43777,7
43778,7
43779,7
43783,7
43784,7
43785,7
43786,7
43787,7
43788,7
43789,7
43790,7
43791,7
43792,7
43793,7
43794,7
43795,7
43796,7
43797,7
43798,7
43799,7
43800,7
43801,7
43802,7
43803,7
43804,7
43805,7
43806,7
43807,7
43808,7
43809,7
43810,7
43811,7
43812,7
43813,7
43814,7
43815,7
43816,7
43817,7
43818,7
43819,7
43820,7
43821,7
43822,7
43823,7
43824,7
43825,7
43826,7
43827,7
43828,7
43829,7
43830,7
43831,7
43832,7
43833,7
43834,7
43835,7
43836,7
43837,7
43838,7
43839,7
43840,7
43841,7
43842,7
43843,7
43844,7
43845,7
43846,7
43847,7
43848,7
43849,7
43850,7
43851,7
43852,7
43853,7
43854,7
43855,7
43856,7
43857,7
43858,7
43859,7
43860,7
43861,7
43862,7
43863,7
43864,7
43865,7
43882,7
43886,7
43887,7
43888,7
43889,7
43890,7
43891,7
43892,7
43893,7
43894,7
43895,7
43896,7
43897,7
43898,7
43899,7
43900,7
43901,7
43902,7
43903,7
43904,7
43905,7
43906,7
43907,7
43908,7
43909,7
43910,7
43911,7
43912,7
43913,7
43914,7
43915,7
43916,7
43917,7
43918,7
43919,7
43920,7
43921,7
43923,7
43924,7
43925,7
43926,7
43928,7
43930,7
43932,7
43933,7
43934,7
43935,7
43937,7
43938,7
43939,7
43940,7
43941,7
43942,7
43943,7
43945,7
43946,7
43947,7
43948,7
43949,7
43950,7
43951,7
43952,7
43953,7
43954,7
43956,7
43957,7
43958,7
43959,7
43960,7
43961,7
43962,7
43963,7
43964,7
43965,7
43966,7
43967,7
43968,7
43969,7
43970,7
43971,7
43972,7
43973,7
43974,7
43975,7
43976,7
43977,7
43978,7
43979,7
43980,7
43981,7
43982,7
43983,7
43984,7
43985,7
43986,7
43987,7
43988,7
43989,7
43990,7
43991,7
43992,7
43993,7
43994,7
43995,7
43996,7
43997,7
43998,7
43999,7
44000,7
44001,7
44002,7
44003,7
44004,7
44005,7
44006,7
44008,7
44009,7
44010,7
44011,7
44012,7
44013,7
44015,7
44016,7
44017,7
44018,7
44019,7
44021,7
44022,7
44023,7
44024,7
44025,7
44026,7
44027,7
44028,7
44029,7
44030,7
44031,7
44032,7
44033,7
44034,7
44035,7
44036,7
44037,7
44038,7
44039,7
44040,7
44041,7
44043,7
44044,7
44045,7
44046,7
44047,7
44048,7
44049,7
44050,7
44051,7
44052,7
44053,7
44054,7
44055,7
44057,7
44058,7
44059,7
44060,7
44061,7
44062,7
44063,7
44064,7
44065,7
44066,7
44067,7
44068,7
44069,7
44070,7
44071,7
44072,7
44073,7
44074,7
44075,7
44076,7
44077,7
44078,7
44079,7
44080,7
44081,7
44082,7
44083,7
44084,7
44085,7
44086,7
44087,7
44088,7
44089,7
44090,7
44091,7
44092,7
44093,7
44094,7
44095,7
44096,7
44097,7
44098,7
44099,7
44100,7
44101,7
44102,7
44103,7
44104,7
44105,7
44106,7
44108,7
44112,7
44113,7
44114,7
44116,7
44117,7
44118,7
44119,7
44120,7
44121,7
44122,7
44123,7
44124,7
44125,7
44126,7
44127,7
44128,7
44129,7
44130,7
44131,7
44132,7
44133,7
44134,7
44135,7
44136,7
44137,7
44138,7
44139,7
44140,7
44141,7
44142,7
44143,7
44144,7
44145,7
44146,7
44147,7
44148,7
44149,7
44150,7
44151,7
44152,7
44153,7
44154,7
44155,7
44156,7
44157,7
44158,7
44159,7
44161,7
44176,7
44177,7
44178,7
44179,7
44180,7
44181,7
44182,7
44183,7
44184,7
44185,7
44186,7
44187,7
44188,7
44189,7
44190,7
44191,7
44192,7
44193,7
44194,7
44195,7
44196,7
44200,7
44201,7
44202,7
44203,7
44204,7
44205,7
44206,7
44207,7
44208,7
44209,7
44210,7
44211,7
44212,7
44213,7
44214,7
44215,7
44217,7
44218,7
44219,7
44220,7
44221,7
44222,7
44223,7
44224,7
44226,7
44227,7
44228,7
44229,7
44230,7
44231,7
44232,7
44233,7
44234,7
44235,7
44236,7
44237,7
44238,7
44239,7
44240,7
44241,7
44242,7
44243,7
44244,7
44245,7
44246,7
44247,7
44248,7
44249,7
44250,7
44251,7
44252,7
44253,7
44254,7
44255,7
44257,7
44258,7
44259,7
44260,7
44261,7
44262,7
44263,7
44264,7
44265,7
44266,7
44267,7
44268,7
44269,7
44270,7
44271,7
44272,7
44273,7
44274,7
44275,7
44276,7
44277,7
44278,7
44279,7
44280,7
44281,7
44282,7
44283,7
44284,7
44285,7
44286,7
44287,7
44289,7
44290,7
44291,7
44292,7
44293,7
44294,7
44295,7
44296,7
44297,7
44298,7
44299,7
44300,7
44301,7
44302,7
44303,7
44304,7
44305,7
44306,7
44307,7
44308,7
44309,7
44310,7
44311,7
44312,7
44313,7
44314,7
44315,7
44316,7
44317,7
44318,7
44319,7
44320,7
44321,7
44322,7
44323,7
44324,7
44325,7
44326,7
44327,7
44328,7
44329,7
44330,7
44331,7
44332,7
44333,7
44334,7
44335,7
44336,7
44337,7
44338,7
44339,7
44340,7
44341,7
44342,7
44343,7
44344,7
44345,7
44346,7
44347,7
44348,7
44349,7
44350,7
44351,7
44352,7
44354,7
44358,7
44359,7
44360,7
44361,7
44362,7
44366,7
44367,7
44368,7
44369,7
44370,7
44371,7
44372,7
44373,7
44374,7
44375,7
44376,7
44377,7
44378,7
44379,7
44380,7
44381,7
44382,7
44383,7
44384,7
44388,7
44389,7
44390,7
44391,7
44392,7
44393,7
44394,7
44395,7
44396,7
44397,7
44398,7
44399,7
44400,7
44401,7
44402,7
44403,7
44404,7
44405,7
44406,7
44407,7
44408,7
44409,7
44410,7
44411,7
44412,7
44414,7
44415,7
44416,7
44417,7
44418,7
44419,7
44420,7
44421,7
44424,7
44426,7
44427,7
44428,7
44429,7
44430,7
44431,7
44432,7
44433,7
44434,7
44436,7
44437,7
44438,7
44439,7
44440,7
44441,7
44442,7
44443,7
44444,7
44445,7
44446,7
44447,7
44448,7
44449,7
44455,7
44457,7
44458,7
44459,7
44460,7
44461,7
44462,7
44463,7
44464,7
44465,7
44466,7
44467,7
44468,7
44469,7
44470,7
44471,7
44472,7
44473,7
44474,7
44475,7
44476,7
44477,7
44478,7
44479,7
44480,7
44481,7
44482,7
44483,7
44484,7
44486,7
44487,7
44488,7
44489,7
44490,7
44491,7
44492,7
44493,7
44494,7
44495,7
44496,7
44497,7
44498,7
44499,7
44500,7
44501,7
44502,7
44503,7
44504,7
44505,7
44506,7
44507,7
44508,7
44509,7
44510,7
44511,7
44543,7
44544,7
44545,7
44546,7
44547,7
44548,7
44549,7
44550,7
44551,7
44552,7
44553,7
44554,7
44555,7
44556,7
44557,7
44558,7
44559,7
44560,7
44561,7
44562,7
44563,7
44569,7
44570,7
44571,7
44572,7
44573,7
44574,7
44575,7
44576,7
44577,7
44578,7
44579,7
44580,7
44581,7
44582,7
44583,7
44584,7
44587,7
44588,7
44589,7
44590,7
44591,7
44592,7
44593,7
44594,7
44595,7
44596,7
44597,7
44598,7
44599,7
44600,7
44601,7
44602,7
44604,7
44605,7
44606,7
44607,7
44608,7
44609,7
44610,7
44611,7
44612,7
44613,7
44614,7
44615,7
44616,7
44617,7
44618,7
44619,7
44620,7
44621,7
44622,7
44623,7
44624,7
44625,7
44626,7
44627,7
44628,7
44629,7
44630,7
44631,7
44632,7
44633,7
44634,7
44635,7
44636,7
44637,7
44638,7
44639,7
44640,7
44641,7
44642,7
44643,7
44644,7
44645,7
44646,7
44647,7
44648,7
44649,7
44650,7
44651,7
44652,7
44653,7
44654,7
44655,7
44656,7
44657,7
44658,7
44659,7
44663,7
44667,7
44669,7
44670,7
44671,7
44672,7
44673,7
44675,7
44676,7
44677,7
44678,7
44679,7
44680,7
44682,7
44683,7
44684,7
44685,7
44686,7
44689,7
44690,7
44691,7
44694,7
44696,7
44697,7
44698,7
44700,7
44701,7
44702,7
44703,7
44704,7
44705,7
44706,7
44707,7
44708,7
44719,7
44720,7
44721,7
44722,7
44723,7
44724,7
44725,7
44726,7
44727,7
44729,7
44730,7
44731,7
44732,7
44733,7
44734,7
44735,7
44736,7
44737,7
44738,7
44739,7
44740,7
44741,7
44742,7
44743,7
44744,7
44746,7
44748,7
44751,7
44752,7
44753,7
44754,7
44756,7
44758,7
44759,7
44760,7
44764,7
44765,12
44766,7
44767,12
44768,7
44769,7
44770,7
44771,7
44775,7
44776,7
44780,7
44782,7
44783,7
44784,7
44785,8
44786,7
44787,7
44788,7
44789,7
44790,7
44799,7
44800,7
44801,7
44802,7
44803,7
44805,7
44811,7
44812,7
44813,7
44814,7
44815,7
44816,7
44817,7
44821,7
44822,7
44823,7
44825,7
44827,7
44829,7
44830,7
44831,7
44832,7
44833,7
44834,7
44842,7
44843,7
44844,7
44845,7
44846,7
44847,7
44849,7
44850,7
44856,7
44857,7
44858,7
44859,7
44860,7
44861,7
44862,7
44863,12
44865,7
44867,7
44868,7
44869,7
44870,7
44873,7
44874,7
44875,7
44876,7
44877,7
44879,7
44880,7
44881,7
44882,7
44884,7
44885,7
44888,7
44889,7
44891,7
44892,7
44893,7
44894,7
44895,7
44897,7
44898,7
44899,7
44900,7
44901,7
44902,7
44903,7
44904,7
44905,7
44906,7
44908,7
44909,7
44912,7
44914,7
44915,7
44917,7
44918,7
44919,7
44920,7
44921,7
44922,7
44923,7
44924,7
44925,7
44926,1
44927,1
44928,7
44930,7
44932,7
44933,7
44934,7
44935,7
44936,7
44937,7
44938,7
44939,7
44940,7
44942,7
44943,7
44948,7
44949,7
44950,7
44952,1
44953,7
44954,7
44955,7
44956,7
44957,7
44958,7
44959,7
44960,7
44961,7
44962,7
44964,7
44967,7
44968,7
44969,7
44971,7
44973,7
44974,7
44975,7
44976,7
44977,7
44978,7
44979,7
44980,7
44981,7
44982,7
44983,7
44984,7
44985,7
44986,7
44987,7
44988,7
44989,7
44990,7
44991,7
44992,7
44993,7
44994,7
44995,7
44996,7
44997,7
44998,7
44999,7
45000,7
45001,7
45002,7
45003,7
45004,7
45005,7
45006,7
45007,7
45008,7
45009,7
45010,7
45011,7
45012,7
45013,7
45014,7
45015,7
45016,7
45017,7
45018,7
45019,7
45020,7
45021,7
45024,7
45025,7
45026,7
45027,7
45028,7
45030,7
45032,7
45033,7
45034,7
45035,7
45037,7
45038,8
45039,8
45040,8
45041,8
45042,8
45043,7
45044,1
45045,7
45046,7
45047,7
45048,7
45049,7
45050,7
45051,1
45052,7
45053,7
45054,7
45055,1
45056,7
45057,1
45058,7
45059,7
45060,7
45061,7
45062,7
45063,7
45064,7
45065,7
45066,7
45067,7
45068,7
45069,7
45070,7
45071,7
45072,7
45073,7
45079,8
45083,12
45088,7
45102,7
45103,7
45111,7
45118,7
45123,7
45125,7
45126,7
45127,7
45128,7
45134,7
45143,7
45145,7
45146,7
45147,7
45148,7
45149,7
45159,7
45160,7
45162,7
45163,7
45165,7
45167,7
45171,7
45172,7
45173,7
45174,7
45175,7
45176,7
45177,7
45178,7
45179,7
45182,7
45185,7
45187,7
45188,7
45190,7
45192,7
45193,7
45203,7
45207,7
45209,7
45238,7
45239,7
45240,7
45243,7
45251,7
45260,7
45261,7
45262,7
45263,7
45265,7
45266,7
45267,7
45268,7
45269,7
45271,7
45272,7
45277,7
45278,7
45280,7
45281,7
45282,7
45285,7
45287,7
45291,7
45292,7
45293,7
45294,7
45295,7
45296,7
45301,7
45302,7
45304,7
45307,7
45312,7
45315,7
45316,7
45317,7
45318,7
45319,7
45320,7
45321,7
45322,7
45323,7
45324,7
45325,7
45326,7
45327,7
45328,7
45329,7
45330,7
45331,7
45339,7
45342,7
45343,7
45344,7
45345,7
45346,7
45347,7
45348,7
45349,7
45350,7
45354,7
45358,7
45365,7
45372,7
45379,7
45381,7
45382,7
45383,7
45385,7
45390,7
45391,7
45392,7
45398,7
45399,7
45404,7
45405,7
45406,7
45412,7
45413,7
45414,7
45415,7
45416,7
45417,7
45420,7
45423,7
45425,7
45426,7
45427,7
45432,7
45435,7
45436,7
45437,7
45439,7
45440,7
45441,7
45442,7
45449,7
45459,7
45460,7
45461,7
45462,7
45463,7
45464,7
45465,7
45466,7
45467,7
45468,7
45469,7
45471,7
45472,7
45473,7
45475,7
45476,7
45477,7
45482,7
45484,7
45485,7
45486,7
45487,7
45488,7
45489,7
45490,7
45491,7
45492,7
45493,7
45494,7
45495,7
45496,7
45497,7
45498,7
45499,7
45500,7
45501,7
45502,7
45503,7
45504,7
45505,7
45506,7
45507,7
45510,7
45511,7
45512,7
45513,7
45514,7
45515,7
45516,7
45518,7
45520,7
45522,7
45523,7
45524,7
45525,7
45526,7
45527,7
45528,7
45531,7
45532,7
45533,7
45534,7
45536,12
45537,12
45538,12
45539,7
45540,7
45541,7
45542,7
45545,7
45549,7
45550,7
45551,7
45552,7
45553,7
45554,7
45555,7
45556,7
45557,7
45559,7
45560,7
45561,7
45562,7
45563,12
45564,7
45565,7
45566,7
45567,7
45568,7
45570,7
45571,7
45572,7
45573,7
45574,7
45575,7
45576,7
45586,7
45587,7
45614,7
45615,7
45626,7
45627,7
45628,7
45629,7
45630,7
45631,7
45632,7
45633,7
45634,7
45639,7
45641,7
45642,7
45643,7
45644,7
45645,7
45647,7
45648,7
45649,7
45650,7
45651,7
45652,7
45653,7
45654,7
45655,7
45656,7
45657,7
45674,7
45675,7
45694,7
45706,7
45723,7
45724,7
45725,7
45726,7
45727,7
45729,7
45730,7
45731,7
45732,7
45733,7
45734,7
45735,7
45736,7
45737,7
45738,12
45739,12
45740,12
45741,12
45742,12
45743,12
45744,12
45747,12
45748,12
45749,12
45750,12
45751,12
45752,12
45754,12
45757,12
45758,12
45760,12
45762,7
45763,7
45764,7
45765,7
45767,7
45769,7
45770,7
45771,7
45776,7
45785,12
45786,7
45787,12
45788,7
45789,7
45790,7
45791,7
45792,7
45793,7
45794,7
45795,7
45796,7
45797,7
45798,7
45802,7
45803,7
45804,7
45805,7
45806,7
45807,7
45808,7
45809,7
45810,7
45811,7
45812,7
45813,7
45816,7
45833,7
45834,7
45835,7
45836,7
45837,7
45838,7
45839,7
45840,7
45841,7
45842,7
45843,7
45844,7
45845,7
45846,7
45847,7
45848,7
45849,7
45850,7
45851,7
45852,7
45853,7
45855,7
45856,7
45861,7
45862,7
45863,7
45864,7
45865,7
45866,7
45873,7
45876,7
45878,7
45883,7
45890,7
45902,7
45904,7
45905,7
45906,7
45908,7
45909,7
45910,7
45915,7
45916,7
45917,7
45921,7
45922,7
45923,7
45924,7
45925,7
45926,7
45927,7
45928,7
45929,7
45930,7
45934,7
45969,7
45970,7
45971,7
45972,8
45973,8
45974,7
45975,7
45977,7
45985,7
45986,7
45987,7
45988,7
45989,7
45990,7
45991,7
45992,7
45993,7
45994,7
45995,7
45996,7
45997,7
45998,7
46000,7
46001,7
46006,7
46008,7
46010,7
46011,7
46012,7
46013,7
46014,7
46015,7
46016,7
46017,7
46020,7
46021,7
46022,7
46023,7
46024,7
46025,7
46026,7
46027,7
46028,7
46029,7
46030,7
46031,7
46032,7
46034,7
46035,7
46043,7
46044,7
46045,7
46046,7
46047,7
46048,7
46049,12
46050,7
46057,7
46058,7
46059,7
46060,7
46061,12
46062,12
46063,12
46064,12
46065,7
46066,7
46068,7
46069,7
46070,7
46071,7
46072,7
46073,7
46074,7
46075,7
46076,7
46077,7
46078,7
46079,7
46080,7
46081,7
46082,7
46083,7
46089,7
46090,7
46091,7
46092,7
46093,7
46094,7
46095,7
46096,7
46097,7
46098,7
46099,7
46100,7
46101,7
46102,7
46103,7
46104,7
46105,7
46106,7
46107,7
46109,7
46110,7
46111,7
46112,7
46113,7
46116,7
46119,7
46126,7
46127,7
46128,7
46129,7
46130,7
46131,7
46132,7
46133,7
46134,7
46135,7
46136,7
46137,7
46138,7
46139,7
46140,7
46144,7
46145,7
46146,7
46147,7
46157,7
46159,7
46160,7
46161,7
46162,7
46163,7
46164,7
46165,7
46166,7
46167,7
46168,7
46169,7
46170,7
46173,7
46175,7
46176,7
46177,7
46178,7
46179,7
46180,7
46182,7
46183,7
46184,7
46185,7
46186,7
46187,7
46188,7
46189,7
46190,7
46191,7
46192,7
46193,7
46194,7
46195,7
46196,7
46197,7
46198,7
46199,7
46200,7
46201,7
46202,7
46205,7
46206,7
46207,7
46208,7
46209,7
46212,7
46213,7
46216,7
46235,7
46236,7
46237,7
46238,7
46239,7
46240,7
46241,7
46242,7
46243,7
46244,7
46245,7
46246,7
46247,7
46248,7
46249,7
46250,7
46251,7
46252,7
46253,7
46254,12
46255,12
46256,12
46258,7
46259,7
46260,7
46261,7
46262,7
46263,7
46264,7
46265,7
46266,7
46267,7
46268,7
46272,7
46274,7
46275,7
46277,7
46278,7
46279,7
46282,7
46286,7
46288,7
46290,7
46291,7
46292,7
46293,7
46297,7
46304,7
46305,7
46308,7
46312,7
46313,7
46314,7
46316,7
46317,7
46318,7
46319,7
46320,7
46321,7
46322,7
46323,7
46324,7
46325,7
46326,7
46327,7
46328,7
46329,7
46333,7
46334,7
46335,7
46336,7
46337,7
46338,7
46339,7
46340,7
46341,7
46342,7
46343,7
46344,7
46345,7
46346,7
46347,7
46348,7
46349,7
46350,7
46351,7
46353,7
46360,7
46499,7
46500,7
46501,7
46502,7
46503,7
46504,7
46505,7
46506,7
46507,7
46508,7
46509,7
46510,7
46511,7
46665,7
46666,7
46674,7
46675,7
46676,7
46677,7
46678,7
46679,7
46680,7
46681,7
46682,7
46683,7
46684,7
46685,7
46686,7
46687,7
46688,7
46689,7
46690,7
46691,7
46692,7
46693,7
46694,7
46695,7
46696,7
46697,7
46698,7
46699,7
46700,7
46701,7
46705,7
46707,7
46717,7
46719,7
46720,7
46722,7
46723,7
46724,7
46725,7
46727,8
46728,8
46729,8
46730,7
46732,7
46733,7
46734,7
46735,7
46736,7
46743,7
46745,7
46746,7
46747,7
46748,7
46749,7
46750,7
46752,7
46754,7
46755,7
46756,7
46761,7
46762,7
46763,7
46765,7
46766,7
46769,7
46772,7
46773,7
46774,7
46775,7
46777,7
46778,7
46779,7
46780,7
46781,7
46782,7
46783,7
46784,7
46785,7
46786,7
46787,7
46788,7
46789,7
46790,7
46791,7
46792,7
46793,7
46794,7
46795,7
46796,7
46797,7
46798,7
46799,7
46800,7
46801,7
46802,7
46804,7
46805,7
46810,7
46811,7
46812,7
46813,7
46814,7
46815,7
46816,7
46817,7
46818,7
46821,7
46822,7
46825,7
46827,7
46829,7
46832,7
46833,7
46834,7
46835,7
46839,7
46840,7
46841,7
46842,7
46843,7
46844,7
46845,7
46846,8
46865,7
46866,7
46867,7
46868,7
46869,7
46870,7
46871,7
46904,7
46924,7
46926,8
46927,8
46928,8
46929,8
46930,8
46931,8
46932,7
46933,7
46935,7
46938,7
46940,7
46941,7
46942,7
46945,7
46946,7
46947,7
46948,7
46949,7
46951,7
46952,8
46953,8
46954,8
46955,8
46957,8
46962,8
46965,8
46995,7
46997,7
46998,7
46999,7
47000,7
47001,7
47002,7
47003,7
47004,7
47005,7
47006,7
47007,7
47008,7
47009,7
47010,7
47012,7
47014,7
47015,7
47016,7
47017,7
47018,7
47019,7
47020,7
47021,7
47022,7
47023,7
47024,7
47025,7
47026,7
47027,7
47028,7
47029,7
47030,7
47031,7
47032,7
47033,7
47034,7
47035,7
47036,7
47037,7
47039,7
47040,7
47041,7
47042,7
47043,7
47045,7
47046,7
47047,7
47048,7
47049,7
47050,7
47051,7
47052,7
47054,7
47055,7
47056,7
47057,7
47058,7
47059,7
47061,7
47062,7
47063,7
47064,7
47065,7
47066,7
47084,7
47085,7
47086,7
47090,7
47097,7
47098,8
47099,8
47100,7
47101,7
47102,7
47103,8
47104,7
47105,8
47106,8
47107,8
47108,8
47112,7
47114,7
47115,7
47116,7
47117,7
47118,7
47119,7
47120,7
47121,7
47122,7
47123,7
47124,7
47125,7
47126,7
47127,7
47128,7
47129,7
47130,8
47132,7
47133,7
47134,7
47135,7
47137,7
47139,7
47144,12
47148,12
47180,7
47181,8
47182,7
47183,7
47184,7
47185,8
47186,8
47188,8
47189,8
47193,8
47197,8
47198,8
47199,8
47200,8
47201,8
47202,7
47203,7
47204,8
47205,8
47206,8
47217,7
47218,7
47219,7
47220,7
47221,7
47222,7
47223,7
47224,7
47226,8
47227,8
47228,8
47229,8
47232,8
47233,8
47235,8
47238,7
47241,8
47242,8
47243,8
47244,8
47245,8
47246,8
47247,8
47248,8
47249,8
47250,8
47251,12
47252,12
47253,12
47254,12
47257,8
47258,8
47259,8
47260,8
47261,8
47262,8
47263,8
47264,8
47266,8
47272,8
47283,8
47284,8
47287,7
47289,8
47290,12
47291,8
47292,8
47293,8
47294,8
47295,8
47296,8
47297,8
47298,8
47299,8
47300,8
47301,8
47303,8
47304,8
47305,8
47306,8
47308,8
47310,8
47311,8
47312,8
47313,8
47314,8
47315,8
47316,8
47317,8
47318,8
47319,8
47320,8
47321,8
47322,8
47323,8
47324,8
47325,8
47326,8
47327,8
47328,8
47329,7
47330,7
47332,8
47409,8
47410,8
47416,7
47418,8
47419,8
47420,8
47422,8
47423,8
47428,8
47430,12
47431,7
47432,8
47433,8
47434,8
47435,8
47436,8
47437,8
47438,8
47439,8
47440,8
47441,8
47442,8
47443,8
47445,8
47456,7
47457,8
47458,8
47460,7
47461,7
47462,7
47463,7
47467,8
47473,7
47474,8
47475,8
47476,8
47477,8
47478,8
47479,8
47485,8
47486,8
47487,8
47488,8
47489,8
47491,8
47493,8
47494,8
47495,8
47496,7
47497,8
47498,8
47499,8
47500,8
47501,8
47502,8
47503,8
47504,8
47505,8
47506,7
47507,7
47508,7
47509,8
47510,8
47511,8
47512,8
47513,8
47514,8
47517,8
47518,8
47519,8
47520,8
47521,8
47522,8
47523,2
47524,8
47525,8
47526,7
47527,8
47528,8
47529,8
47530,8
47531,8
47532,8
47533,8
47534,8
47538,8
47539,8
47540,8
47541,7
47542,7
47543,7
47544,8
47545,7
47546,8
47547,8
47548,8
47549,8
47550,7
47551,7
47552,7
47553,8
47554,7
47555,8
47557,7
47558,7
47559,7
47560,7
47561,7
47562,8
47563,7
47564,8
47565,8
47566,7
47567,7
47568,8
47569,8
47570,8
47571,8
47572,8
47573,8
47574,8
47575,8
47576,8
47577,8
47578,8
47579,8
47580,8
47581,8
47582,8
47583,8
47584,8
47585,8
47586,8
47587,8
47588,8
47589,7
47590,7
47591,7
47592,7
47593,7
47594,7
47595,7
47596,8
47597,8
47598,8
47599,8
47600,8
47601,8
47602,8
47603,7
47604,7
47605,7
47606,7
47607,7
47608,7
47621,8
47622,8
47623,8
47624,7
47625,7
47627,7
47631,8
47633,8
47634,8
47637,8
47638,8
47641,7
47642,7
47643,7
47644,7
47645,7
47646,7
47647,8
47650,8
47651,8
47652,7
47653,7
47654,7
47659,8
47660,8
47661,8
47663,12
47667,8
47669,8
47670,8
47671,12
47672,12
47673,8
47685,7
47686,7
47687,7
47688,7
47689,7
47690,7
47691,7
47693,8
47694,8
47695,8
47696,8
47697,8
47698,8
47699,8
47701,8
47702,8
47703,8
47704,7
47705,7
47706,8
47707,7
47708,8
47709,12
47710,8
47711,8
47712,7
47716,8
47720,7
47721,8
47722,7
47724,7
47725,7
47726,7
47727,7
47728,7
47729,8
47732,8
47733,8
47734,8
47735,8
47736,8
47737,8
47738,8
47739,8
47740,8
47741,8
47742,8
47743,7
47744,7
47745,7
47746,7
47747,7
47750,7
47751,12
47752,12
47753,7
47754,7
47755,8
47756,8
47771,7
47772,7
47773,7
47788,8
47789,8
47792,8
47794,8
47797,8
47807,7
47808,7
47809,7
47810,7
47827,8
47828,7
47833,7
47834,7
47835,7
47839,7
47842,7
47843,8
47844,7
47851,7
47853,7
47854,7
47855,7
47856,7
47858,7
47860,8
47861,8
47862,8
47864,7
47865,7
47867,7
47868,8
47869,8
47870,8
47871,8
47872,8
47873,8
47874,8
47875,8
47876,8
47877,8
47878,8
47879,8
47880,8
47882,7
47883,7
47884,7
47887,8
47888,7
47889,7
47890,7
47891,7
47892,7
47894,8
47895,12
47897,8
47904,7
47906,7
47915,8
47918,8
47919,8
47924,8
47925,8
47926,8
47928,8
47933,8
47939,8
47943,8
47944,8
47945,8
47946,8
47947,8
47948,8
47949,8
47950,8
47952,8
47953,7
47959,8
47960,8
47961,8
47962,8
47963,8
47965,8
47966,8
47967,7
47968,8
47969,8
47978,8
47979,8
47980,8
47981,8
47982,8
47983,8
47984,8
47986,7
47987,7
47988,7
47989,7
47990,7
47991,7
47992,7
47993,7
47994,7
47995,7
47996,8
47997,8
47998,8
47999,8
48000,7
48002,7
48003,8
48004,8
48005,8
48006,8
48008,8
48009,8
48013,7
48014,8
48015,8
48016,7
48017,8
48021,7
48023,8
48025,8
48026,8
48027,7
48028,7
48029,7
48034,7
48035,7
48036,7
48037,7
48038,7
48039,7
48040,7
48041,7
48042,7
48052,8
48053,7
48054,7
48055,7
48056,7
48057,7
48063,7
48064,7
48065,7
48066,7
48067,7
48069,7
48070,8
48074,7
48075,7
48076,7
48077,8
48078,7
48079,7
48080,8
48081,7
48082,7
48083,7
48086,8
48087,8
48088,8
48089,8
48090,8
48091,7
48092,8
48093,8
48094,7
48095,7
48096,7
48097,7
48098,7
48099,7
48100,7
48101,7
48102,7
48103,8
48104,8
48105,7
48106,7
48107,7
48108,8
48109,8
48110,8
48111,8
48113,8
48165,8
48170,8
48171,8
48175,7
48176,8
48178,8
48179,8
48180,8
48181,8
48182,8
48183,8
48184,8
48185,7
48190,7
48192,7
48195,8
48196,8
48198,8
48199,7
48200,7
48201,7
48202,7
48203,7
48230,7
48231,7
48237,7
48261,7
48271,7
48272,7
48273,7
48277,7
48280,7
48281,7
48282,7
48283,8
48284,7
48285,7
48286,7
48287,7
48288,7
48292,7
48293,7
48294,7
48295,7
48296,7
48297,7
48298,7
48299,7
48300,7
48301,7
48302,7
48303,7
48304,7
48305,7
48306,7
48307,8
48310,8
48312,8
48313,8
48314,8
48315,8
48317,8
48318,7
48319,8
48320,8
48321,8
48322,8
48323,7
48324,8
48325,8
48326,8
48327,8
48328,8
48329,8
48330,8
48331,8
48332,8
48333,8
48334,8
48335,8
48336,7
48337,7
48338,7
48339,7
48344,7
48345,7
48346,8
48347,8
48348,8
48349,8
48350,8
48351,8
48352,8
48353,8
48354,8
48355,8
48356,8
48357,7
48358,7
48359,7
48360,7
48361,7
48362,7
48363,7
48364,7
48365,8
48366,8
48367,8
48368,8
48369,8
48370,8
48371,8
48372,8
48373,7
48374,7
48375,7
48376,7
48381,7
48382,7
48383,7
48384,7
48385,7
48386,7
48387,7
48388,7
48389,7
48390,7
48391,7
48395,7
48399,8
48400,8
48401,8
48402,8
48403,7
48404,8
48405,8
48406,8
48419,8
48420,8
48421,8
48422,8
48423,8
48424,8
48425,8
48426,8
48427,7
48428,7
48429,7
48430,7
48431,7
48433,7
48434,7
48435,7
48439,8
48440,7
48441,7
48442,7
48443,7
48445,7
48446,7
48447,7
48448,7
48449,7
48450,8
48451,8
48452,8
48453,7
48454,8
48455,7
48456,8
48460,7
48461,7
48462,8
48463,8
48464,8
48465,7
48466,7
48467,7
48468,8
48473,8
48474,8
48475,8
48476,8
48477,8
48478,8
48479,8
48480,8
48483,7
48487,8
48489,7
48492,8
48496,8
48497,8
48498,8
48499,8
48500,7
48501,8
48502,7
48503,8
48504,8
48505,8
48506,7
48507,7
48508,8
48509,7
48510,7
48511,7
48512,7
48513,7
48514,7
48515,8
48516,8
48517,8
48518,8
48519,8
48520,8
48521,8
48522,8
48523,8
48524,8
48525,8
48526,7
48527,8
48528,8
48529,8
48530,8
48531,8
48532,8
48533,8
48534,8
48535,8
48536,8
48537,8
48538,8
48539,8
48540,8
48541,8
48542,7
48543,7
48544,7
48545,7
48549,8
48550,8
48551,8
48552,8
48553,8
48554,8
48555,8
48556,8
48557,8
48558,8
48559,7
48560,7
48561,7
48562,7
48563,7
48564,7
48565,7
48568,8
48570,8
48573,8
48574,8
48575,8
48576,8
48577,8
48578,8
48581,8
48584,8
48585,8
48588,8
48590,8
48591,8
48592,8
48593,8
48594,8
48595,8
48596,8
48597,8
48598,8
48599,7
48600,7
48601,7
48604,8
48605,7
48606,8
48607,8
48608,8
48609,8
48610,8
48611,7
48612,7
48613,7
48614,7
48615,7
48616,8
48617,8
48618,8
48619,8
48620,8
48621,8
48622,8
48623,8
48624,7
48625,7
48626,7
48627,7
48628,7
48629,7
48630,8
48634,7
48635,7
48636,7
48637,7
48638,8
48639,7
48640,7
48641,7
48642,7
48643,7
48644,7
48645,7
48646,7
48647,7
48648,8
48651,8
48653,8
48654,7
48655,8
48656,8
48657,8
48660,8
48662,7
48663,8
48664,7
48665,7
48666,7
48667,7
48668,7
48669,8
48670,8
48671,8
48672,8
48673,8
48674,8
48675,8
48676,8
48677,8
48678,8
48679,8
48680,8
48681,8
48682,8
48683,8
48684,8
48685,8
48686,8
48687,8
48688,7
48689,7
48690,7
48691,7
48692,7
48693,7
48694,7
48695,7
48696,7
48697,7
48698,7
48699,8
48700,7
48701,7
48702,7
48703,7
48704,7
48705,7
48706,7
48707,7
48708,8
48709,8
48710,8
48711,8
48712,8
48713,8
48714,8
48715,8
48716,8
48717,8
48718,8
48719,7
48720,7
48721,7
48722,7
48723,7
48724,7
48725,7
48726,7
48727,7
48728,7
48729,7
48730,7
48731,7
48732,7
48733,7
48734,7
48735,7
48736,7
48737,7
48738,7
48739,7
48740,7
48743,7
48744,7
48745,7
48746,8
48747,8
48748,8
48750,8
48751,8
48752,8
48753,8
48754,8
48755,8
48756,8
48757,8
48758,8
48759,8
48760,8
48761,8
48762,8
48763,8
48764,8
48765,8
48766,8
48767,8
48768,8
48769,8
48770,8
48771,8
48772,8
48773,8
48774,8
48775,8
48776,8
48777,7
48778,8
48779,8
48780,7
48781,8
48782,8
48783,7
48785,8
48786,8
48787,8
48788,8
48789,8
48790,8
48792,8
48793,8
48799,7
48800,8
48801,8
48803,7
48804,8
48805,8
48806,8
48807,8
48808,8
48809,8
48810,8
48811,8
48812,8
48813,8
48814,8
48815,8
48816,8
48817,8
48818,8
48820,8
48821,8
48822,8
48823,8
48824,8
48825,8
48826,8
48827,7
48828,7
48829,7
48830,7
48831,7
48832,7
48833,7
48834,7
48835,7
48836,7
48837,7
48838,8
48839,8
48840,8
48841,8
48842,8
48843,8
48844,8
48845,8
48846,8
48847,8
48848,8
48849,8
48850,8
48851,8
48852,8
48853,8
48854,8
48855,8
48856,8
48857,8
48861,8
48862,7
48863,8
48864,7
48865,7
48866,7
48867,7
48869,8
48870,8
48871,8
48872,8
48873,8
48874,8
48875,7
48879,8
48880,8
48881,8
48882,8
48883,8
48884,8
48885,8
48886,8
48887,8
48888,8
48889,8
48890,8
48891,8
48892,8
48893,8
48894,8
48895,8
48896,8
48897,8
48898,8
48899,8
48902,8
48903,8
48904,8
48905,8
48909,8
48910,7
48911,7
48912,7
48913,8
48914,8
48915,8
48916,8
48917,8
48918,8
48919,8
48920,8
48921,8
48922,8
48923,8
48924,8
48925,8
48926,8
48927,8
48928,7
48929,7
48930,7
48931,7
48932,8
48934,8
48935,8
48936,12
48937,12
48938,8
48939,8
48940,8
48941,8
48942,8
48943,8
48944,8
48945,8
48946,8
48947,8
48948,8
48949,8
48950,8
48951,7
48952,7
48953,7
48954,7
48957,7
48958,7
48959,7
48960,7
48961,8
48962,7
48963,8
48965,8
48966,8
48967,8
48968,8
48970,7
48972,8
48973,7
48974,7
48975,8
48976,7
48977,7
48978,7
48979,7
48980,12
48981,12
48982,12
48983,7
48984,7
48985,8
48986,8
48987,8
48988,8
48989,8
48990,8
48991,8
48992,8
48993,8
48994,8
48995,8
48996,8
48997,8
48998,8
48999,8
49000,8
49001,8
49002,8
49003,8
49004,8
49005,8
49006,7
49007,7
49013,7
49014,7
49015,7
49017,7
49018,7
49019,7
49020,7
49021,7
49027,7
49028,8
49029,7
49030,7
49031,7
49032,7
49034,8
49035,8
49036,8
49037,8
49038,8
49039,8
49040,8
49041,8
49042,7
49043,7
49044,7
49045,7
49046,7
49047,7
49048,7
49049,7
49050,7
49051,7
49052,7
49053,7
49054,7
49055,7
49056,7
49057,7
49058,7
49059,8
49060,8
49063,8
49064,8
49065,8
49066,8
49067,8
49068,8
49069,8
49070,8
49071,8
49072,8
49073,8
49074,8
49075,7
49076,7
49077,7
49078,8
49079,8
49080,8
49081,8
49082,8
49091,7
49096,7
49097,7
49098,7
49099,7
49113,8
49119,8
49120,8
49122,8
49123,8
49124,8
49125,8
49126,8
49127,8
49129,8
49130,8
49131,8
49132,8
49133,7
49134,7
49135,7
49136,8
49137,8
49138,8
49139,8
49140,8
49141,8
49142,8
49143,7
49144,8
49145,8
49146,8
49147,8
49148,8
49149,8
49151,8
49153,8
49154,8
49156,8
49160,8
49165,8
49166,8
49167,8
49169,8
49170,8
49171,8
49173,8
49178,8
49179,8
49180,8
49181,8
49182,8
49183,8
49184,8
49185,8
49195,7
49196,7
49197,7
49198,7
49199,7
49208,8
49209,8
49210,8
49211,8
49212,8
49213,8
49214,8
49215,8
49216,8
49217,8
49218,8
49219,8
49220,8
49221,8
49222,8
49223,8
49224,7
49225,8
49226,8
49227,8
49228,8
49229,8
49230,8
49231,8
49232,8
49233,8
49234,8
49238,8
49239,8
49240,8
49241,8
49242,8
49243,8
49244,8
49245,8
49246,8
49250,8
49251,8
49252,8
49253,8
49254,8
49255,8
49256,8
49257,8
49259,8
49260,8
49261,8
49262,8
49264,7
49265,7
49266,7
49267,8
49268,8
49269,8
49270,8
49271,8
49272,8
49273,8
49274,8
49275,8
49276,8
49277,8
49278,8
49279,8
49280,8
49281,8
49282,8
49283,8
49284,8
49285,8
49286,8
49287,8
49288,8
49289,8
49290,8
49291,8
49292,8
49293,7
49294,8
49295,8
49297,8
49298,8
49299,8
49300,8
49301,8
49302,8
49303,8
49304,8
49305,8
49306,8
49307,8
49308,8
49309,8
49310,8
49311,8
49312,8
49313,8
49314,8
49315,8
49316,8
49317,8
49318,8
49319,8
49320,8
49321,8
49322,8
49323,8
49324,8
49325,8
49326,8
49327,8
49328,8
49329,8
49330,8
49331,8
49332,8
49333,8
49334,8
49335,8
49336,8
49337,8
49338,8
49339,8
49340,8
49341,8
49342,8
49343,8
49344,8
49345,8
49346,8
49347,8
49348,8
49349,8
49350,8
49351,8
49352,8
49353,8
49354,7
49355,8
49356,8
49357,7
49360,8
49364,8
49366,8
49367,8
49368,8
49369,8
49370,8
49373,8
49375,8
49376,8
49377,8
49378,8
49379,8
49380,8
49381,8
49382,8
49385,8
49386,8
49387,8
49388,8
49392,8
49393,8
49394,8
49395,8
49396,8
49397,8
49398,8
49399,8
49400,8
49401,8
49402,8
49403,8
49404,8
49405,8
49406,8
49407,8
49408,8
49409,8
49410,8
49411,8
49412,8
49413,8
49414,8
49415,8
49416,8
49417,8
49418,8
49419,8
49421,8
49422,8
49423,8
49424,8
49425,8
49426,8
49427,8
49428,8
49429,8
49430,8
49431,8
49432,8
49433,8
49435,8
49436,8
49437,8
49438,8
49439,8
49440,8
49441,8
49442,8
49443,8
49444,8
49445,7
49449,8
49450,8
49451,8
49452,8
49453,8
49454,8
49455,8
49456,8
49457,8
49458,8
49459,8
49460,8
49461,8
49462,8
49463,8
49464,8
49465,8
49466,8
49467,8
49468,8
49469,8
49472,7
49473,7
49474,7
49475,7
49476,8
49477,8
49478,8
49479,8
49480,8
49481,8
49482,8
49483,8
49484,8
49485,8
49486,8
49487,8
49488,8
49489,8
49490,8
49491,8
49492,8
49493,8
49494,8
49495,8
49517,8
49518,8
49519,8
49520,8
49521,8
49522,8
49523,8
49524,8
49528,8
49529,8
49530,8
49531,8
49532,2
49533,3
49534,3
49535,3
49536,3
49537,3
49538,5
49539,5
49540,5
49541,5
49542,5
49543,5
49545,6
49546,6
49547,6
49548,6
49549,6
49550,2
49551,3
49552,3
49553,3
49554,3
49555,3
49556,5
49557,5
49558,5
49559,5
49560,5
49561,5
49562,6
49564,6
49565,6
49566,6
49567,6
49569,8
49570,8
49571,8
49572,8
49573,8
49574,8
49575,8
49576,8
49577,8
49578,8
49579,8
49580,8
49581,8
49582,8
49583,8
49584,8
49585,8
49586,8
49587,8
49588,8
49589,8
49590,8
49591,12
49592,8
49593,8
49594,8
49595,8
49596,8
49597,8
49598,8
49599,8
49601,8
49602,8
49610,8
49611,8
49613,7
49614,7
49615,8
49619,8
49620,8
49621,8
49661,8
49662,8
49663,8
49664,8
49665,8
49666,8
49667,8
49668,8
49669,8
49670,8
49671,8
49672,8
49673,8
49674,8
49675,8
49676,8
49677,8
49678,8
49679,8
49680,8
49681,8
49682,8
49683,8
49684,8
49685,8
49686,8
49687,8
49688,8
49689,8
49690,8
49691,8
49692,8
49693,8
49694,8
49695,8
49698,7
49703,8
49704,8
49705,8
49706,8
49710,8
49715,8
49716,8
49717,8
49719,8
49720,8
49725,8
49726,8
49727,8
49728,8
49729,8
49730,8
49731,8
49732,8
49733,8
49734,8
49735,8
49736,8
49737,8
49738,8
49739,8
49740,8
49741,8
49742,8
49743,8
49744,8
49745,8
49746,8
49753,8
49754,8
49755,8
49756,7
49757,8
49758,8
49759,8
49766,8
49767,8
49768,8
49769,8
49770,8
49771,12
49772,12
49773,12
49774,8
49775,8
49776,8
49777,8
49778,8
49779,8
49780,8
49781,8
49782,12
49783,12
49784,12
49785,8
49787,7
49788,12
49789,7
49790,8
49791,8
49792,8
49793,8
49794,8
49800,8
49801,8
49802,8
49803,8
49804,8
49805,8
49806,8
49807,8
49808,8
49809,8
49810,8
49811,7
49812,7
49813,2
49814,8
49816,2
49817,2
49818,8
49819,8
49820,8
49821,8
49822,8
49823,8
49824,8
49825,8
49826,8
49827,8
49828,8
49829,8
49830,8
49831,8
49832,8
49833,8
49834,8
49835,8
49836,8
49837,8
49838,8
49839,8
49840,8
49841,8
49842,8
49846,4
49851,4
49852,5
49855,4
49860,2
49862,2
49863,2
49864,4
49865,4
49866,5
49867,5
49869,8
49870,8
49871,8
49872,8
49873,8
49874,8
49875,8
49876,8
49877,8
49878,8
49879,8
49880,8
49881,8
49882,8
49883,8
49884,8
49885,8
49886,8
49887,8
49888,8
49889,8
49890,8
49891,8
49892,8
49893,8
49894,8
49895,8
49896,8
49897,8
49898,8
49899,8
49900,8
49901,8
49902,8
49903,8
49904,8
49905,8
49906,8
49907,8
49908,8
49910,8
49911,8
49912,8
49913,8
49914,8
49915,8
49916,8
49917,8
49918,8
49919,8
49920,8
49921,8
49922,8
49923,8
49924,8
49925,8
49926,8
49927,8
49928,12
49929,7
49930,7
49931,7
49932,8
49933,12
49934,8
49935,8
49936,8
49937,8
49938,8
49939,8
49940,8
49941,8
49942,8
49943,8
49944,8
49945,8
49946,8
49947,8
49948,8
49949,8
49950,8
49951,8
49952,8
49953,8
49954,8
49955,8
49956,8
49957,8
49958,8
49959,8
49960,8
49961,8
49962,8
49963,8
49965,8
49969,8
49970,8
49971,8
49972,7
49973,7
49974,8
49975,8
49976,7
49977,7
49978,8
49979,8
49980,8
49983,8
49984,8
49985,8
49990,8
49991,8
49992,8
49993,8
49994,8
49995,8
49996,8
49997,8
49998,8
49999,8
50000,8
50001,8
50002,8
50003,8
50004,8
50005,8
50006,8
50007,8
50008,8
50009,8
50011,8
50012,8
50013,8
50014,8
50015,8
50016,8
50017,8
50018,8
50019,8
50020,8
50021,8
50022,8
50023,8
50024,8
50025,8
50026,8
50027,8
50028,8
50029,8
50030,8
50031,8
50032,8
50033,8
50034,8
50035,12
50036,8
50037,8
50038,8
50040,8
50041,8
50043,8
50044,8
50045,7
50046,7
50047,7
50048,7
50049,7
50052,7
50053,7
50054,7
50055,7
50056,7
50057,8
50058,8
50059,8
50060,8
50061,8
50062,8
50063,8
50064,8
50065,8
50066,8
50067,8
50068,8
50069,8
50070,8
50071,7
50072,7
50073,8
50074,8
50075,8
50076,8
50077,8
50078,8
50079,8
50080,8
50081,8
50082,8
50083,8
50084,8
50085,8
50086,8
50087,8
50088,8
50089,8
50090,8
50091,8
50092,8
50093,8
50094,8
50095,8
50096,8
50097,8
50104,8
50105,8
50106,8
50107,8
50108,8
50109,8
50110,8
50111,8
50112,8
50113,8
50114,8
50115,8
50116,8
50117,8
50118,8
50119,8
50120,8
50121,8
50122,8
50123,8
50124,8
50125,8
50126,8
50127,8
50128,8
50129,8
50130,2
50131,2
50132,8
50133,8
50134,8
50135,8
50136,8
50137,8
50138,8
50139,8
50140,8
50148,8
50149,8
50150,8
50151,8
50152,8
50153,8
50154,8
50155,8
50156,8
50157,8
50158,8
50159,8
50160,8
50161,8
50162,8
50163,8
50164,8
50165,8
50166,8
50167,8
50168,8
50170,8
50172,8
50173,8
50174,8
50175,8
50177,8
50178,8
50181,8
50187,8
50195,8
50200,8
50201,8
50202,8
50203,8
50204,8
50205,8
50206,7
50208,8
50225,7
50226,7
50227,7
50228,7
50229,7
50230,7
50231,7
50232,7
50233,8
50234,8
50235,8
50236,8
50237,8
50238,8
50239,7
50240,8
50242,8
50247,7
50248,8
50249,8
50250,7
50251,8
50252,8
50253,8
50254,8
50255,8
50259,8
50260,8
50261,8
50262,8
50263,8
50264,8
50265,8
50266,8
50267,8
50268,8
50269,8
50270,8
50271,8
50272,8
50273,8
50274,8
50275,8
50276,8
50277,8
50278,8
50279,8
50280,8
50281,8
50282,8
50283,8
50285,8
50287,8
50288,8
50290,8
50291,8
50292,8
50293,8
50294,8
50295,8
50296,8
50297,8
50298,8
50299,8
50300,8
50301,12
50303,12
50305,12
50306,8
50307,8
50308,8
50309,8
50310,8
50311,8
50313,12
50314,8
50315,8
50316,3
50318,12
50319,12
50321,8
50322,8
50323,8
50324,8
50325,8
50326,8
50327,8
50328,8
50329,8
50330,8
50331,8
50332,8
50333,8
50334,1
50335,1
50336,1
50337,1
50338,1
50339,8
50340,8
50341,8
50342,8
50343,8
50348,8
50349,8
50350,8
50351,8
50352,8
50353,8
50354,8
50355,8
50356,8
50357,7
50358,7
50359,8
50360,7
50361,7
50362,8
50363,8
50364,7
50365,8
50366,8
50367,8
50368,8
50369,8
50370,8
50371,7
50372,7
50373,7
50374,7
50375,8
50376,8
50377,8
50380,8
50381,8
50382,8
50383,8
50384,10
50385,8
50386,8
50387,8
50388,8
50389,8
50390,8
50391,8
50392,8
50393,8
50394,8
50395,8
50396,8
50397,8
50398,8
50399,8
50401,8
50402,8
50403,8
50404,8
50405,8
50406,8
50407,8
50408,8
50409,8
50410,8
50411,8
50412,8
50415,8
50416,8
50417,8
50418,8
50419,8
50420,12
50421,8
50423,8
50428,8
50429,8
50430,8
50431,8
50432,7
50433,8
50434,8
50435,8
50436,8
50437,8
50438,8
50439,8
50440,8
50441,8
50442,8
50443,8
50444,8
50445,8
50446,8
50447,8
50448,8
50449,8
50450,8
50451,8
50452,8
50453,8
50454,8
50455,8
50456,8
50457,8
50458,8
50459,8
50460,8
50461,8
50462,8
50463,8
50464,8
50465,8
50466,8
50467,8
50468,8
50472,8
50474,8
50475,8
50476,8
50477,8
50478,8
50479,8
50480,8
50481,8
50483,8
50487,8
50488,8
50489,8
50490,8
50491,8
50492,8
50493,8
50496,8
50497,8
50498,8
50499,8
50501,8
50502,8
50503,8
50504,8
50505,8
50506,8
50507,8
50508,8
50509,8
50510,8
50511,8
50512,8
50513,8
50514,8
50515,8
50516,8
50517,8
50518,8
50519,8
50520,8
50521,8
50522,8
50523,8
50524,8
50525,8
50526,8
50527,8
50528,8
50529,8
50530,8
50531,8
50532,8
50533,8
50534,8
50535,8
50536,8
50538,8
50539,8
50540,8
50541,8
50542,8
50544,8
50545,8
50546,8
50547,8
50548,8
50549,8
50550,8
50551,8
50553,8
50554,8
50555,8
50556,8
50557,8
50559,8
50560,8
50561,8
50562,8
50563,8
50564,8
50565,8
50566,8
50567,8
50568,8
50569,8
50570,8
50571,8
50572,8
50573,8
50574,8
50575,8
50576,8
50577,8
50578,8
50579,8
50580,8
50581,8
50582,8
50583,8
50584,8
50585,8
50586,8
50587,8
50588,8
50589,8
50590,8
50591,8
50592,8
50593,8
50594,8
50595,8
50596,8
50597,8
50598,8
50599,8
50600,8
50601,8
50602,8
50603,8
50604,8
50605,8
50606,8
50607,8
50608,8
50609,8
50610,8
50611,8
50612,8
50613,8
50614,8
50616,8
50617,8
50619,8
50621,8
50622,8
50624,8
50625,8
50626,8
50629,8
50630,8
50632,8
50633,8
50634,8
50635,8
50636,8
50637,8
50638,8
50639,8
50640,8
50641,8
50642,8
50643,8
50644,8
50645,8
50646,8
50647,8
50648,8
50649,8
50650,8
50651,8
50652,8
50653,8
50654,8
50655,8
50656,8
50657,8
50658,8
50659,8
50660,8
50661,8
50662,8
50663,8
50664,8
50665,8
50666,8
50667,8
50668,8
50669,8
50670,8
50671,8
50672,8
50673,8
50674,8
50675,8
50676,8
50677,8
50678,8
50679,8
50680,8
50681,8
50682,8
50683,8
50684,8
50685,8
50686,8
50687,8
50688,8
50689,8
50690,11
50691,8
50692,8
50693,8
50694,8
50695,8
50696,8
50697,8
50698,8
50699,8
50700,8
50701,8
50702,8
50703,8
50704,8
50705,8
50706,8
50707,8
50708,8
50709,8
50710,8
50711,8
50712,8
50713,8
50714,8
50715,8
50716,8
50717,8
50718,8
50719,8
50720,8
50721,8
50722,8
50723,8
50724,8
50725,8
50726,8
50727,8
50728,8
50729,8
50731,8
50733,8
50734,8
50735,8
50737,8
50738,8
50739,8
50740,8
50741,8
50742,8
50743,8
50744,8
50745,8
50746,8
50747,8
50748,8
50749,8
50750,8
50751,8
50752,8
50753,8
50754,8
50755,8
50756,8
50757,8
50758,8
50759,8
50760,8
50761,8
50762,8
50763,8
50764,8
50765,8
50766,8
50767,8
50768,8
50769,8
50770,8
50771,8
50772,8
50773,8
50774,8
50775,8
50776,8
50777,8
50778,8
50779,8
50780,8
50781,8
50782,8
50783,8
50784,8
50785,8
50786,8
50787,8
50788,8
50789,8
50790,8
50791,8
50792,8
50793,8
50794,8
50795,8
50796,8
50797,8
50798,8
50800,8
50801,8
50802,8
50803,8
50804,8
50805,8
50806,8
50807,8
50808,8
50809,8
50810,8
50811,8
50812,8
50813,8
50814,8
50815,8
50816,8
50817,8
50818,8
50819,8
50822,8
50823,8
50824,8
50825,8
50828,8
50834,8
50835,8
50836,8
50837,8
50838,8
50839,8
50841,8
50842,8
50844,8
50845,8
50846,8
50847,8
50848,8
50849,8
50850,8
50851,8
50852,8
50853,8
50854,8
50855,8
50856,8
50857,8
50858,8
50859,8
50860,8
50861,8
50862,8
50863,8
50864,8
50865,8
50866,8
50867,8
50868,8
50869,8
50870,8
50871,8
50872,8
50873,8
50874,8
50875,8
50876,8
50877,8
50878,8
50879,8
50880,8
50881,8
50882,8
50883,8
50884,8
50885,8
50886,8
50887,8
50888,8
50889,8
50890,8
50891,8
50892,8
50893,8
50894,8
50895,8
50896,8
50897,8
50898,8
50899,8
50900,8
50901,8
50902,8
50903,8
50904,8
50905,8
50906,8
50907,8
50908,8
50909,8
50910,8
50911,8
50912,8
50913,8
50914,8
50915,8
50916,8
50917,8
50918,8
50919,8
50920,8
50921,8
50922,8
50923,8
50924,8
50925,8
50926,8
50927,8
50928,8
50929,8
50930,8
50931,8
50932,8
50933,8
50934,8
50935,8
50936,8
50937,8
50938,8
50939,8
50940,8
50942,8
50943,8
50944,8
50946,8
50947,8
50948,8
50949,8
50950,8
50951,8
50952,8
50953,8
50954,8
50955,8
50956,8
50957,8
50958,8
50959,8
50960,8
50961,8
50962,8
50963,8
50964,8
50965,8
50966,8
50967,8
50969,8
50970,8
50971,8
50972,8
50973,8
50974,8
50975,8
50976,8
50977,8
50978,8
50979,8
50980,8
50981,8
50982,8
50983,8
50984,8
50985,8
50986,8
50987,8
50988,8
50989,8
50990,8
50991,8
50992,8
50993,8
50994,8
50995,8
50996,8
50997,8
50998,8
50999,8
51000,8
51001,8
51002,8
51003,8
51004,8
51005,8
51006,8
51007,8
51008,8
51009,8
51010,8
51011,8
51012,8
51013,8
51014,8
51015,8
51016,8
51017,8
51018,8
51019,8
51020,8
51021,8
51022,8
51023,8
51024,8
51025,8
51026,8
51027,8
51028,8
51029,8
51030,8
51031,8
51032,8
51033,8
51034,8
51035,8
51036,8
51037,8
51038,8
51039,8
51040,8
51041,8
51042,8
51043,8
51044,8
51045,8
51046,8
51047,8
51048,8
51049,8
51050,8
51051,8
51052,8
51053,8
51054,8
51055,8
51056,8
51057,8
51058,8
51059,8
51060,8
51061,8
51062,8
51063,8
51064,8
51065,8
51066,8
51068,8
51069,8
51070,8
51071,8
51072,8
51073,8
51074,8
51075,8
51076,8
51077,8
51078,8
51079,8
51080,8
51081,8
51082,8
51083,8
51084,8
51085,8
51086,8
51087,8
51088,8
51089,8
51090,8
51091,8
51092,8
51093,8
51094,8
51095,8
51096,8
51097,8
51098,8
51099,8
51100,8
51101,8
51102,8
51103,8
51104,8
51105,8
51106,8
51107,8
51108,8
51109,8
51110,8
51111,8
51112,8
51113,8
51114,8
51115,8
51116,8
51117,8
51118,8
51119,8
51120,8
51121,8
51122,8
51123,8
51124,8
51125,8
51126,8
51127,8
51129,8
51130,8
51131,8
51132,8
51133,8
51134,8
51135,8
51136,8
51137,8
51138,8
51139,8
51140,8
51141,8
51142,8
51144,8
51145,8
51146,8
51147,8
51148,8
51149,8
51150,8
51151,8
51153,8
51154,8
51155,8
51156,8
51157,8
51158,8
51159,8
51160,8
51161,8
51162,8
51163,8
51164,8
51165,8
51166,8
51167,8
51168,8
51169,8
51170,8
51172,8
51173,8
51174,8
51175,8
51176,8
51177,8
51178,8
51179,8
51180,8
51181,8
51184,8
51185,8
51190,8
51191,8
51192,8
51193,8
51198,8
51199,8
51200,8
51201,8
51202,8
51203,8
51204,8
51205,8
51206,8
51207,8
51208,8
51209,8
51210,8
51211,8
51212,8
51213,8
51214,8
51215,8
51216,8
51217,8
51218,8
51219,8
51220,8
51221,8
51222,8
51223,8
51224,8
51225,8
51226,8
51228,8
51229,8
51230,8
51231,8
51232,8
51233,8
51234,8
51238,8
51239,8
51240,8
51241,8
51242,8
51243,8
51244,8
51245,8
51246,8
51247,8
51248,8
51249,8
51250,8
51251,8
51252,8
51278,8
51279,8
51280,8
51281,8
51282,8
51283,8
51284,8
51285,8
51286,8
51287,8
51296,8
51297,8
51298,8
51302,8
51305,8
51308,8
51309,8
51310,8
51311,8
51312,8
51313,8
51314,8
51315,8
51316,8
51317,8
51318,8
51319,8
51320,8
51321,8
51322,8
51330,8
51331,8
51332,8
51333,8
51334,8
51335,8
51338,8
51339,8
51340,8
51341,8
51342,8
51343,8
51344,8
51345,8
51346,8
51347,8
51348,8
51349,8
51350,8
51351,8
51352,8
51353,8
51354,8
51355,9
51356,8
51357,8
51358,8
51359,8
51360,8
51361,8
51363,8
51364,8
51365,8
51366,8
51367,8
51368,8
51369,8
51370,8
51371,8
51373,8
51374,8
51375,8
51376,8
51377,8
51378,8
51379,8
51380,8
51383,8
51384,8
51385,8
51386,8
51388,8
51389,8
51390,8
51391,8
51394,8
51395,8
51396,8
51397,8
51398,8
51399,8
51400,8
51401,8
51402,8
51403,8
51404,8
51405,8
51406,8
51407,8
51408,8
51411,8
51412,8
51413,8
51415,8
51417,8
51418,8
51421,8
51422,8
51424,8
51425,8
51426,8
51427,8
51428,8
51429,8
51430,8
51431,8
51432,8
51433,8
51434,8
51435,8
51436,8
51437,8
51438,8
51439,8
51440,8
51441,8
51442,8
51443,8
51444,8
51445,8
51446,8
51447,8
51448,8
51449,8
51450,8
51451,8
51452,8
51453,8
51454,8
51455,8
51456,8
51457,8
51461,8
51462,8
51463,8
51464,8
51465,8
51466,8
51467,8
51468,8
51469,8
51470,8
51471,8
51472,8
51474,8
51475,8
51476,8
51478,8
51479,8
51480,8
51481,8
51482,8
51483,12
51484,12
51485,12
51486,12
51487,8
51488,8
51489,8
51490,8
51491,8
51492,8
51493,8
51494,8
51495,8
51496,8
51497,8
51498,8
51499,8
51500,8
51501,8
51502,8
51503,8
51504,8
51505,8
51506,8
51507,8
51508,8
51512,8
51513,8
51514,8
51515,8
51516,8
51517,8
51518,8
51519,8
51520,8
51521,8
51526,8
51527,8
51528,8
51529,8
51530,8
51532,8
51533,8
51534,8
51535,8
51536,8
51537,8
51538,8
51539,8
51540,8
51541,8
51542,8
51543,8
51544,8
51545,8
51546,8
51547,8
51548,8
51549,8
51550,8
51552,8
51554,8
51555,8
51556,8
51557,8
51558,8
51559,8
51560,8
51561,8
51562,8
51563,8
51564,8
51565,8
51566,8
51567,8
51568,8
51569,8
51570,8
51571,8
51572,8
51573,8
51574,8
51575,8
51576,8
51577,8
51578,8
51579,8
51580,8
51581,8
51582,8
51583,8
51584,8
51585,8
51586,8
51587,8
51588,8
51589,8
51590,8
51591,8
51592,8
51593,8
51594,8
51595,8
51596,8
51597,8
51598,8
51599,8
51600,8
51601,8
51602,8
51604,8
51608,8
51609,8
51610,8
51611,8
51612,8
51613,8
51615,8
51616,8
51617,8
51618,8
51619,8
51620,8
51621,8
51622,8
51623,8
51624,8
51625,8
51626,8
51627,8
51628,8
51629,8
51630,8
51631,8
51632,8
51633,8
51634,8
51635,8
51636,8
51637,8
51638,8
51639,8
51640,8
51641,8
51642,8
51643,8
51644,8
51646,8
51647,8
51648,8
51649,8
51650,8
51651,8
51652,8
51653,8
51654,8
51655,8
51656,8
51657,8
51658,8
51659,8
51660,8
51661,8
51662,8
51663,8
51664,8
51665,8
51666,8
51667,8
51668,8
51669,8
51670,8
51671,8
51672,8
51673,8
51674,8
51675,8
51676,8
51677,8
51678,8
51679,8
51680,8
51681,8
51682,8
51683,8
51684,8
51685,8
51686,8
51687,8
51689,8
51690,8
51691,8
51692,8
51693,8
51694,8
51695,8
51696,8
51697,8
51698,8
51699,8
51700,8
51701,8
51702,8
51703,8
51704,8
51705,8
51706,8
51707,8
51708,8
51709,8
51710,8
51711,8
51712,8
51714,8
51715,8
51717,8
51718,8
51719,8
51720,8
51721,8
51722,8
51723,8
51724,8
51725,8
51726,8
51727,8
51728,8
51729,8
51730,8
51731,8
51732,8
51733,8
51734,8
51735,8
51736,8
51737,8
51738,8
51739,8
51740,8
51741,8
51742,8
51743,8
51745,8
51746,8
51747,8
51748,8
51749,8
51750,8
51751,8
51752,8
51753,8
51754,8
51755,8
51756,8
51757,8
51758,8
51759,8
51760,8
51761,8
51762,8
51763,8
51764,8
51765,8
51766,8
51767,8
51768,8
51769,8
51770,8
51771,8
51772,8
51773,8
51774,8
51775,8
51776,8
51777,8
51778,8
51779,8
51780,8
51781,8
51782,8
51783,8
51784,8
51785,8
51786,8
51787,8
51788,8
51789,8
51790,8
51791,8
51792,8
51793,8
51794,8
51795,8
51796,8
51797,8
51798,8
51800,8
51801,8
51802,8
51803,8
51804,8
51805,8
51806,8
51807,8
51808,8
51809,8
51810,8
51811,8
51813,8
51814,8
51815,8
51816,8
51817,8
51818,8
51819,8
51820,8
51821,8
51822,8
51824,8
51825,8
51826,8
51827,8
51828,8
51829,8
51830,8
51831,8
51832,8
51833,8
51834,8
51835,8
51836,8
51837,8
51839,8
51840,8
51841,8
51842,8
51843,8
51844,8
51845,8
51846,8
51847,8
51848,8
51849,8
51850,8
51851,8
51852,8
51853,8
51854,8
51855,8
51856,8
51870,8
51871,8
51872,8
51873,8
51874,8
51875,8
51876,8
51877,8
51878,8
51879,8
51880,8
51881,8
51882,8
51883,8
51884,8
51885,8
51886,8
51887,8
51888,8
51889,8
51890,8
51891,8
51892,8
51893,8
51894,8
51895,8
51896,8
51897,8
51898,8
51899,8
51900,8
51901,8
51902,8
51903,8
51904,8
51905,8
51906,8
51907,8
51908,8
51909,8
51910,8
51911,8
51912,8
51913,8
51914,8
51916,8
51917,8
51918,8
51919,8
51920,8
51921,8
51922,8
51923,8
51924,8
51925,8
51926,8
51927,8
51928,8
51929,8
51930,8
51931,8
51932,8
51933,8
51934,8
51935,8
51936,8
51937,8
51938,8
51939,8
51940,8
51941,8
51942,8
51943,8
51944,8
51945,8
51946,8
51947,8
51948,8
51949,8
51950,8
51951,8
51952,8
51953,8
51954,8
51955,8
51956,8
51957,8
51958,8
51959,8
51961,8
51962,8
51963,8
51964,8
51965,8
51967,8
51968,8
51969,8
51970,8
51971,8
51972,8
51973,8
51974,8
51975,8
51976,8
51977,8
51978,8
51979,8
51980,8
51981,8
51982,8
51983,8
51984,8
51985,8
51986,8
51987,8
51988,8
51989,8
51990,8
51991,8
51992,8
51993,8
51994,8
51995,8
51996,8
51997,8
51998,8
51999,8
52000,8
52001,8
52002,8
52003,8
52004,8
52005,8
52006,8
52007,8
52008,8
52009,8
52010,8
52011,8
52012,8
52013,8
52014,8
52015,8
52016,8
52017,8
52018,8
52019,8
52023,8
52024,8
52026,8
52027,8
52028,8
52029,8
52030,8
52031,8
52032,8
52033,8
52034,8
52035,8
52036,8
52037,8
52038,8
52039,8
52040,8
52041,8
52042,8
52043,8
52044,8
52045,8
52046,8
52047,8
52048,8
52049,8
52050,8
52051,8
52052,8
52053,8
52054,8
52055,8
52056,8
52057,8
52058,8
52059,8
52060,8
52061,8
52062,8
52063,8
52064,8
52065,8
52067,8
52068,8
52069,8
52070,8
52071,8
52072,8
52073,8
52074,8
52075,8
52113,8
52114,8
52115,8
52116,8
52117,8
52118,8
52119,8
52120,8
52121,8
52122,8
52123,8
52124,8
52125,8
52126,8
52127,8
52128,8
52129,8
52130,8
52131,8
52132,8
52133,8
52134,8
52135,8
52136,8
52137,8
52138,8
52139,8
52140,8
52141,8
52142,8
52143,8
52144,8
52145,8
52146,8
52147,8
52148,8
52149,8
52150,8
52151,8
52152,8
52153,8
52154,8
52155,8
52156,8
52157,8
52158,8
52159,8
52160,8
52161,8
52162,8
52163,8
52164,8
52165,8
52166,8
52167,8
52168,8
52169,8
52170,8
52171,8
52172,8
52173,8
52174,8
52175,8
52179,8
52180,8
52181,8
52182,8
52183,8
52184,8
52185,8
52186,8
52187,8
52188,8
52189,8
52190,8
52191,8
52192,8
52193,8
52194,8
52195,8
52196,8
52197,8
52198,8
52199,8
52200,8
52203,8
52204,8
52205,8
52207,8
52208,8
52209,8
52210,8
52211,8
52212,8
52213,8
52214,8
52215,8
52216,8
52217,8
52218,8
52219,8
52220,8
52221,8
52222,8
52223,8
52224,8
52225,8
52226,8
52227,8
52228,8
52229,8
52230,8
52234,8
52236,8
52237,8
52238,8
52239,8
52240,8
52241,8
52242,8
52243,8
52244,8
52245,8
52246,8
52247,8
52248,8
52249,8
52250,8
52251,8
52252,8
52253,8
52256,8
52257,8
52258,8
52259,8
52260,8
52261,8
52262,8
52263,8
52264,8
52265,8
52266,8
52267,8
52268,8
52269,8
52271,8
52273,8
52274,8
52275,8
52276,8
52277,8
52278,8
52279,8
52280,8
52281,8
52282,8
52283,8
52284,8
52285,8
52286,8
52287,8
52288,8
52289,8
52290,8
52291,8
52292,8
52293,8
52294,8
52295,8
52296,8
52297,8
52298,8
52299,8
52300,8
52301,8
52302,8
52303,8
52304,8
52305,8
52306,8
52307,8
52308,8
52309,8
52310,8
52311,8
52312,8
52313,8
52314,8
52315,8
52316,8
52317,8
52318,8
52319,8
52320,8
52321,8
52322,8
52323,8
52324,8
52325,8
52326,8
52327,8
52328,8
52329,8
52330,8
52331,8
52332,8
52333,8
52334,8
52335,8
52336,8
52337,8
52338,8
52339,8
52340,8
52341,8
52342,8
52343,8
52344,8
52345,8
52346,8
52347,8
52348,8
52349,8
52350,8
52351,8
52352,8
52353,8
52354,8
52355,8
52356,8
52357,8
52358,8
52359,8
52360,8
52361,8
52362,8
52363,8
52364,8
52365,8
52366,8
52367,8
52368,8
52369,8
52370,8
52371,8
52372,8
52373,8
52374,8
52375,8
52376,8
52377,8
52378,8
52379,8
52380,8
52381,8
52382,8
52383,8
52384,8
52385,8
52386,8
52387,8
52388,8
52389,8
52390,8
52391,8
52392,8
52393,8
52394,8
52395,8
52396,8
52397,8
52398,8
52399,8
52400,8
52401,8
52402,8
52403,8
52404,8
52405,8
52406,8
52407,8
52408,8
52409,8
52410,8
52411,8
52412,8
52413,8
52414,8
52415,8
52416,8
52417,8
52418,8
52419,8
52420,8
52421,8
52422,8
52423,8
52424,8
52425,8
52426,8
52427,8
52428,8
52429,8
52430,8
52431,8
52432,8
52433,8
52434,8
52435,8
52436,8
52437,8
52438,8
52439,8
52440,8
52441,8
52443,8
52444,8
52445,8
52446,8
52447,8
52448,8
52449,8
52450,8
52451,8
52452,8
52453,8
52454,8
52455,8
52456,8
52457,8
52458,8
52459,8
52460,8
52461,8
52462,8
52463,8
52464,8
52465,8
52466,8
52467,8
52468,8
52469,8
52470,8
52471,8
52472,8
52473,8
52474,8
52475,8
52476,8
52477,8
52478,8
52479,8
52480,8
52481,8
52482,8
52483,8
52484,8
52485,8
52486,8
52487,8
52488,8
52489,8
52490,8
52491,8
52492,8
52493,8
52494,8
52495,8
52496,8
52497,8
52504,8
52505,8
52506,8
52507,8
52508,8
52509,8
52510,8
52511,8
52512,8
52513,8
52544,8
52654,8
52746,8
52747,8
52748,8
52749,8
52750,8
52751,8
52752,8
52754,8
52755,8
52756,8
52757,8
52758,8
52759,8
52760,8
52761,8
52762,8
52763,8
52764,8
52765,8
52766,8
52767,8
52768,8
52769,8
52770,8
52771,8
52772,8
52773,8
52774,8
52775,8
52776,8
52777,8
52778,8
52779,8
52780,8
52781,8
52782,8
52783,8
52784,12
52785,8
52786,12
52787,8
52788,8
52789,8
52790,8
52792,8
52793,8
52794,8
52795,8
52796,8
52798,8
52799,8
52800,8
52801,8
52802,8
52803,8
52804,8
52805,8
52806,8
52807,8
52808,8
52809,8
52810,8
52811,8
52812,8
52813,8
52814,8
52815,8
52816,8
52817,8
52818,8
52819,8
52820,8
52821,8
52822,8
52823,8
52824,8
52825,8
52826,8
52827,8
52828,8
52829,8
52830,8
52831,8
52832,8
52833,8
52834,8
52835,8
52836,8
52837,8
52838,8
52839,8
52840,8
52841,8
52842,8
52843,8
52844,8
52845,8
52846,8
52847,8
52848,8
52849,8
52850,8
52851,8
52852,8
52853,8
52854,8
52855,8
52856,8
52857,8
52858,8
52859,8
52860,8
52861,8
52862,8
52863,8
52864,8
52865,8
52866,8
52867,8
52868,8
52869,8
52870,8
52871,8
52872,8
52873,8
52874,8
52875,8
52876,8
52877,8
52878,8
52879,8
52880,8
52881,8
52882,8
52883,8
52884,8
52885,8
52886,8
52888,8
52889,8
52890,8
52891,8
52892,8
52893,8
52894,8
52895,8
52896,8
52897,8
52898,8
52899,8
52900,8
52901,8
52902,8
52903,8
52904,8
52905,8
52906,8
52907,8
52908,8
52909,8
52910,8
52911,8
52912,8
52913,8
52914,8
52915,8
52916,8
52917,8
52918,8
52919,8
52920,8
52921,8
52922,8
52923,8
52924,8
52928,8
52929,8
52930,8
52934,8
52935,8
52936,8
52937,8
52938,8
52939,8
52940,8
52941,8
52942,8
52943,8
52944,8
52945,8
52946,8
52947,8
52948,8
52949,8
52950,8
52951,8
52952,8
52953,8
52954,8
52955,8
52956,8
52957,8
52958,8
52959,8
52960,8
52961,8
52962,8
52963,8
52964,8
52965,12
52967,8
52968,8
52969,8
52970,8
52971,8
52972,8
52973,8
52974,8
52975,8
52976,8
52977,8
52978,8
52979,8
52980,8
52981,8
52982,8
52983,8
52984,8
52985,8
52986,8
52987,8
52988,8
52989,8
52990,8
52991,8
52992,8
52993,8
52994,8
52995,8
52996,8
52997,8
52998,8
52999,8
53000,8
53001,8
53002,8
53003,8
53004,8
53005,8
53006,8
53007,8
53008,8
53009,12
53010,12
53011,12
53012,8
53013,8
53014,8
53015,8
53016,8
53017,8
53018,8
53019,8
53020,8
53021,8
53022,8
53023,8
53024,8
53025,8
53026,8
53027,8
53028,8
53029,8
53030,8
53031,8
53032,8
53033,8
53034,8
53035,8
53036,8
53037,8
53038,8
53039,8
53040,8
53041,8
53042,8
53043,8
53044,8
53045,8
53050,8
53052,8
53053,8
53054,8
53055,8
53056,8
53057,8
53058,8
53059,8
53060,8
53061,8
53062,8
53063,8
53064,8
53065,8
53066,8
53067,8
53068,8
53069,8
53070,8
53071,8
53072,8
53073,8
53074,8
53075,8
53076,8
53078,8
53079,8
53080,8
53081,8
53082,8
53083,8
53084,8
53085,8
53086,8
53087,8
53088,8
53089,8
53090,8
53091,8
53092,8
53093,8
53094,8
53095,8
53096,8
53097,8
53098,8
53099,8
53100,8
53101,8
53102,8
53103,8
53105,8
53106,8
53107,8
53108,8
53109,8
53110,8
53111,8
53112,8
53113,8
53114,8
53115,8
53116,8
53117,8
53118,8
53119,8
53120,8
53121,8
53122,12
53123,12
53124,8
53125,8
53126,8
53127,8
53128,8
53129,8
53130,8
53131,8
53132,8
53133,8
53134,8
53135,8
53136,8
53137,8
53138,8
53139,8
53140,8
53141,8
53142,8
53143,8
53144,8
53145,8
53146,8
53147,8
53148,8
53149,8
53150,8
53151,8
53152,8
53153,8
53154,8
53155,8
53159,8
53160,8
53161,8
53162,8
53163,8
53164,8
53165,8
53167,8
53168,8
53169,8
53170,8
53171,8
53172,8
53173,8
53174,8
53175,8
53176,8
53177,8
53178,8
53179,8
53180,8
53181,8
53182,8
53183,8
53184,8
53185,8
53186,8
53187,8
53188,8
53189,8
53190,8
53191,8
53192,8
53193,8
53194,8
53195,8
53196,8
53197,8
53198,8
53199,8
53200,8
53201,8
53202,8
53203,8
53204,8
53205,8
53206,8
53207,8
53208,8
53209,8
53210,8
53211,8
53212,8
53213,8
53214,8
53215,8
53216,8
53217,8
53218,8
53219,8
53220,8
53221,8
53222,8
53223,8
53224,8
53225,8
53226,8
53227,8
53228,8
53229,8
53230,8
53231,8
53232,8
53233,8
53234,8
53235,8
53236,8
53237,8
53238,8
53239,8
53240,8
53241,8
53242,8
53243,8
53244,8
53245,8
53246,8
53247,8
53248,8
53249,8
53250,8
53251,8
53252,8
53253,8
53254,8
53255,8
53256,8
53257,8
53258,8
53259,8
53260,8
53261,8
53262,8
53263,8
53264,8
53265,8
53266,8
53267,8
53268,8
53269,8
53270,8
53271,8
53272,8
53273,8
53274,8
53275,8
53276,8
53277,8
53278,8
53279,8
53280,8
53281,8
53282,8
53283,8
53284,8
53285,8
53286,8
53287,8
53288,8
53289,8
53290,8
53291,8
53292,8
53293,8
53294,8
53295,8
53296,8
53297,8
53298,8
53299,8
53300,8
53301,8
53302,8
53303,8
53304,8
53305,8
53306,8
53307,8
53308,8
53309,8
53310,8
53311,8
53312,8
53313,8
53314,8
53315,8
53316,8
53317,8
53318,8
53319,8
53320,8
53321,8
53322,8
53323,8
53324,8
53325,8
53326,8
53327,8
53328,8
53329,8
53330,8
53331,8
53332,8
53333,8
53334,8
53335,8
53336,8
53337,8
53338,8
53341,8
53342,8
53343,8
53344,8
53345,8
53346,8
53347,8
53348,8
53349,8
53351,8
53352,8
53353,8
53354,8
53355,8
53356,8
53357,8
53358,8
53359,8
53360,8
53361,8
53362,8
53363,8
53364,8
53365,8
53366,8
53367,8
53368,8
53369,8
53370,8
53371,8
53372,8
53373,8
53377,8
53382,12
53384,12
53385,12
53386,8
53387,8
53390,8
53393,12
53396,12
53401,12
53402,12
53405,8
53406,8
53407,8
53408,8
53409,8
53410,8
53411,8
53413,8
53414,8
53415,8
53416,8
53417,8
53418,8
53419,8
53420,8
53421,8
53422,8
53423,8
53424,8
53425,8
53426,8
53427,8
53428,8
53429,8
53430,8
53431,8
53432,8
53433,8
53434,8
53435,8
53436,8
53437,8
53438,8
53439,8
53440,8
53441,8
53442,8
53443,8
53444,8
53445,8
53446,8
53447,8
53448,8
53449,8
53450,8
53451,8
53452,8
53453,8
53454,8
53455,8
53456,8
53457,8
53458,8
53459,8
53460,8
53461,8
53462,8
53463,8
53464,8
53465,8
53466,8
53467,8
53468,8
53469,8
53470,8
53471,8
53472,8
53473,8
53474,8
53475,8
53476,8
53477,8
53478,8
53479,8
53480,8
53481,8
53482,8
53483,8
53484,8
53485,8
53486,8
53487,8
53488,8
53489,8
53490,8
53491,8
53492,8
53493,8
53494,8
53495,8
53496,8
53497,8
53498,12
53500,12
53502,12
53504,12
53505,12
53506,12
53507,12
53508,12
53509,12
53510,12
53511,12
53512,12
53513,12
53514,12
53515,12
53516,12
53517,12
53518,12
53519,12
53520,12
53522,12
53523,12
53524,12
53525,12
53526,8
53527,8
53528,8
53529,8
53530,8
53531,8
53532,8
53534,8
53535,8
53536,8
53537,8
53538,8
53539,8
53540,8
53541,8
53542,8
53543,8
53544,8
53546,8
53547,8
53548,8
53549,8
53550,8
53551,8
53552,8
53554,12
53563,8
53564,8
53565,8
53566,8
53567,8
53568,8
53569,8
53570,8
53571,8
53572,8
53573,8
53574,8
53575,8
53576,8
53577,8
53578,8
53579,8
53580,8
53581,8
53582,8
53583,8
53584,8
53585,8
53586,8
53587,8
53588,8
53589,8
53590,8
53591,8
53592,8
53593,8
53594,8
53595,8
53596,8
53597,8
53598,8
53599,8
53600,8
53601,8
53602,8
53604,8
53605,8
53606,8
53608,8
53609,8
53610,8
53611,8
53612,8
53613,8
53614,8
53615,8
53616,8
53617,8
53619,8
53621,8
53622,8
53623,8
53624,8
53627,8
53628,8
53630,8
53631,8
53632,8
53633,8
53634,8
53635,8
53636,8
53637,8
53638,8
53639,8
53640,8
53641,8
53642,8
53643,8
53644,8
53645,8
53650,8
53652,8
53653,8
53654,8
53655,8
53656,8
53657,8
53659,8
53660,8
53661,8
53662,8
53665,8
53666,8
53667,8
53668,8
53669,8
53670,8
53671,8
53672,8
53673,8
53674,8
53675,8
53676,8
53677,8
53678,8
53699,8
53701,8
53704,8
53706,8
53707,8
53711,8
53712,8
53713,8
53714,8
53715,8
53716,8
53717,8
53718,8
53719,8
53720,8
53721,12
53722,12
53723,8
53724,8
53725,12
53726,8
53727,7
53731,7
53734,12
53735,12
53736,12
53737,12
53738,12
53739,12
53740,12
53741,12
53742,12
53743,12
53744,12
53745,8
53746,8
53747,8
53748,8
53749,8
53750,8
53751,8
53752,8
53753,8
53754,8
53755,8
53756,8
53757,8
53758,8
53759,8
53760,8
53761,8
53762,8
53763,8
53764,8
53765,8
53766,8
53768,8
53769,8
53770,8
53771,8
53772,8
53773,8
53774,8
53775,8
53776,8
53777,8
53778,8
53779,8
53780,8
53781,8
53782,8
53783,8
53784,8
53785,8
53786,8
53787,8
53788,8
53789,8
53790,8
53791,12
53792,8
53793,8
53794,8
53795,8
53796,8
53797,8
53798,8
53799,8
53800,8
53801,8
53802,8
53803,8
53804,8
53805,8
53806,8
53807,8
53808,8
53809,8
53810,8
53811,8
53812,8
53813,8
53814,8
53815,8
53816,8
53817,8
53818,8
53819,8
53820,8
53821,8
53823,8
53824,8
53825,8
53826,8
53827,8
53828,8
53829,8
53830,8
53831,8
53832,8
53833,8
53834,8
53835,12
53836,12
53837,12
53838,12
53839,12
53840,12
53841,12
53842,12
53843,8
53844,12
53845,12
53846,12
53847,8
53848,8
53849,8
53850,8
53851,8
53852,8
53853,12
53854,8
53855,8
53856,8
53857,8
53858,8
53859,8
53860,8
53861,8
53862,8
53863,8
53864,8
53865,8
53866,8
53867,8
53868,8
53869,8
53870,8
53871,8
53873,8
53874,8
53875,8
53877,8
53878,8
53879,8
53880,8
53881,8
53882,12
53883,8
53884,8
53885,8
53886,8
53887,8
53888,8
53889,8
53890,8
53891,8
53892,8
53893,8
53894,8
53895,8
53896,8
53897,8
53898,8
53899,8
53900,8
53901,8
53902,8
53903,8
53904,8
53905,8
53906,8
53907,8
53908,8
53909,8
53910,8
53912,8
53913,8
53914,12
53915,12
53916,8
53917,12
53918,12
53919,8
53920,12
53921,12
53922,12
53923,12
53924,12
53925,12
53926,12
53927,12
53928,12
53929,12
53930,12
53931,12
53932,12
53933,12
53934,12
53935,12
53936,8
53937,8
53938,8
53939,8
53940,8
53941,8
53942,8
53943,8
53944,8
53945,8
53946,8
53947,8
53948,8
53949,8
53950,8
53951,12
53952,12
53953,12
53955,8
53956,8
53957,8
53959,8
53960,8
53961,8
53962,8
53963,8
53964,8
53965,12
53966,12
53967,12
53968,12
53969,12
53970,12
53971,8
53972,8
53973,8
53974,8
53975,8
53976,8
53977,8
53978,8
53979,8
53981,8
53982,8
53983,8
53984,8
53985,8
53986,8
53987,8
53988,8
53989,8
53990,8
53991,8
53992,8
53993,8
53994,8
53995,8
53996,8
53997,8
53998,8
53999,8
54000,8
54001,8
54002,8
54004,8
54005,8
54006,8
54007,8
54008,8
54009,8
54010,8
54011,8
54012,8
54013,8
54014,8
54015,8
54016,8
54017,8
54018,8
54019,8
54020,8
54021,8
54022,8
54023,8
54024,8
54025,8
54026,8
54027,8
54028,8
54029,8
54030,8
54031,8
54032,8
54033,8
54034,8
54035,8
54036,8
54037,8
54038,8
54039,8
54041,8
54042,8
54043,8
54044,8
54045,8
54046,8
54047,8
54048,8
54049,8
54050,8
54051,8
54052,12
54058,8
54059,8
54060,8
54061,8
54062,8
54063,8
54064,8
54065,8
54066,8
54067,8
54068,8
54069,8
54070,8
54071,8
54072,8
54073,8
54074,8
54075,8
54076,8
54077,8
54078,8
54079,8
54080,8
54082,8
54083,8
54084,8
54085,8
54086,8
54087,8
54088,8
54089,8
54090,8
54091,8
54094,8
54095,8
54096,12
54097,8
54099,8
54100,8
54101,8
54102,8
54103,8
54104,8
54105,8
54106,8
54107,8
54108,8
54109,8
54112,8
54113,8
54114,8
54115,8
54116,8
54117,8
54118,8
54119,8
54120,8
54121,8
54122,8
54123,8
54124,8
54125,8
54126,8
54127,8
54128,8
54129,12
54130,12
54131,8
54132,8
54134,8
54135,8
54136,8
54137,8
54138,8
54139,8
54140,8
54141,8
54142,8
54143,8
54144,8
54145,8
54146,12
54147,8
54154,8
54156,8
54157,8
54161,8
54162,8
54163,8
54164,8
54165,8
54166,8
54167,8
54169,8
54170,8
54171,8
54172,8
54173,8
54174,8
54175,8
54176,8
54177,8
54178,8
54179,8
54180,8
54182,8
54183,8
54184,8
54185,8
54186,8
54187,8
54188,8
54189,8
54190,8
54191,8
54192,8
54193,8
54194,8
54195,8
54196,8
54197,8
54198,8
54199,8
54200,8
54201,8
54202,8
54203,8
54204,8
54205,8
54206,8
54207,8
54208,8
54209,8
54210,8
54211,8
54212,8
54213,8
54214,8
54215,8
54216,8
54217,8
54218,8
54219,8
54220,8
54221,8
54222,8
54223,8
54224,8
54225,8
54226,8
54227,8
54228,8
54229,8
54230,8
54231,8
54232,8
54233,8
54234,8
54235,8
54236,8
54237,8
54238,8
54239,8
54240,8
54241,8
54243,8
54244,8
54245,8
54246,8
54247,8
54248,8
54249,8
54251,8
54252,8
54253,8
54254,8
54255,8
54256,8
54257,8
54258,8
54259,8
54260,8
54261,8
54262,8
54263,8
54264,8
54265,8
54266,8
54267,8
54268,8
54269,8
54270,8
54271,8
54272,8
54273,8
54274,8
54275,8
54276,8
54277,8
54278,8
54279,8
54280,8
54281,8
54282,8
54283,8
54284,8
54285,8
54286,8
54287,8
54288,8
54289,8
54290,8
54291,8
54292,8
54293,8
54294,8
54295,8
54296,8
54297,8
54298,8
54299,8
54300,8
54301,8
54302,8
54303,8
54304,8
54305,8
54306,8
54307,8
54308,8
54309,8
54310,8
54312,8
54313,8
54314,8
54315,8
54316,8
54317,8
54318,8
54319,8
54320,8
54321,8
54322,8
54323,8
54324,8
54325,8
54326,8
54328,8
54329,8
54330,8
54331,8
54332,8
54333,8
54334,8
54335,8
54336,8
54337,8
54338,8
54339,8
54340,8
54341,8
54342,8
54343,8
54344,8
54345,8
54346,8
54347,8
54348,8
54349,8
54350,8
54351,8
54352,8
54353,8
54354,8
54355,8
54356,8
54357,8
54358,8
54359,8
54360,8
54361,8
54362,8
54363,8
54364,8
54365,8
54366,8
54367,8
54368,8
54369,8
54370,8
54371,8
54372,8
54373,8
54374,8
54375,8
54376,8
54377,8
54378,8
54379,8
54380,8
54381,8
54382,8
54383,8
54384,8
54385,12
54386,12
54387,12
54388,12
54389,12
54390,12
54391,12
54392,12
54393,12
54394,12
54395,12
54396,12
54397,12
54398,12
54399,12
54400,12
54401,12
54402,12
54403,8
54404,8
54405,8
54406,8
54407,8
54408,8
54409,8
54410,8
54411,8
54412,8
54413,8
54414,8
54415,8
54416,8
54417,8
54418,8
54419,8
54421,8
54422,8
54423,8
54424,8
54426,8
54427,8
54428,8
54429,8
54431,8
54433,8
54434,8
54436,8
54437,8
54438,8
54439,8
54441,8
54442,8
54443,8
54445,8
54446,8
54447,8
54448,8
54449,8
54451,8
54452,8
54453,8
54454,8
54455,8
54456,8
54457,8
54458,8
54459,8
54460,8
54461,8
54462,8
54463,8
54464,8
54465,8
54466,8
54467,8
54468,8
54469,8
54470,8
54471,8
54472,8
54473,8
54474,8
54475,8
54476,8
54477,8
54478,8
54479,8
54480,8
54481,8
54482,8
54483,8
54484,8
54485,8
54486,8
54487,8
54488,8
54489,8
54490,8
54491,8
54492,8
54494,8
54495,8
54496,8
54497,8
54498,8
54499,8
54500,8
54502,8
54503,8
54504,8
54505,8
54506,8
54507,8
54508,8
54509,8
54510,8
54511,8
54512,8
54513,8
54514,8
54515,8
54516,8
54518,8
54519,8
54520,8
54521,8
54522,8
54523,8
54524,8
54525,8
54526,8
54527,8
54528,8
54529,8
54531,8
54532,8
54533,8
54534,8
54535,8
54536,8
54537,8
54538,8
54539,8
54540,8
54541,8
54542,8
54543,8
54544,8
54545,8
54546,8
54547,8
54548,8
54549,8
54550,8
54551,8
54552,8
54553,8
54554,8
54555,8
54559,8
54561,8
54562,8
54563,8
54564,8
54565,8
54566,8
54567,8
54568,8
54569,8
54570,8
54571,8
54572,8
54573,8
54574,8
54576,12
54577,12
54578,12
54579,12
54580,12
54581,12
54582,12
54583,8
54584,8
54585,8
54586,8
54587,8
54588,8
54589,8
54590,8
54591,8
54592,8
54593,8
54594,8
54595,8
54596,8
54597,8
54598,8
54599,8
54600,8
54601,8
54602,8
54603,8
54604,8
54605,8
54606,8
54607,8
54608,8
54609,8
54610,8
54611,8
54612,8
54613,8
54614,8
54615,8
54616,8
54617,8
54618,8
54619,8
54620,8
54621,8
54622,8
54623,8
54624,8
54625,8
54626,8
54627,8
54628,8
54629,8
54630,8
54631,8
54632,8
54635,8
54636,8
54638,12
54639,12
54640,12
54641,12
54642,12
54643,8
54644,8
54645,8
54646,8
54647,8
54648,8
54649,8
54650,8
54652,8
54654,8
54655,8
54656,8
54657,8
54658,8
54659,8
54660,8
54661,8
54662,8
54663,8
54664,8
54665,8
54666,8
54667,8
54668,8
54669,8
54671,8
54672,8
54673,8
54674,8
54675,8
54676,8
54677,8
54678,8
54679,8
54680,8
54681,8
54682,8
54683,8
54684,8
54685,8
54686,8
54687,8
54688,8
54689,8
54690,8
54691,8
54692,8
54693,8
54694,8
54695,8
54696,8
54697,8
54698,8
54699,8
54700,8
54701,8
54703,8
54704,8
54705,8
54706,8
54707,8
54708,8
54709,12
54710,12
54711,8
54712,8
54713,8
54714,8
54715,8
54716,8
54717,8
54718,8
54719,8
54720,8
54721,8
54722,8
54723,8
54724,8
54725,8
54726,8
54727,8
54728,8
54729,8
54730,8
54731,8
54732,8
54733,8
54734,8
54735,8
54736,8
54737,8
54738,8
54739,8
54740,8
54741,8
54742,8
54743,8
54744,12
54745,12
54746,12
54747,12
54748,12
54749,12
54750,12
54751,8
54752,8
54753,8
54754,8
54755,8
54756,8
54757,8
54759,12
54760,12
54761,12
54762,12
54763,12
54764,12
54765,12
54766,12
54767,8
54768,12
54769,12
54770,8
54771,12
54772,12
54773,12
54774,12
54775,12
54776,12
54777,12
54778,12
54779,12
54780,12
54781,12
54782,12
54783,9
54784,8
54785,8
54786,8
54787,8
54788,8
54789,8
54790,8
54791,8
54792,8
54793,8
54794,8
54795,8
54796,8
54797,8
54798,8
54799,8
54800,8
54801,8
54802,8
54803,8
54804,8
54805,8
54806,8
54807,8
54808,8
54809,8
54810,8
54811,8
54812,8
54816,8
54817,8
54818,8
54819,8
54820,8
54821,8
54822,8
54823,8
54824,8
54825,8
54826,8
54827,8
54828,8
54829,8
54830,8
54831,8
54832,8
54833,8
54834,8
54835,8
54836,8
54837,8
54838,8
54839,8
54840,8
54841,8
54843,8
54844,8
54845,8
54850,12
54851,8
54852,8
54853,8
54854,8
54855,8
54856,8
54857,8
54858,8
54859,8
54860,8
54861,8
54862,8
54864,8
54865,8
54866,8
54867,8
54868,8
54869,8
54870,8
54871,8
54872,8
54875,8
54876,8
54877,8
54878,8
54879,8
54880,8
54881,8
54882,8
54883,8
54884,8
54885,8
54886,8
54887,8
54888,8
54889,8
54890,8
54891,8
54892,8
54893,8
54894,8
54895,8
54896,8
54897,8
54898,8
54899,8
54900,8
54901,8
54902,8
54903,8
54904,8
54905,8
54906,8
54908,8
54909,8
54910,8
54911,8
54912,8
54913,8
54915,8
54916,8
54917,8
54918,8
54919,8
54920,8
54922,8
54925,8
54926,9
54927,9
54928,8
54929,8
54930,8
54931,8
54933,1
54936,9
54937,9
54938,8
54939,8
54940,8
54941,8
54942,8
54943,8
54944,8
54945,8
54946,8
54947,8
54948,8
54949,8
54950,8
54951,1
54952,1
54953,8
54954,8
54955,8
54956,8
54957,8
54958,8
54959,8
54960,8
54961,8
54962,8
54963,8
54964,8
54965,8
54966,8
54967,8
54968,8
54969,8
54970,8
54971,8
54972,8
54973,8
54974,8
54975,8
54976,12
54977,12
54978,8
54979,8
54980,12
54981,12
54982,12
54983,12
54984,12
54985,8
54986,8
54987,8
54988,8
54989,8
54990,12
54991,8
54992,8
54993,8
54994,8
54995,8
54996,8
54997,8
54998,8
54999,8
55000,8
55001,8
55002,12
55003,12
55004,12
55005,12
55006,12
55007,12
55008,12
55009,12
55010,12
55011,12
55012,12
55013,12
55014,12
55015,12
55016,12
55017,12
55018,12
55019,12
55020,12
55021,12
55022,12
55023,12
55024,12
55025,8
55026,8
55027,8
55028,8
55029,8
55030,8
55031,8
55032,8
55033,8
55034,8
55036,8
55037,8
55039,8
55040,8
55043,8
55044,8
55045,8
55047,8
55048,8
55049,8
55050,8
55051,8
55052,8
55053,8
55054,8
55055,8
55056,8
55057,8
55058,8
55059,8
55060,8
55061,8
55062,8
55063,8
55064,8
55065,8
55066,8
55067,8
55068,8
55069,8
55070,8
55071,8
55072,8
55073,8
55074,8
55075,8
55076,8
55077,8
55078,8
55079,8
55080,8
55081,8
55082,8
55083,8
55084,8
55085,8
55087,8
55088,8
55089,8
55090,8
55092,8
55093,8
55094,8
55095,8
55096,8
55099,8
55100,8
55101,8
55102,8
55103,8
55104,8
55105,8
55111,8
55116,8
55117,8
55118,8
55119,8
55121,8
55122,1
55123,8
55124,8
55125,8
55135,8
55136,8
55137,12
55138,12
55140,8
55141,8
55142,12
55143,8
55144,8
55145,12
55146,12
55147,8
55148,12
55149,8
55150,8
55151,8
55153,8
55161,8
55163,8
55171,8
55173,1
55174,1
55175,8
55176,9
55177,8
55179,8
55180,9
55182,8
55183,8
55184,1
55185,8
55186,1
55188,8
55189,8
55190,8
55191,8
55192,9
55193,1
55194,1
55195,8
55196,1
55198,8
55199,8
55200,8
55201,8
55202,12
55203,8
55204,8
55205,8
55206,8
55207,12
55208,12
55210,8
55211,8
55212,8
55213,8
55214,8
55215,8
55216,8
55217,8
55218,8
55219,8
55220,8
55221,8
55222,8
55223,8
55224,8
55225,8
55226,8
55227,8
55228,8
55229,8
55230,8
55231,8
55232,8
55233,8
55234,8
55235,8
55236,8
55237,8
55238,8
55239,8
55240,8
55241,8
55242,8
55243,8
55244,8
55245,8
55246,8
55247,8
55248,8
55249,8
55250,8
55251,8
55252,8
55253,8
55254,8
55257,8
55258,8
55259,8
55260,8
55261,8
55264,8
55298,8
55299,8
55300,8
55301,8
55302,8
55303,8
55304,8
55305,8
55306,8
55307,8
55308,8
55309,8
55310,8
55311,8
55312,8
55313,8
55319,8
55320,8
55321,8
55322,8
55323,8
55324,8
55325,8
55326,8
55327,8
55328,8
55329,8
55330,8
55331,8
55332,8
55333,8
55334,8
55335,8
55336,8
55337,8
55338,8
55339,8
55340,8
55341,8
55342,8
55343,8
55344,8
55345,8
55346,8
55347,8
55348,8
55349,8
55350,8
55351,8
55352,8
55353,8
55354,8
55355,8
55356,8
55357,8
55358,8
55359,8
55360,8
55361,8
55362,8
55363,8
55364,8
55365,8
55366,8
55367,8
55368,8
55369,8
55370,8
55371,8
55372,8
55373,8
55374,8
55375,8
55376,8
55377,8
55378,8
55379,8
55380,8
55381,8
55382,8
55383,8
55384,8
55385,8
55386,8
55387,8
55388,8
55389,8
55390,8
55391,8
55392,8
55393,8
55394,8
55395,8
55396,8
55397,8
55398,8
55399,8
55400,8
55401,9
55402,8
55404,8
55405,8
55406,8
55407,8
55408,8
55409,8
55410,8
55411,8
55412,8
55413,8
55414,8
55415,8
55416,8
55417,8
55418,8
55419,8
55420,8
55421,8
55422,8
55424,9
55425,8
55426,8
55427,8
55428,8
55429,8
55430,8
55431,8
55432,8
55433,8
55434,8
55435,8
55436,8
55437,8
55438,8
55439,8
55440,8
55441,8
55442,8
55443,8
55444,8
55445,8
55446,8
55447,8
55448,8
55449,8
55450,8
55451,8
55452,8
55453,8
55454,8
55455,8
55456,8
55457,8
55461,8
55462,8
55463,8
55464,8
55465,8
55466,8
55467,8
55468,8
55469,8
55470,8
55471,8
55472,8
55473,8
55475,8
55476,8
55477,8
55478,8
55479,8
55480,8
55481,8
55482,8
55483,8
55484,8
55485,8
55486,8
55487,8
55488,8
55489,8
55490,8
55492,8
55493,8
55494,8
55495,8
55496,8
55497,8
55498,12
55499,12
55500,8
55501,8
55502,8
55503,8
55504,8
55505,8
55506,8
55507,8
55508,12
55509,12
55510,12
55511,12
55512,12
55513,12
55514,8
55515,8
55516,8
55517,8
55518,8
55519,8
55520,8
55521,8
55522,8
55523,8
55524,8
55525,8
55526,8
55527,8
55528,8
55529,8
55530,8
55531,8
55533,8
55534,8
55535,8
55536,8
55537,8
55538,8
55539,8
55540,8
55541,8
55542,8
55543,8
55544,8
55545,8
55546,8
55547,8
55548,8
55549,8
55550,8
55551,8
55552,8
55553,8
55554,8
55555,8
55556,8
55558,8
55559,8
55560,8
55561,8
55565,8
55566,8
55569,8
55570,8
55571,8
55572,8
55573,8
55574,8
55575,8
55578,8
55579,8
55580,8
55581,8
55582,8
55583,8
55584,8
55585,8
55586,8
55587,8
55590,8
55591,8
55592,8
55593,8
55594,8
55595,8
55596,8
55597,8
55598,8
55599,8
55600,8
55601,8
55602,8
55603,8
55604,8
55605,8
55606,8
55607,8
55608,8
55609,8
55610,8
55611,9
55612,9
55613,8
55614,8
55618,8
55619,8
55620,8
55621,8
55622,8
55623,8
55625,8
55626,8
55627,8
55628,8
55629,8
55630,8
55631,8
55632,8
55633,8
55635,8
55636,8
55637,8
55638,8
55639,1
55640,8
55643,8
55644,8
55645,8
55646,8
55647,8
55648,8
55649,8
55650,8
55651,8
55652,8
55653,8
55655,8
55656,8
55657,8
55658,8
55659,8
55660,8
55661,8
55662,8
55663,8
55664,8
55665,8
55666,8
55667,8
55668,8
55669,8
55670,8
55671,8
55672,8
55681,8
55682,8
55683,8
55684,8
55685,8
55686,8
55687,8
55688,8
55689,8
55690,8
55691,8
55692,8
55693,8
55694,8
55695,8
55696,8
55697,8
55698,8
55699,8
55700,8
55701,8
55702,8
55703,8
55707,8
55708,8
55710,8
55712,8
55713,8
55714,8
55715,8
55716,8
55717,8
55718,8
55719,8
55720,8
55721,8
55722,8
55723,8
55724,8
55725,8
55726,8
55727,8
55728,8
55729,8
55730,8
55731,8
55732,8
55734,8
55735,8
55736,8
55737,8
55738,8
55739,8
55740,8
55741,8
55742,8
55743,8
55744,8
55746,8
55750,8
55751,8
55752,8
55753,8
55754,8
55755,8
55756,8
55757,8
55758,1
55759,1
55760,1
55761,1
55762,8
55763,1
55764,1
55765,8
55766,8
55767,8
55768,8
55769,8
55770,8
55771,8
55772,8
55773,8
55774,8
55775,8
55776,8
55777,8
55778,8
55779,8
55780,8
55781,8
55782,8
55783,8
55784,8
55785,8
55786,8
55787,8
55788,8
55789,8
55790,8
55791,8
55792,8
55793,8
55795,8
55796,8
55797,8
55798,8
55799,8
55800,8
55801,8
55802,8
55803,8
55804,8
55805,8
55806,8
55807,8
55808,8
55809,8
55810,8
55811,8
55812,8
55813,8
55814,8
55815,8
55816,8
55818,8
55819,8
55820,8
55821,8
55822,8
55823,8
55824,8
55825,8
55826,8
55827,8
55828,8
55829,8
55830,8
55831,8
55832,8
55833,8
55834,8
55835,8
55836,8
55837,8
55838,8
55839,8
55840,8
55841,8
55842,8
55843,8
55844,8
55845,8
55846,8
55847,8
55848,8
55849,12
55850,8
55851,8
55852,8
55853,8
55854,8
55855,8
55856,8
55857,8
55858,8
55859,8
55860,8
55861,8
55862,8
55863,8
55864,8
55865,8
55866,8
55867,8
55868,8
55869,8
55870,8
55871,8
55872,8
55873,8
55874,8
55875,8
55876,8
55877,8
55878,8
55879,1
55880,8
55881,1
55882,1
55883,8
55884,8
55885,8
55886,8
55887,8
55888,8
55889,8
55890,8
55891,8
55892,8
55893,8
55894,8
55895,8
55896,8
55897,8
55898,8
55899,8
55900,8
55901,8
55902,8
55903,8
55904,8
55905,8
55906,8
55907,8
55908,8
55909,8
55910,8
55911,8
55912,8
55913,8
55914,8
55915,8
55916,8
55917,8
55918,8
55919,8
55920,8
55921,8
55922,8
55923,8
55924,8
55925,8
55926,8
55927,8
55928,8
55929,8
55930,8
55931,8
55932,8
55933,8
55934,8
55935,8
55936,8
55937,8
55938,8
55939,8
55940,8
55941,8
55942,8
55943,8
55944,8
55945,8
55946,8
55947,8
55948,8
55949,8
55950,8
55951,1
55952,1
55953,1
55954,1
55955,1
55956,1
55957,1
55958,1
55959,1
55960,1
55961,1
55962,1
55963,1
55965,1
55967,8
55968,8
55969,8
55970,8
55973,8
55974,8
55975,8
55976,8
55977,8
55978,8
55979,8
55980,8
55981,1
55982,8
55983,8
55984,8
55985,8
55986,8
55987,1
55988,1
55989,1
55990,1
55991,1
55992,1
55993,8
55994,8
55995,8
55996,8
55997,8
55998,8
55999,8
56000,8
56001,8
56002,8
56003,8
56004,8
56005,8
56006,8
56007,8
56008,8
56009,8
56010,8
56011,8
56012,8
56013,8
56014,8
56015,8
56016,8
56017,8
56018,8
56019,8
56020,8
56021,8
56022,8
56023,8
56024,8
56025,8
56027,8
56030,8
56031,8
56032,8
56034,1
56035,8
56036,8
56037,8
56038,8
56039,8
56040,8
56041,8
56042,8
56043,8
56044,8
56045,8
56046,8
56047,8
56048,8
56049,8
56050,8
56051,8
56052,8
56053,8
56054,8
56055,8
56056,8
56057,8
56058,8
56059,8
56060,8
56061,8
56062,8
56063,8
56064,8
56065,8
56066,9
56067,9
56068,9
56069,9
56070,9
56071,8
56072,8
56073,8
56074,8
56075,8
56076,8
56077,8
56078,8
56079,8
56080,8
56081,8
56082,8
56083,8
56084,8
56086,8
56087,8
56088,8
56089,8
56090,8
56091,8
56092,8
56093,8
56094,8
56095,8
56096,8
56097,8
56098,8
56099,8
56100,8
56101,8
56102,8
56103,8
56104,8
56105,8
56106,8
56107,8
56108,8
56109,8
56110,8
56111,8
56112,8
56113,8
56114,8
56115,8
56116,8
56117,8
56118,8
56119,8
56120,8
56121,8
56122,8
56123,8
56124,8
56125,8
56126,8
56127,8
56128,8
56129,8
56130,8
56131,8
56132,8
56133,8
56134,8
56135,8
56136,8
56137,8
56138,8
56139,8
56140,8
56141,8
56142,8
56143,8
56144,8
56145,8
56146,8
56147,8
56148,8
56149,8
56150,8
56151,8
56152,8
56153,8
56154,8
56155,8
56156,8
56157,8
56158,8
56159,8
56160,8
56161,8
56162,8
56163,8
56164,8
56165,8
56166,8
56167,8
56168,8
56169,8
56170,8
56171,8
56172,8
56173,8
56174,8
56175,8
56176,8
56177,8
56178,8
56179,8
56180,8
56181,8
56182,8
56183,8
56184,8
56185,8
56186,8
56187,8
56188,8
56189,8
56190,8
56191,8
56192,8
56193,8
56194,8
56195,8
56196,8
56197,8
56198,8
56199,8
56200,8
56201,8
56202,8
56203,8
56204,8
56205,8
56206,8
56207,8
56208,8
56209,8
56210,8
56211,8
56212,8
56213,8
56214,8
56215,8
56216,8
56217,8
56218,8
56219,8
56220,8
56221,8
56222,8
56223,8
56224,8
56225,8
56226,8
56227,8
56228,8
56229,8
56230,8
56231,8
56232,8
56233,8
56234,8
56235,8
56236,8
56237,8
56238,8
56239,8
56240,8
56241,8
56242,8
56243,8
56244,8
56245,8
56246,8
56247,8
56248,8
56249,8
56250,8
56251,8
56252,8
56253,8
56254,8
56255,12
56256,12
56257,12
56258,12
56259,12
56260,8
56261,8
56262,8
56263,8
56264,8
56265,8
56266,8
56267,8
56268,8
56269,8
56270,8
56271,8
56272,8
56273,8
56274,8
56275,8
56276,8
56277,8
56278,8
56279,8
56280,8
56281,8
56282,8
56283,8
56284,8
56285,8
56286,8
56287,8
56288,8
56289,8
56290,8
56291,8
56292,8
56293,8
56294,8
56295,8
56296,8
56297,8
56298,8
56299,8
56300,8
56301,8
56302,8
56303,8
56304,8
56305,8
56306,8
56307,8
56308,8
56309,8
56310,8
56311,8
56312,8
56313,8
56314,8
56315,8
56316,8
56317,8
56319,8
56320,8
56321,8
56322,8
56323,8
56324,8
56325,8
56326,8
56327,8
56328,8
56329,8
56330,8
56331,8
56332,8
56333,8
56334,8
56335,8
56336,12
56337,12
56338,12
56339,12
56340,8
56341,12
56342,8
56343,1
56344,1
56346,8
56347,8
56348,8
56349,8
56350,8
56351,8
56352,8
56353,8
56354,8
56355,8
56356,8
56358,8
56359,8
56360,8
56361,8
56362,8
56363,8
56364,8
56365,8
56366,8
56367,8
56368,8
56369,8
56370,8
56371,8
56372,12
56373,8
56374,8
56375,8
56376,8
56377,8
56378,8
56379,8
56380,8
56381,8
56382,8
56383,8
56384,8
56385,8
56386,8
56387,8
56388,8
56389,8
56390,8
56391,8
56392,8
56393,8
56394,8
56395,8
56396,8
56397,8
56398,8
56399,8
56400,8
56401,8
56402,8
56405,8
56406,8
56410,8
56411,8
56412,8
56413,8
56414,8
56419,8
56421,8
56422,8
56423,8
56424,8
56425,8
56426,8
56427,8
56428,8
56429,8
56430,8
56431,8
56432,8
56433,8
56434,8
56435,8
56436,8
56437,8
56438,8
56439,8
56440,8
56441,8
56442,8
56443,8
56444,8
56445,8
56446,8
56447,8
56448,8
56449,8
56450,8
56451,8
56452,8
56453,8
56454,8
56455,8
56456,8
56457,8
56458,8
56459,8
56460,8
56461,8
56462,8
56463,8
56464,8
56465,8
56466,8
56467,8
56469,8
56470,9
56471,8
56472,8
56473,8
56474,8
56475,8
56476,8
56477,8
56478,8
56479,8
56480,8
56481,8
56482,8
56483,8
56484,8
56485,8
56486,8
56487,8
56488,8
56489,8
56490,8
56491,8
56492,8
56493,8
56494,8
56495,8
56496,8
56498,8
56499,8
56500,8
56501,8
56504,8
56505,8
56506,8
56507,8
56508,8
56509,8
56510,8
56511,8
56512,8
56513,8
56514,8
56515,8
56516,8
56517,8
56518,8
56519,8
56520,8
56521,8
56523,8
56524,8
56525,8
56526,8
56527,8
56528,8
56529,8
56530,8
56531,8
56532,8
56533,8
56534,8
56536,8
56537,8
56538,8
56539,8
56540,8
56541,8
56542,8
56543,8
56544,8
56545,8
56546,8
56547,8
56548,8
56549,8
56550,8
56551,8
56552,8
56553,8
56554,8
56555,8
56556,8
56557,8
56558,8
56559,8
56560,8
56561,8
56562,8
56563,8
56564,8
56565,8
56566,8
56567,8
56568,8
56570,8
56571,8
56572,8
56573,8
56574,8
56575,8
56576,8
56577,8
56578,8
56579,8
56580,8
56581,8
56582,8
56583,8
56584,8
56585,8
56586,8
56587,8
56588,8
56589,8
56590,8
56591,8
56592,8
56593,8
56594,8
56595,8
56596,8
56597,8
56598,8
56599,8
56600,8
56601,8
56602,8
56603,8
56604,8
56605,8
56606,8
56607,8
56608,8
56609,8
56610,8
56611,8
56612,8
56613,8
56614,8
56615,8
56616,8
56617,8
56618,8
56619,8
56620,8
56621,8
56622,12
56623,12
56624,12
56625,8
56626,12
56627,12
56628,12
56629,12
56630,12
56631,8
56632,8
56633,8
56634,8
56635,8
56636,8
56637,8
56638,8
56639,8
56640,8
56641,8
56642,8
56643,8
56644,8
56645,8
56646,8
56647,8
56648,8
56649,8
56650,8
56651,8
56652,8
56653,8
56654,8
56655,8
56656,8
56657,8
56658,8
56659,8
56660,8
56661,8
56662,8
56663,8
56664,8
56665,8
56666,8
56667,8
56668,8
56669,8
56670,8
56671,8
56672,8
56673,8
56674,8
56675,8
56676,8
56677,8
56678,8
56679,8
56680,8
56681,8
56682,8
56683,8
56684,8
56685,8
56686,8
56687,12
56688,8
56689,8
56690,8
56691,8
56692,8
56693,8
56694,8
56695,12
56696,8
56697,8
56698,8
56699,12
56700,8
56701,8
56702,8
56703,8
56704,8
56705,12
56706,8
56707,8
56708,12
56709,8
56710,8
56711,12
56712,12
56713,8
56714,12
56715,12
56716,12
56717,8
56718,8
56719,8
56720,8
56721,8
56722,8
56723,8
56724,8
56725,8
56726,8
56727,8
56728,8
56729,8
56730,8
56731,8
56732,8
56733,8
56735,8
56736,8
56737,8
56738,8
56739,8
56740,8
56741,8
56742,8
56743,8
56744,8
56745,8
56746,8
56747,12
56748,12
56749,12
56750,8
56751,8
56752,8
56753,8
56754,8
56755,8
56756,8
56757,8
56758,8
56759,8
56760,8
56761,8
56762,8
56763,8
56764,12
56765,12
56766,8
56767,8
56768,8
56769,8
56770,8
56771,8
56772,8
56773,8
56774,8
56775,1
56777,8
56778,8
56779,8
56780,8
56781,8
56782,8
56783,8
56784,8
56785,8
56786,8
56787,8
56788,8
56789,8
56790,8
56791,8
56792,8
56793,8
56794,8
56795,8
56796,8
56797,8
56798,8
56799,8
56800,8
56801,8
56802,8
56803,8
56804,8
56805,8
56806,8
56807,8
56808,8
56809,8
56810,8
56811,8
56812,8
56813,8
56814,8
56815,8
56816,8
56817,8
56818,8
56819,8
56820,8
56821,8
56822,8
56823,8
56824,8
56825,8
56826,8
56827,8
56828,8
56829,9
56830,8
56831,8
56833,8
56834,8
56835,8
56836,8
56837,8
56838,8
56839,1
56840,8
56841,8
56842,12
56844,8
56845,8
56846,8
56847,8
56848,8
56849,8
56850,8
56851,8
56852,8
56853,8
56854,8
56855,8
56856,8
56857,8
56858,8
56859,8
56860,8
56861,8
56862,8
56863,8
56864,8
56865,8
56866,8
56867,8
56868,8
56869,8
56870,8
56871,8
56872,8
56873,8
56874,8
56875,8
56876,8
56877,9
56878,8
56879,8
56880,8
56881,8
56882,8
56883,8
56884,8
56885,8
56886,8
56887,8
56888,8
56889,8
56890,8
56891,8
56892,8
56893,8
56894,8
56895,8
56897,8
56898,8
56899,12
56900,8
56901,12
56902,8
56903,12
56904,12
56905,12
56906,12
56907,8
56908,8
56909,8
56910,8
56911,8
56912,8
56913,8
56914,8
56915,8
56916,8
56917,8
56928,9
56929,9
56930,9
56931,9
56932,9
56933,9
56934,9
56935,9
56936,9
56940,8
56941,8
56942,9
56943,8
56944,8
56945,8
56946,8
56947,8
56948,8
56949,8
56950,8
56951,8
56952,8
56953,8
56954,8
56955,9
56956,8
56957,8
56958,8
56961,9
56962,8
56963,8
56964,8
56965,8
56966,8
56967,8
56968,8
56969,8
56970,8
56971,8
56972,8
56973,8
56974,8
56975,8
56976,9
56977,8
56978,9
56979,8
56980,8
56981,8
56982,8
56983,8
56984,8
56985,8
56986,8
56987,8
56988,8
56989,8
56990,8
56991,8
56992,8
56993,8
56994,8
56995,8
56996,8
56997,8
56998,8
57001,8
57002,8
57003,8
57004,8
57005,8
57006,8
57007,9
57008,8
57009,8
57010,8
57012,8
57013,8
57014,8
57015,8
57016,8
57017,8
57018,8
57019,8
57020,8
57021,8
57022,8
57023,8
57024,8
57025,9
57026,9
57027,9
57028,8
57029,8
57030,8
57031,8
57032,8
57033,8
57034,8
57035,8
57036,8
57037,9
57038,9
57039,8
57040,8
57041,8
57042,12
57043,12
57044,8
57045,12
57046,8
57047,12
57048,12
57049,8
57050,8
57051,12
57052,12
57053,12
57054,8
57055,8
57056,8
57057,8
57058,12
57059,12
57060,8
57061,8
57062,12
57063,8
57064,8
57065,8
57066,8
57067,8
57068,8
57069,8
57070,8
57071,8
57072,8
57073,8
57074,8
57075,8
57076,8
57077,12
57078,12
57079,12
57080,12
57081,12
57082,12
57083,8
57084,8
57085,8
57086,8
57087,8
57088,8
57089,8
57090,8
57091,8
57092,8
57093,8
57094,8
57095,8
57096,8
57097,9
57098,9
57099,9
57100,9
57101,8
57102,9
57103,9
57104,9
57105,9
57106,9
57107,8
57108,8
57109,8
57110,8
57111,8
57112,8
57113,9
57114,9
57115,9
57116,9
57117,9
57118,9
57119,9
57120,9
57121,9
57122,9
57123,9
57124,9
57125,9
57126,8
57129,8
57130,9
57131,9
57132,9
57133,9
57134,9
57135,9
57136,9
57137,9
57138,8
57139,8
57140,9
57141,8
57142,8
57143,8
57144,8
57145,8
57146,8
57147,8
57148,8
57149,8
57150,8
57151,8
57152,8
57153,8
57154,8
57155,8
57156,8
57157,8
57158,9
57159,9
57160,8
57161,9
57164,9
57165,9
57166,9
57167,9
57168,8
57169,8
57170,8
57171,8
57172,9
57173,9
57174,9
57175,9
57176,9
57177,9
57178,9
57179,9
57180,9
57181,9
57182,9
57183,9
57184,8
57185,9
57186,9
57187,8
57188,8
57189,9
57190,9
57191,8
57192,8
57193,8
57194,8
57195,8
57196,8
57197,8
57198,8
57199,8
57200,8
57201,8
57202,9
57203,9
57205,9
57206,8
57207,9
57208,8
57209,9
57210,9
57211,8
57212,8
57213,8
57214,8
57215,8
57216,8
57217,8
57218,8
57219,8
57220,8
57221,8
57222,8
57223,8
57224,9
57225,8
57226,8
57228,9
57230,9
57231,9
57232,9
57233,9
57234,8
57235,8
57236,9
57237,9
57238,9
57239,9
57240,9
57241,9
57242,9
57243,8
57244,8
57245,9
57246,8
57247,8
57248,8
57249,12
57250,8
57251,8
57252,8
57253,8
57254,8
57255,8
57256,8
57258,8
57259,8
57260,8
57261,9
57262,9
57263,9
57264,9
57265,9
57266,9
57267,9
57268,9
57269,9
57270,9
57271,8
57272,8
57273,8
57274,8
57275,8
57276,8
57277,9
57278,9
57279,8
57280,8
57281,8
57282,8
57283,9
57284,9
57285,8
57286,8
57287,9
57288,9
57289,8
57290,8
57291,9
57292,8
57293,8
57294,8
57295,8
57298,12
57299,8
57300,12
57301,9
57302,12
57303,12
57304,12
57305,12
57307,12
57308,8
57312,12
57313,12
57314,12
57315,12
57316,9
57317,12
57319,8
57323,8
57324,8
57326,8
57327,8
57328,8
57329,9
57330,8
57331,8
57332,8
57333,8
57334,8
57335,8
57336,8
57337,9
57338,8
57339,8
57340,8
57341,8
57342,8
57343,8
57344,8
57345,8
57346,8
57347,8
57348,8
57349,8
57350,8
57351,8
57353,8
57354,8
57358,8
57359,8
57360,8
57362,8
57363,8
57364,8
57367,9
57369,9
57370,8
57371,8
57372,8
57373,8
57374,8
57375,8
57376,8
57377,8
57378,8
57379,8
57380,9
57381,9
57384,9
57385,8
57386,9
57387,8
57388,8
57389,8
57390,9
57391,8
57392,8
57393,8
57394,8
57395,8
57396,8
57397,8
57398,8
57399,8
57400,8
57401,8
57402,8
57403,8
57404,9
57405,9
57408,8
57412,9
57413,9
57414,9
57415,9
57416,9
57417,9
57418,9
57419,9
57420,9
57421,9
57422,9
57423,9
57424,9
57425,9
57426,9
57427,9
57428,9
57429,8
57430,8
57431,8
57432,8
57433,8
57434,8
57435,8
57436,8
57437,8
57438,8
57439,9
57440,8
57442,9
57443,9
57444,9
57445,9
57446,9
57447,9
57448,8
57449,8
57453,9
57454,9
57455,9
57456,9
57457,9
57458,9
57459,9
57460,9
57461,9
57462,8
57463,9
57464,8
57465,9
57466,9
57469,9
57470,9
57471,9
57472,8
57473,9
57474,9
57475,9
57476,9
57477,9
57478,9
57479,9
57481,9
57482,9
57483,9
57484,12
57485,9
57486,12
57487,12
57488,12
57489,8
57490,12
57491,12
57492,12
57493,12
57494,12
57495,12
57496,12
57497,12
57506,9
57507,9
57508,9
57509,9
57510,9
57511,9
57512,9
57513,9
57514,9
57515,9
57516,9
57517,9
57518,8
57519,8
57520,8
57521,8
57522,8
57523,8
57524,8
57525,9
57526,9
57527,9
57528,8
57529,9
57530,9
57531,9
57532,9
57533,9
57534,9
57535,9
57536,9
57537,9
57538,9
57539,9
57540,8
57541,8
57542,8
57543,8
57545,9
57547,9
57548,9
57549,9
57550,8
57551,9
57552,9
57553,9
57554,9
57555,9
57556,9
57558,9
57559,8
57560,8
57562,8
57563,8
57564,8
57565,8
57566,8
57567,8
57568,9
57569,8
57570,9
57571,9
57572,9
57573,9
57574,9
57575,9
57576,9
57577,9
57578,9
57579,9
57580,8
57581,2
57582,8
57583,9
57584,9
57585,8
57586,8
57587,8
57588,8
57589,8
57590,8
57591,8
57592,8
57593,8
57596,8
57597,9
57598,9
57599,9
57600,9
57601,9
57602,9
57603,9
57604,9
57605,9
57606,9
57607,9
57608,9
57609,9
57610,9
57611,9
57612,9
57613,9
57614,9
57615,9
57617,9
57618,9
57619,8
57620,8
57621,8
57622,8
57623,8
57624,8
57625,8
57626,8
57627,9
57628,8
57629,8
57630,8
57631,8
57632,8
57634,9
57635,9
57636,9
57637,4
57638,12
57639,12
57642,12
57643,12
57644,9
57645,9
57646,9
57647,9
57648,9
57649,9
57650,9
57651,9
57652,9
57653,9
57655,9
57656,9
57657,9
57658,9
57659,9
57660,9
57661,9
57662,8
57663,9
57664,8
57665,8
57666,8
57667,8
57668,8
57669,8
57670,8
57671,9
57672,8
57673,9
57674,8
57675,8
57676,9
57677,9
57678,9
57679,8
57680,8
57681,9
57682,9
57683,9
57684,9
57685,9
57686,8
57688,8
57689,9
57690,9
57691,9
57692,9
57693,9
57694,9
57695,9
57696,9
57697,8
57698,8
57699,8
57700,8
57701,8
57702,8
57703,8
57704,8
57705,9
57706,8
57707,8
57708,9
57709,9
57710,9
57711,9
57712,9
57713,9
57714,9
57715,9
57716,9
57717,9
57718,9
57719,9
57720,8
57721,12
57724,9
57725,8
57726,8
57727,9
57728,9
57729,9
57732,9
57733,9
57734,9
57735,9
57736,8
57737,8
57738,9
57739,9
57740,9
57741,9
57742,9
57743,8
57744,8
57745,8
57746,8
57747,8
57748,8
57749,8
57750,8
57751,8
57752,8
57753,8
57754,8
57755,8
57756,8
57757,8
57758,8
57759,8
57760,8
57761,8
57762,8
57763,8
57764,8
57765,8
57766,8
57768,8
57769,8
57770,9
57771,9
57772,9
57773,8
57774,8
57775,9
57776,8
57778,9
57779,9
57780,9
57781,9
57782,9
57783,9
57784,9
57786,8
57787,9
57788,9
57789,9
57790,9
57791,9
57792,9
57814,9
57815,9
57816,9
57817,9
57818,9
57819,9
57820,9
57821,9
57822,9
57823,9
57824,9
57825,9
57826,9
57827,8
57828,8
57829,8
57830,8
57831,8
57832,9
57833,9
57834,8
57835,8
57836,8
57837,8
57838,8
57839,8
57840,8
57841,12
57842,8
57843,8
57844,8
57845,8
57846,8
57847,8
57848,8
57850,12
57852,12
57853,12
57854,9
57855,9
57856,9
57857,9
57858,9
57859,9
57860,9
57861,9
57862,9
57865,9
57866,9
57867,9
57868,9
57869,9
57870,9
57871,9
57872,9
57873,8
57874,8
57875,9
57876,9
57877,9
57878,9
57879,9
57880,9
57881,9
57882,9
57883,9
57884,9
57885,9
57886,9
57887,9
57888,9
57889,9
57890,9
57891,9
57892,9
57893,9
57894,8
57895,9
57896,9
57897,9
57898,9
57899,9
57900,9
57901,9
57902,9
57903,9
57904,9
57905,9
57906,9
57908,9
57909,9
57910,8
57911,8
57912,9
57913,9
57914,9
57915,8
57917,12
57918,9
57919,9
57920,9
57921,9
57922,9
57923,9
57924,9
57925,9
57926,9
57927,9
57928,9
57929,9
57930,9
57931,9
57932,9
57933,9
57934,9
57935,9
57936,9
57937,9
57938,8
57939,8
57940,8
57941,8
57942,8
57943,9
57944,9
57945,9
57946,9
57947,9
57948,9
57949,9
57950,9
57951,9
57952,9
57953,9
57954,8
57955,8
57956,8
57957,8
57958,9
57959,8
57960,8
57961,8
57962,9
57963,9
57964,9
57965,9
57966,9
57967,9
57968,8
57969,8
57970,8
57971,8
57973,8
57974,8
57975,9
57976,9
57977,9
57978,9
57979,9
57980,9
57982,9
57983,9
57984,9
57985,9
57986,9
57987,9
57988,8
57989,9
57990,8
57993,9
57994,9
57997,9
57998,9
58000,8
58001,8
58002,8
58003,9
58004,9
58005,9
58006,9
58007,9
58008,8
58009,8
58010,8
58011,9
58013,9
58014,8
58015,8
58016,9
58017,8
58018,8
58019,8
58020,9
58021,9
58022,9
58023,9
58024,9
58025,9
58026,9
58027,9
58030,9
58031,9
58034,9
58035,9
58036,9
58037,9
58038,9
58039,9
58040,9
58041,9
58042,9
58043,9
58044,9
58045,9
58059,9
58060,9
58061,9
58062,9
58063,9
58064,9
58065,9
58066,9
58068,9
58069,9
58070,9
58071,9
58072,9
58073,9
58074,9
58075,9
58076,8
58077,9
58078,9
58079,9
58080,9
58081,9
58084,9
58085,9
58086,9
58087,8
58088,9
58090,9
58091,9
58092,9
58093,9
58094,9
58095,9
58096,8
58097,8
58098,8
58099,8
58101,9
58103,9
58104,9
58105,9
58107,9
58117,12
58119,9
58122,12
58123,12
58124,12
58127,9
58128,9
58129,9
58130,9
58131,9
58132,8
58133,8
58134,8
58135,8
58136,8
58137,8
58138,8
58139,8
58140,8
58141,8
58142,8
58143,9
58144,9
58146,12
58147,12
58151,8
58154,9
58155,8
58156,8
58157,9
58158,9
58159,9
58160,9
58161,9
58162,9
58163,9
58164,9
58165,9
58166,9
58167,8
58168,8
58169,8
58173,9
58174,9
58175,9
58176,9
58177,9
58178,9
58179,9
58180,9
58181,9
58182,9
58183,9
58184,9
58185,9
58186,9
58187,9
58188,9
58189,9
58190,9
58191,9
58192,9
58193,9
58194,9
58195,9
58196,9
58197,9
58198,9
58199,9
58200,9
58201,9
58202,9
58203,9
58204,9
58205,9
58206,9
58207,9
58208,1
58209,1
58210,9
58211,9
58212,9
58213,9
58214,8
58215,9
58216,8
58217,9
58220,8
58221,9
58222,9
58223,9
58224,8
58225,8
58226,8
58227,8
58228,8
58229,8
58230,8
58231,8
58232,8
58233,8
58234,8
58235,8
58236,8
58237,8
58238,8
58239,8
58242,9
58245,9
58246,9
58247,9
58248,9
58249,9
58250,9
58251,9
58252,9
58253,9
58254,9
58255,9
58256,8
58257,8
58258,8
58259,9
58260,9
58261,9
58262,9
58263,9
58264,9
58265,9
58266,9
58267,9
58268,9
58269,9
58270,9
58271,9
58272,9
58273,12
58274,12
58275,8
58276,8
58277,8
58278,9
58279,8
58280,9
58281,8
58282,8
58283,8
58284,8
58285,8
58286,8
58287,8
58288,8
58289,8
58290,8
58291,8
58292,9
58293,9
58294,9
58295,8
58296,8
58297,8
58298,9
58299,8
58300,8
58301,8
58302,8
58303,8
58304,8
58305,8
58306,8
58307,8
58308,8
58309,8
58310,8
58311,8
58312,8
58313,9
58314,8
58315,9
58316,8
58317,8
58318,8
58319,9
58320,8
58321,8
58322,9
58323,9
58324,9
58325,9
58326,9
58327,9
58328,9
58329,9
58330,8
58331,8
58332,8
58333,8
58334,8
58335,9
58336,9
58337,9
58338,9
58339,8
58340,8
58341,8
58342,8
58343,8
58344,8
58345,8
58346,8
58347,8
58348,8
58349,9
58350,9
58351,9
58352,8
58353,9
58358,9
58367,8
58370,8
58371,9
58372,9
58373,8
58374,8
58375,8
58376,9
58377,9
58378,9
58379,9
58380,9
58382,9
58383,9
58384,9
58385,9
58386,9
58387,9
58388,9
58389,9
58390,9
58391,9
58392,9
58393,9
58394,9
58395,9
58396,9
58397,9
58398,9
58399,9
58400,9
58401,9
58402,9
58403,9
58404,9
58405,9
58406,9
58407,9
58408,9
58409,8
58410,9
58411,9
58412,9
58413,9
58414,9
58415,9
58416,9
58417,8
58418,9
58420,8
58421,9
58422,8
58423,8
58424,9
58425,9
58426,9
58427,9
58428,9
58429,9
58431,9
58432,9
58433,9
58434,9
58435,12
58436,12
58437,8
58438,8
58439,8
58440,9
58441,8
58442,8
58443,9
58444,9
58445,9
58446,9
58447,9
58448,8
58449,9
58450,9
58451,9
58452,9
58453,8
58454,9
58455,8
58456,8
58457,8
58458,8
58459,8
58460,8
58461,8
58462,8
58463,8
58464,8
58465,8
58466,8
58467,8
58468,8
58469,8
58470,8
58471,9
58472,9
58473,9
58474,9
58476,8
58477,8
58478,8
58479,9
58480,9
58481,8
58483,9
58484,9
58485,8
58486,9
58487,8
58488,9
58489,9
58490,9
58496,8
58498,8
58502,8
58504,9
58505,9
58506,8
58507,8
58508,8
58509,8
58510,8
58511,8
58512,8
58513,8
58514,8
58515,9
58516,9
58517,9
58518,9
58523,9
58524,9
58525,9
58526,9
58527,8
58528,8
58529,8
58530,9
58531,8
58532,9
58533,8
58534,8
58535,9
58536,8
58537,8
58538,8
58539,9
58540,8
58541,8
58542,8
58543,9
58544,8
58545,8
58546,8
58547,9
58548,8
58549,8
58550,8
58555,9
58557,9
58558,9
58559,9
58560,9
58561,9
58562,9
58563,9
58564,9
58565,9
58566,9
58567,9
58568,9
58569,9
58570,9
58571,9
58572,8
58573,9
58574,9
58575,9
58576,8
58577,8
58578,8
58579,8
58580,8
58581,8
58582,8
58583,8
58584,9
58585,9
58586,9
58587,9
58588,9
58589,9
58590,9
58591,9
58592,9
58593,9
58594,9
58595,8
58596,9
58599,9
58600,9
58601,9
58602,9
58603,9
58604,8
58605,9
58606,8
58607,9
58608,9
58609,9
58610,9
58611,9
58612,8
58613,8
58614,8
58615,8
58616,9
58617,9
58618,9
58619,9
58620,9
58621,9
58622,9
58623,9
58624,9
58625,9
58626,8
58628,9
58629,9
58630,9
58631,8
58632,8
58633,9
58634,8
58635,8
58636,8
58637,9
58638,8
58639,8
58640,8
58641,8
58642,8
58643,8
58644,9
58645,8
58646,8
58647,9
58648,9
58649,9
58650,9
58651,9
58652,9
58653,9
58654,9
58655,9
58656,9
58657,8
58658,8
58659,8
58660,8
58661,8
58662,8
58664,9
58665,9
58667,8
58668,9
58669,9
58670,9
58671,9
58672,8
58673,8
58674,8
58675,8
58676,8
58677,9
58678,9
58679,8
58680,9
58681,8
58682,9
58683,9
58684,9
58685,9
58686,9
58687,9
58688,8
58689,8
58690,9
58691,9
58692,9
58693,8
58694,8
58695,9
58696,8
58697,8
58698,8
58699,8
58700,8
58701,8
58702,8
58703,9
58704,9
58705,8
58706,9
58707,8
58708,8
58709,9
58710,9
58712,9
58713,9
58714,9
58715,8
58716,8
58717,9
58718,8
58719,9
58720,9
58721,9
58722,9
58723,9
58724,9
58725,9
58726,9
58727,9
58728,9
58729,9
58730,9
58731,9
58732,9
58733,9
58734,9
58735,9
58736,9
58737,8
58739,9
58740,8
58741,8
58742,8
58743,8
58744,8
58745,8
58746,8
58747,8
58748,8
58749,8
58750,9
58751,9
58752,9
58753,9
58754,9
58755,9
58756,9
58757,9
58758,9
58759,9
58760,9
58761,9
58762,9
58763,9
58764,9
58765,9
58766,9
58768,9
58769,9
58770,8
58771,9
58772,9
58773,9
58774,9
58775,9
58776,8
58777,8
58778,8
58779,8
58780,8
58781,8
58782,8
58783,9
58784,9
58785,9
58786,9
58787,9
58788,9
58789,9
58790,9
58791,9
58792,9
58793,9
58794,9
58795,9
58796,9
58797,9
58798,9
58799,9
58800,9
58801,8
58802,8
58803,8
58804,8
58805,8
58806,8
58807,8
58808,8
58809,8
58810,8
58811,8
58812,8
58813,8
58814,9
58815,9
58816,9
58817,8
58818,8
58819,9
58820,9
58821,9
58822,9
58823,9
58824,9
58825,8
58826,8
58829,8
58830,8
58831,8
58832,9
58833,9
58835,9
58837,9
58838,9
58840,8
58841,8
58842,9
58843,9
58844,9
58845,9
58846,9
58847,9
58848,8
58849,9
58850,9
58851,9
58852,9
58853,9
58854,9
58855,9
58856,9
58857,9
58858,8
58859,8
58860,8
58861,8
58862,8
58863,8
58864,8
58865,8
58866,8
58868,9
58869,9
58870,9
58871,9
58872,9
58874,8
58875,9
58876,8
58877,12
58878,9
58879,8
58880,9
58881,8
58882,8
58883,8
58887,8
58888,9
58889,9
58890,8
58891,8
58892,8
58893,8
58894,8
58895,8
58896,8
58897,8
58898,8
58899,8
58900,9
58901,8
58902,12
58903,12
58904,9
58905,9
58906,8
58907,8
58908,1
58909,1
58910,1
58911,1
58912,1
58913,8
58914,1
58915,1
58916,9
58917,1
58918,9
58923,1
58924,9
58925,8
58926,9
58927,9
58928,9
58929,9
58930,9
58931,9
58932,9
58933,1
58935,8
58936,9
58937,9
58938,9
58939,9
58940,9
58941,9
58942,8
58943,8
58944,8
58945,8
58946,1
58947,9
58948,9
58949,9
58950,9
58951,9
58952,8
58953,1
58954,9
58956,8
58957,9
58958,9
58959,9
58960,1
58961,8
58962,1
58963,8
58964,1
58965,8
58966,8
58967,1
58968,8
58969,8
58970,8
58971,8
58972,8
58973,8
58974,8
58975,9
58976,9
58977,9
58978,9
58979,9
58980,9
58981,8
58982,9
58983,1
58985,1
58986,9
58987,9
58988,9
58989,12
58990,8
58991,8
58992,9
58993,9
58994,9
58995,9
58996,9
58997,9
58999,8
59000,8
59001,9
59002,1
59003,8
59004,8
59005,9
59006,9
59007,9
59008,9
59009,9
59010,9
59011,9
59012,9
59013,9
59014,9
59015,9
59016,8
59017,8
59018,8
59019,8
59020,9
59021,9
59022,9
59023,9
59024,8
59025,9
59027,9
59028,9
59029,8
59030,8
59031,8
59032,8
59033,8
59034,8
59035,8
59036,8
59037,8
59038,8
59039,8
59040,8
59041,8
59042,9
59043,9
59044,8
59045,9
59046,9
59047,9
59048,9
59049,8
59050,9
59051,9
59052,8
59053,8
59054,8
59055,8
59056,8
59057,8
59058,9
59059,8
59060,8
59061,8
59062,8
59063,9
59064,9
59065,8
59066,9
59067,9
59068,9
59069,9
59070,9
59071,9
59072,8
59073,9
59076,9
59077,9
59078,9
59079,9
59080,9
59081,9
59082,9
59083,9
59084,9
59085,9
59086,9
59087,9
59119,9
59120,9
59125,9
59126,9
59127,9
59130,9
59131,8
59132,8
59133,8
59134,8
59135,9
59136,9
59137,8
59138,9
59139,9
59140,9
59141,9
59142,9
59143,9
59145,9
59147,9
59148,8
59149,8
59150,8
59151,9
59152,8
59153,8
59154,8
59155,8
59156,8
59157,9
59158,8
59159,8
59160,8
59161,9
59162,9
59163,9
59164,9
59165,9
59166,9
59167,9
59168,9
59169,9
59170,9
59171,9
59172,9
59173,8
59174,8
59175,9
59176,9
59177,9
59178,9
59179,9
59181,9
59182,9
59183,9
59184,9
59185,9
59186,9
59188,9
59189,9
59190,9
59191,8
59192,8
59193,8
59194,8
59195,8
59196,9
59197,9
59198,9
59199,9
59200,9
59201,9
59202,9
59203,9
59204,9
59205,9
59206,9
59207,9
59208,9
59209,9
59210,9
59211,9
59212,9
59213,9
59214,9
59215,9
59216,9
59217,9
59218,9
59219,9
59220,9
59221,9
59222,9
59223,9
59224,9
59225,8
59226,9
59227,9
59228,9
59229,9
59230,9
59231,9
59232,9
59233,9
59234,9
59235,9
59236,9
59237,9
59238,9
59239,9
59240,9
59241,9
59242,9
59243,9
59244,9
59245,9
59246,9
59247,9
59248,8
59249,9
59250,9
59251,9
59252,9
59253,9
59254,1
59255,8
59256,9
59258,9
59259,9
59260,9
59261,9
59262,9
59263,9
59264,9
59265,9
59266,9
59267,9
59268,9
59269,9
59290,9
59291,8
59292,8
59293,9
59297,9
59298,9
59299,9
59300,9
59301,9
59302,9
59303,9
59304,9
59305,9
59306,9
59307,9
59308,9
59309,9
59310,9
59311,9
59312,8
59313,9
59314,9
59315,9
59316,9
59317,9
59318,9
59319,9
59320,9
59321,9
59322,9
59323,9
59324,9
59325,9
59326,9
59327,9
59328,9
59329,9
59330,9
59331,9
59332,9
59333,9
59334,9
59335,9
59336,9
59337,9
59339,1
59340,9
59341,9
59342,1
59343,9
59344,9
59345,9
59346,9
59347,1
59348,9
59349,1
59350,1
59351,9
59352,1
59354,1
59355,1
59356,1
59358,1
59359,9
59360,9
59361,9
59362,9
59363,9
59364,9
59365,9
59366,9
59367,9
59368,9
59369,9
59370,9
59371,9
59372,9
59373,9
59374,9
59375,9
59376,9
59377,9
59378,9
59379,9
59380,9
59381,9
59382,9
59383,9
59384,9
59385,9
59386,9
59387,9
59388,9
59389,9
59390,9
59391,9
59392,9
59393,9
59394,9
59395,9
59396,9
59397,9
59398,9
59399,9
59400,9
59401,9
59402,9
59403,9
59404,9
59405,9
59406,9
59407,9
59408,9
59409,9
59410,9
59411,9
59412,9
59413,9
59414,9
59415,9
59416,9
59417,9
59418,9
59419,9
59420,9
59421,9
59422,9
59423,9
59424,9
59425,9
59426,9
59427,9
59428,9
59429,9
59430,9
59431,9
59432,9
59433,9
59434,9
59435,9
59436,9
59437,9
59438,9
59439,9
59440,9
59441,9
59442,9
59443,9
59444,9
59445,9
59446,9
59447,9
59448,9
59449,9
59450,9
59451,9
59452,9
59453,9
59454,9
59455,9
59456,9
59457,9
59458,9
59459,9
59460,9
59461,9
59462,9
59463,9
59464,9
59465,9
59466,9
59467,9
59468,9
59469,9
59470,9
59471,9
59472,9
59473,9
59474,9
59475,9
59476,9
59477,9
59478,9
59479,9
59480,9
59481,9
59482,9
59483,9
59484,9
59485,9
59486,9
59487,9
59488,9
59489,9
59490,9
59491,9
59492,9
59493,9
59494,9
59495,9
59496,9
59497,9
59498,9
59499,9
59500,9
59501,9
59502,9
59503,9
59504,9
59505,9
59506,9
59507,9
59508,9
59509,9
59510,9
59511,9
59512,9
59513,9
59514,9
59515,9
59516,9
59517,9
59518,9
59519,9
59520,9
59521,9
59522,9
59523,9
59524,9
59525,9
59526,9
59527,9
59528,9
59529,9
59530,9
59531,9
59532,9
59533,9
59534,9
59535,9
59536,9
59537,9
59538,9
59539,9
59540,9
59541,9
59542,9
59543,9
59544,9
59545,9
59546,9
59547,9
59548,9
59549,9
59550,9
59551,9
59552,9
59553,8
59554,9
59555,9
59556,9
59557,9
59558,9
59559,9
59560,9
59561,9
59562,9
59563,9
59564,9
59565,9
59566,9
59567,9
59568,8
59578,9
59580,9
59581,9
59582,1
59583,1
59584,9
59585,9
59586,1
59587,1
59588,1
59589,1
59590,1
59591,1
59592,1
59593,1
59594,1
59595,9
59596,9
59597,9
59598,9
59599,9
59600,9
59601,9
59603,9
59604,9
59605,9
59606,9
59607,9
59608,9
59609,9
59610,9
59611,9
59612,9
59614,9
59615,9
59616,9
59617,9
59618,9
59619,9
59620,9
59621,9
59622,9
59623,9
59625,9
59626,9
59627,9
59628,9
59629,9
59630,9
59631,9
59632,9
59633,9
59634,9
59635,8
59636,9
59637,9
59638,9
59639,9
59640,9
59641,8
59642,9
59643,9
59644,9
59645,9
59646,9
59647,9
59648,9
59650,9
59651,9
59653,9
59656,9
59657,9
59658,9
59659,9
59660,9
59661,9
59662,9
59663,9
59664,9
59665,9
59666,9
59667,9
59668,9
59669,9
59670,9
59671,9
59672,9
59673,9
59674,9
59676,9
59677,9
59678,9
59679,9
59680,9
59681,9
59682,9
59683,9
59684,9
59685,9
59686,9
59687,9
59688,9
59689,9
59690,9
59691,9
59692,9
59693,9
59694,9
59695,9
59696,9
59697,9
59698,9
59699,9
59700,9
59701,9
59703,9
59705,9
59706,9
59707,9
59708,9
59709,9
59710,9
59711,9
59712,9
59713,9
59714,9
59715,9
59716,9
59717,9
59718,9
59719,9
59720,9
59721,9
59722,9
59723,9
59724,9
59725,9
59726,9
59727,9
59728,9
59729,9
59731,9
59732,9
59733,9
59734,9
59735,9
59736,9
59737,9
59738,9
59739,9
59740,9
59741,9
59742,9
59743,9
59744,9
59747,9
59748,9
59749,9
59750,9
59751,9
59752,9
59753,9
59754,9
59755,9
59756,9
59757,9
59758,9
59759,9
59760,9
59761,9
59762,9
59763,9
59764,9
59765,9
59766,9
59767,9
59768,9
59769,9
59770,9
59771,9
59772,9
59773,9
59774,9
59775,9
59776,9
59777,9
59778,9
59779,9
59781,9
59782,9
59783,9
59784,9
59789,9
59800,9
59801,9
59802,9
59803,9
59804,9
59805,9
59806,9
59807,9
59808,9
59809,9
59810,9
59811,9
59812,9
59813,9
59814,9
59815,9
59816,9
59817,9
59818,9
59819,9
59820,9
59821,9
59822,9
59823,9
59824,9
59825,9
59826,9
59827,9
59828,9
59829,9
59830,9
59831,9
59832,9
59833,9
59834,8
59835,9
59836,9
59837,9
59838,9
59839,9
59840,9
59841,9
59843,9
59846,9
59847,9
59848,9
59850,9
59851,9
59852,9
59853,9
59854,9
59855,9
59856,9
59857,9
59858,9
59859,9
59860,9
59861,9
59862,9
59863,9
59865,9
59866,9
59867,9
59868,9
59869,9
59870,9
59871,9
59872,9
59873,9
59874,9
59875,9
59876,8
59877,8
59878,9
59879,9
59880,9
59881,9
59882,9
59883,9
59884,9
59885,9
59886,9
59887,9
59888,9
59889,9
59890,9
59891,9
59893,9
59894,9
59896,9
59897,9
59900,9
59902,9
59903,9
59904,9
59905,9
59906,9
59907,9
59908,9
59909,9
59910,9
59911,9
59912,9
59913,9
59914,9
59915,9
59916,9
59917,9
59919,9
59920,9
59921,9
59922,9
59923,9
59924,9
59925,9
59926,1
59927,1
59928,1
59929,1
59930,1
59931,1
59932,1
59933,1
59934,1
59935,1
59937,1
59938,1
59939,1
59940,1
59941,1
59942,1
59943,1
59944,1
59945,1
59946,1
59947,1
59948,1
59949,1
59950,1
59951,1
59952,1
59953,1
59954,1
59955,1
59956,1
59957,1
59958,1
59959,9
59960,9
59961,1
59962,9
59963,9
59964,9
59965,1
59966,9
59967,1
59968,1
59969,9
59970,1
59971,1
59972,1
59973,9
59974,9
59975,1
59978,1
59979,1
59980,1
59981,1
59984,1
59985,1
59986,9
59987,9
59988,9
59989,9
59990,9
59991,9
59992,9
59993,9
59994,9
59995,9
59996,9
59997,9
59998,9
59999,9
60001,9
60003,8
60004,8
60005,9
60006,9
60007,9
60008,9
60009,9
60010,9
60011,9
60012,9
60013,9
60014,12
60015,12
60020,9
60021,9
60022,9
60025,12
60035,12
60040,12
60041,9
60042,9
60043,9
60044,9
60045,9
60046,9
60047,9
60048,9
60049,9
60050,9
60051,9
60052,9
60053,9
60054,9
60055,9
60056,9
60057,9
60058,9
60059,9
60060,9
60061,9
60062,9
60063,9
60064,9
60065,9
60066,9
60067,9
60068,9
60069,9
60070,9
60071,9
60072,9
60073,9
60074,9
60075,9
60076,9
60077,9
60078,9
60079,9
60080,9
60081,9
60082,9
60083,9
60084,9
60085,9
60086,9
60087,9
60088,9
60089,9
60090,9
60091,9
60092,9
60093,9
60096,2
60097,2
60098,9
60099,9
60100,9
60101,9
60102,9
60103,9
60104,9
60105,9
60106,9
60107,9
60108,9
60109,9
60110,9
60111,9
60112,9
60113,8
60114,9
60115,8
60116,8
60117,8
60120,2
60123,2
60124,9
60125,5
60126,5
60127,9
60128,9
60129,9
60130,9
60131,9
60132,9
60133,9
60134,9
60135,9
60136,9
60137,9
60138,9
60139,9
60140,9
60141,9
60142,9
60143,9
60144,9
60145,9
60146,9
60147,9
60148,9
60149,9
60150,9
60151,9
60152,9
60153,9
60154,9
60155,9
60156,9
60157,9
60158,9
60159,9
60160,9
60161,9
60162,1
60164,9
60165,9
60166,9
60167,1
60168,1
60169,8
60172,9
60173,9
60174,1
60175,9
60176,9
60177,9
60178,9
60179,9
60180,9
60181,9
60182,9
60183,9
60184,9
60186,9
60188,9
60189,9
60190,9
60191,9
60192,9
60193,9
60194,9
60195,9
60196,9
60197,9
60198,9
60199,9
60200,9
60201,9
60202,9
60203,9
60204,9
60205,9
60206,9
60207,9
60208,9
60209,9
60210,9
60211,9
60212,9
60213,9
60214,12
60215,12
60216,9
60217,9
60218,9
60219,9
60220,9
60221,9
60222,9
60223,9
60224,9
60225,9
60226,9
60227,9
60228,9
60229,9
60230,9
60231,9
60232,9
60233,9
60234,9
60235,9
60236,9
60237,9
60238,12
60239,12
60240,9
60241,9
60242,9
60243,9
60244,9
60245,9
60246,9
60247,9
60248,9
60249,9
60250,9
60251,9
60252,9
60253,9
60254,9
60255,9
60256,9
60257,9
60258,9
60259,9
60260,9
60261,9
60262,9
60263,9
60264,9
60265,9
60266,9
60267,9
60268,9
60269,9
60270,9
60271,9
60272,9
60273,9
60274,9
60275,9
60276,9
60277,9
60278,9
60279,9
60280,9
60281,9
60283,9
60284,9
60285,9
60286,9
60287,9
60288,9
60289,9
60290,9
60291,9
60292,9
60293,9
60294,9
60295,9
60296,9
60297,9
60299,9
60300,9
60301,9
60302,9
60303,9
60304,9
60305,9
60306,9
60307,9
60308,9
60310,9
60311,9
60312,9
60313,9
60314,9
60315,9
60316,9
60319,9
60320,9
60321,9
60322,9
60323,9
60324,9
60325,9
60326,9
60327,9
60328,9
60329,9
60330,9
60331,9
60332,9
60333,9
60334,9
60335,9
60337,9
60338,9
60339,9
60340,9
60341,9
60342,9
60343,1
60344,1
60345,1
60346,1
60347,1
60348,1
60349,1
60350,1
60351,1
60352,1
60353,1
60355,1
60357,1
60358,9
60359,1
60360,1
60361,1
60362,8
60363,9
60364,9
60365,9
60366,9
60367,9
60368,9
60369,9
60370,9
60371,9
60372,9
60373,9
60374,9
60375,9
60376,9
60377,9
60378,9
60379,9
60380,9
60381,9
60382,9
60383,9
60384,9
60385,9
60386,9
60387,9
60388,9
60389,9
60390,9
60391,9
60392,9
60393,9
60394,9
60395,9
60396,9
60397,9
60398,9
60399,9
60400,9
60401,9
60402,9
60403,9
60404,9
60405,9
60406,9
60407,9
60408,9
60409,9
60410,9
60411,9
60412,9
60413,9
60414,9
60415,9
60416,9
60417,9
60418,9
60419,9
60420,9
60421,9
60422,9
60423,9
60424,9
60425,9
60426,9
60427,9
60428,9
60429,9
60430,9
60431,9
60432,9
60433,9
60434,9
60435,9
60436,9
60437,9
60438,9
60439,9
60440,9
60441,9
60442,9
60443,9
60444,9
60445,9
60446,9
60447,9
60448,9
60449,9
60450,9
60451,9
60452,9
60453,9
60454,9
60455,9
60456,9
60457,9
60458,9
60459,9
60460,9
60461,9
60462,9
60463,9
60464,9
60465,9
60466,9
60467,9
60468,9
60469,9
60470,9
60471,9
60472,9
60473,9
60474,12
60475,9
60476,9
60477,9
60478,9
60479,9
60480,9
60481,9
60482,9
60483,9
60484,9
60485,9
60486,9
60487,9
60488,9
60489,9
60490,9
60491,9
60492,9
60493,9
60494,9
60495,9
60496,9
60497,9
60498,9
60499,9
60500,9
60501,9
60502,9
60504,9
60505,9
60506,9
60507,9
60508,9
60509,9
60510,9
60511,9
60514,9
60515,9
60517,9
60519,9
60520,9
60521,9
60522,9
60523,9
60524,9
60525,9
60526,9
60527,9
60528,9
60529,9
60530,9
60531,9
60532,9
60533,9
60534,9
60535,9
60536,9
60537,9
60538,9
60539,9
60540,9
60541,9
60542,9
60543,9
60544,9
60545,9
60546,9
60547,9
60548,9
60549,9
60550,9
60551,9
60552,9
60553,9
60554,9
60555,9
60556,9
60557,9
60559,9
60563,9
60564,9
60565,9
60566,9
60567,9
60568,9
60569,9
60570,9
60571,9
60572,9
60573,9
60574,9
60575,9
60577,9
60578,9
60579,9
60581,9
60583,9
60585,9
60586,9
60587,9
60588,9
60589,9
60590,9
60594,9
60595,9
60596,9
60597,9
60598,9
60599,9
60600,9
60601,9
60602,9
60605,12
60606,12
60607,9
60608,9
60609,9
60610,9
60611,9
60612,9
60613,9
60614,12
60615,12
60616,12
60617,12
60618,9
60619,12
60620,12
60621,9
60622,9
60623,9
60624,9
60625,9
60626,9
60627,9
60628,9
60629,9
60630,9
60631,9
60632,9
60633,9
60634,9
60635,9
60636,9
60637,9
60638,9
60639,9
60640,9
60641,9
60642,9
60643,9
60644,9
60645,9
60646,9
60647,9
60648,9
60649,9
60650,9
60651,9
60652,9
60653,9
60654,9
60655,9
60656,9
60657,9
60658,9
60659,9
60660,9
60661,9
60662,9
60663,9
60664,9
60665,9
60666,9
60667,9
60668,9
60669,8
60670,8
60671,9
60672,9
60673,9
60674,9
60675,9
60676,9
60677,9
60678,9
60679,9
60680,9
60681,9
60682,9
60683,9
60684,9
60685,9
60686,9
60687,9
60688,9
60689,9
60690,9
60691,9
60692,9
60693,9
60694,9
60695,9
60696,9
60697,9
60698,9
60699,9
60700,9
60701,9
60702,9
60703,9
60704,9
60705,9
60706,9
60707,9
60708,9
60709,9
60710,9
60711,9
60712,9
60714,9
60715,9
60716,9
60717,9
60718,9
60719,9
60720,9
60721,9
60722,9
60723,9
60724,9
60725,8
60726,9
60727,8
60729,9
60730,9
60732,9
60733,9
60735,9
60736,9
60737,9
60738,9
60739,9
60754,9
60755,9
60756,9
60757,9
60758,9
60759,8
60761,8
60762,9
60763,9
60764,9
60765,9
60766,8
60767,8
60768,9
60769,9
60770,9
60771,9
60772,9
60773,9
60774,9
60775,9
60776,9
60777,9
60778,9
60779,9
60780,9
60781,9
60782,9
60783,9
60785,9
60786,9
60787,9
60788,9
60789,9
60790,9
60791,9
60792,9
60793,9
60794,9
60795,9
60796,9
60797,9
60798,9
60799,9
60800,9
60801,9
60802,9
60803,9
60804,9
60805,9
60806,9
60807,9
60808,9
60809,9
60810,9
60811,9
60812,9
60813,9
60814,9
60815,9
60816,9
60817,9
60818,9
60819,9
60820,9
60821,9
60822,9
60823,9
60824,9
60825,8
60826,9
60827,8
60828,8
60829,8
60830,9
60831,9
60834,9
60835,9
60836,9
60837,9
60838,9
60839,9
60840,9
60841,9
60842,9
60843,8
60844,9
60845,9
60846,9
60847,9
60848,9
60849,9
60850,9
60851,9
60852,9
60853,9
60854,9
60855,9
60856,9
60857,9
60858,9
60859,9
60861,8
60862,9
60867,8
60869,8
60871,8
60872,9
60873,9
60874,9
60875,9
60876,9
60877,9
60878,9
60879,9
60880,9
60881,9
60882,9
60883,9
60884,9
60885,9
60886,9
60887,1
60888,9
60889,9
60890,9
60891,1
60892,9
60893,9
60894,9
60895,9
60896,9
60897,9
60898,9
60899,9
60900,9
60901,9
60902,9
60903,9
60904,9
60905,9
60906,9
60907,9
60908,9
60909,9
60910,9
60911,9
60912,9
60913,9
60914,9
60915,9
60916,9
60917,9
60918,9
60919,9
60920,9
60921,9
60922,9
60923,9
60924,9
60925,9
60926,9
60927,9
60928,9
60929,9
60930,9
60932,8
60933,9
60934,9
60935,9
60936,9
60937,9
60938,9
60939,9
60940,9
60941,9
60942,9
60943,9
60944,9
60945,9
60946,9
60947,9
60948,9
60949,9
60950,9
60951,9
60952,9
60953,9
60954,9
60955,9
60956,9
60957,9
60958,9
60959,2
60960,2
60961,2
60962,3
60963,3
60964,5
60965,5
60966,9
60967,9
60968,6
60969,6
60970,7
60971,7
60972,9
60973,9
60974,9
60975,9
60976,9
60977,9
60978,9
60979,9
60980,9
60981,9
60982,9
60983,9
60984,9
60985,9
60986,9
60987,9
60988,9
60989,9
60990,9
60991,9
60992,9
60993,9
60994,9
60995,9
60996,9
60997,9
60998,9
60999,9
61000,9
61001,9
61002,9
61003,9
61004,9
61005,9
61006,9
61008,9
61009,9
61010,9
61011,9
61012,9
61013,9
61014,9
61015,9
61016,9
61017,9
61018,9
61019,9
61020,9
61021,9
61022,9
61023,9
61024,9
61025,9
61026,9
61027,9
61028,9
61029,9
61030,9
61031,9
61032,9
61033,9
61034,9
61035,9
61036,9
61037,9
61038,9
61039,9
61040,9
61041,9
61042,9
61043,9
61044,9
61045,9
61046,9
61047,9
61048,9
61049,9
61050,9
61051,9
61052,9
61053,9
61054,9
61055,9
61056,9
61057,9
61058,9
61059,9
61060,9
61061,9
61062,9
61063,9
61064,9
61065,9
61066,9
61067,9
61068,9
61069,9
61070,9
61071,9
61072,9
61073,9
61074,9
61075,9
61076,9
61077,9
61078,9
61079,9
61080,9
61081,9
61082,9
61083,9
61084,9
61085,9
61086,9
61087,9
61088,9
61089,9
61090,9
61091,9
61092,9
61093,9
61094,9
61095,9
61096,9
61097,9
61098,9
61099,9
61100,9
61101,9
61102,9
61103,9
61104,9
61105,9
61106,9
61107,9
61108,9
61109,9
61110,9
61111,9
61112,8
61113,9
61114,8
61115,9
61116,9
61117,9
61118,9
61119,9
61120,9
61121,9
61122,9
61123,9
61124,9
61125,9
61126,9
61127,9
61128,9
61129,9
61130,9
61131,9
61132,9
61133,9
61134,9
61135,9
61136,9
61138,9
61139,9
61140,9
61141,9
61143,9
61144,9
61145,9
61146,9
61147,9
61148,9
61149,9
61150,9
61151,9
61152,9
61153,9
61154,9
61155,9
61156,9
61157,9
61158,9
61159,9
61160,9
61161,9
61162,9
61163,9
61164,9
61165,9
61166,9
61167,9
61168,9
61169,9
61170,9
61171,9
61173,9
61174,9
61175,9
61176,9
61177,9
61179,9
61180,9
61182,9
61183,9
61184,9
61185,9
61186,9
61187,9
61188,9
61189,9
61190,9
61191,9
61192,9
61193,9
61194,9
61196,9
61197,9
61198,9
61199,9
61201,9
61202,9
61203,9
61204,9
61205,9
61206,9
61207,9
61208,9
61209,9
61210,9
61211,9
61212,9
61213,9
61214,9
61215,9
61216,9
61217,9
61218,9
61219,9
61220,9
61221,9
61222,9
61223,9
61224,9
61225,9
61226,9
61227,9
61228,9
61229,9
61230,9
61231,9
61232,9
61233,9
61234,9
61235,9
61236,9
61237,9
61238,9
61239,9
61240,9
61241,9
61242,9
61243,9
61244,9
61245,9
61246,9
61247,9
61248,9
61249,9
61250,9
61251,9
61252,9
61253,9
61254,9
61255,9
61256,9
61257,9
61258,9
61259,9
61260,9
61261,9
61262,9
61263,9
61264,9
61265,9
61266,9
61267,9
61268,9
61269,9
61270,9
61271,9
61272,9
61273,9
61274,9
61275,9
61276,9
61277,9
61278,9
61279,9
61280,9
61281,9
61282,9
61283,9
61284,9
61285,9
61286,9
61287,9
61288,9
61289,9
61290,9
61291,9
61292,9
61293,9
61294,9
61295,9
61296,9
61297,9
61298,9
61299,9
61300,9
61301,9
61302,9
61303,9
61304,9
61305,9
61306,9
61307,9
61308,9
61309,9
61310,9
61311,9
61312,9
61313,9
61314,9
61315,9
61316,9
61317,9
61318,9
61319,9
61320,9
61321,9
61322,9
61323,9
61324,9
61325,9
61326,9
61327,9
61328,9
61329,9
61330,9
61331,9
61332,9
61333,9
61334,9
61335,9
61336,9
61337,9
61340,9
61342,9
61343,9
61346,9
61347,9
61348,9
61349,9
61350,9
61351,9
61352,9
61353,9
61354,9
61355,9
61356,9
61357,9
61358,9
61359,9
61360,9
61361,9
61362,9
61363,9
61364,9
61365,9
61366,9
61367,9
61368,9
61369,9
61370,9
61371,9
61372,9
61373,9
61374,9
61376,9
61377,9
61378,9
61379,9
61380,9
61381,9
61382,9
61383,9
61384,9
61385,9
61386,9
61387,9
61388,9
61389,9
61390,9
61391,9
61394,9
61395,9
61396,9
61397,9
61398,9
61399,9
61400,9
61401,9
61402,9
61403,9
61404,9
61405,9
61406,9
61407,9
61408,9
61409,9
61410,9
61411,9
61412,9
61414,9
61415,9
61416,9
61417,9
61418,9
61419,9
61420,9
61421,9
61422,9
61423,9
61424,9
61425,9
61426,9
61427,9
61428,9
61429,9
61430,9
61431,9
61432,9
61433,9
61434,9
61435,9
61436,9
61437,9
61438,9
61439,9
61440,9
61441,9
61442,9
61443,9
61444,9
61445,9
61446,9
61447,9
61448,9
61449,9
61450,9
61451,9
61452,9
61453,9
61454,9
61455,9
61456,9
61457,9
61458,9
61459,9
61460,9
61461,9
61462,9
61463,9
61464,9
61465,9
61466,9
61467,9
61468,9
61469,9
61470,9
61473,9
61474,9
61475,9
61477,9
61478,9
61479,9
61480,9
61481,9
61482,9
61483,9
61484,9
61485,9
61486,8
61487,9
61488,8
61489,9
61490,9
61491,9
61492,9
61493,9
61494,9
61495,9
61496,9
61497,9
61498,9
61499,9
61500,9
61501,9
61502,9
61503,9
61504,9
61505,9
61506,9
61507,9
61508,9
61509,9
61510,9
61511,9
61512,9
61513,9
61514,9
61515,9
61516,9
61517,9
61518,9
61519,9
61520,9
61521,9
61522,9
61523,9
61524,9
61525,9
61526,9
61527,9
61528,9
61529,9
61530,9
61531,9
61532,9
61533,9
61534,9
61535,9
61536,9
61537,9
61538,9
61539,9
61540,9
61541,9
61542,9
61543,9
61544,9
61545,9
61546,9
61548,9
61549,9
61550,9
61551,9
61552,9
61553,9
61554,9
61555,9
61556,9
61557,9
61558,9
61559,9
61560,9
61561,9
61562,9
61563,9
61564,9
61565,9
61566,9
61567,9
61568,9
61569,9
61570,9
61571,9
61572,9
61573,9
61574,9
61575,9
61576,9
61577,9
61578,9
61579,9
61580,9
61581,9
61582,9
61583,9
61584,9
61585,9
61586,9
61587,9
61588,9
61589,9
61590,9
61591,9
61593,9
61594,9
61595,9
61596,9
61597,9
61598,9
61599,9
61600,9
61601,9
61602,9
61603,9
61604,9
61605,9
61606,9
61607,9
61608,9
61609,9
61610,9
61611,9
61612,9
61613,9
61614,9
61615,9
61616,9
61617,9
61618,9
61619,9
61620,9
61621,9
61622,9
61623,9
61624,9
61625,9
61626,9
61627,9
61628,9
61629,9
61630,9
61631,9
61632,9
61633,9
61634,9
61635,9
61636,9
61637,9
61638,9
61639,9
61640,9
61641,9
61642,9
61643,9
61644,9
61645,9
61646,9
61647,9
61648,9
61649,9
61650,9
61651,9
61652,9
61653,9
61654,9
61655,9
61656,9
61657,9
61658,9
61659,9
61660,9
61661,9
61662,9
61663,9
61664,9
61665,9
61666,9
61667,9
61668,9
61669,9
61670,9
61671,9
61672,9
61673,9
61674,9
61675,9
61676,9
61677,9
61678,9
61679,9
61680,9
61681,9
61682,9
61683,9
61684,9
61685,9
61686,9
61687,9
61688,9
61689,9
61690,9
61691,9
61692,9
61693,9
61694,9
61695,9
61696,9
61697,9
61698,9
61699,9
61701,9
61702,9
61703,9
61704,9
61705,9
61706,9
61707,9
61708,9
61709,9
61710,9
61711,9
61712,9
61713,9
61714,9
61715,9
61716,9
61717,9
61718,9
61719,9
61720,9
61721,9
61722,9
61723,9
61724,9
61725,9
61726,9
61727,9
61728,9
61729,9
61730,9
61731,9
61732,9
61733,9
61734,9
61735,9
61736,9
61737,9
61738,9
61739,9
61740,9
61741,9
61742,9
61743,9
61744,9
61745,9
61746,9
61747,9
61748,9
61749,9
61750,9
61751,9
61752,9
61753,9
61754,9
61755,9
61756,9
61757,9
61758,9
61759,9
61760,9
61761,9
61762,9
61763,9
61764,9
61765,9
61766,9
61767,9
61768,9
61769,9
61770,9
61771,9
61772,9
61773,9
61774,9
61775,9
61776,9
61777,9
61778,9
61779,9
61780,9
61781,9
61782,9
61783,9
61784,9
61785,9
61786,9
61787,9
61788,9
61789,9
61790,9
61791,9
61792,9
61793,9
61794,9
61795,9
61796,9
61797,9
61798,9
61799,9
61800,9
61801,9
61802,9
61803,9
61804,9
61805,9
61806,9
61807,9
61808,9
61809,9
61810,9
61811,9
61812,9
61813,9
61814,9
61815,9
61816,9
61817,9
61818,9
61819,9
61820,9
61821,9
61822,9
61823,9
61824,9
61825,9
61826,9
61827,9
61828,9
61829,9
61830,9
61831,9
61832,9
61833,9
61834,9
61835,9
61836,9
61837,9
61838,9
61839,9
61840,9
61841,9
61842,9
61843,9
61844,9
61845,9
61846,9
61847,9
61848,9
61849,9
61850,9
61851,9
61852,9
61853,9
61854,9
61855,9
61856,9
61857,9
61858,9
61859,9
61860,9
61861,9
61862,9
61863,9
61864,9
61865,9
61866,9
61867,9
61868,9
61869,9
61870,9
61871,8
61872,8
61873,9
61874,9
61875,9
61876,9
61877,9
61878,9
61879,9
61880,9
61881,9
61882,9
61883,9
61884,9
61885,9
61886,9
61887,9
61888,9
61889,9
61890,9
61892,9
61893,9
61894,9
61895,9
61896,9
61897,9
61898,9
61899,9
61900,9
61901,9
61902,9
61903,9
61904,9
61905,9
61906,9
61907,9
61908,9
61909,9
61910,9
61911,9
61912,9
61913,9
61914,9
61915,9
61916,9
61917,9
61918,9
61919,9
61920,9
61921,9
61922,9
61923,9
61924,9
61925,9
61926,9
61927,9
61928,9
61929,9
61930,9
61931,9
61932,9
61933,9
61934,9
61935,9
61936,9
61937,9
61938,9
61939,9
61940,9
61941,9
61942,9
61943,9
61944,9
61945,9
61946,9
61947,9
61948,9
61949,9
61950,9
61951,9
61952,9
61953,9
61954,9
61955,9
61956,9
61957,9
61958,9
61959,9
61960,9
61961,9
61962,9
61963,9
61964,9
61965,9
61967,9
61968,9
61969,9
61970,9
61971,9
61972,9
61973,9
61974,9
61975,9
61976,9
61977,9
61978,9
61979,9
61980,9
61981,9
61982,9
61983,9
61984,9
61985,9
61986,9
61987,9
61988,9
61989,9
61990,9
61991,9
61992,9
61996,9
61997,9
61998,9
61999,9
62000,9
62001,9
62002,9
62003,9
62004,9
62005,9
62006,9
62007,9
62008,9
62009,9
62010,9
62011,9
62012,9
62013,9
62014,9
62015,9
62016,9
62017,9
62018,9
62019,9
62020,9
62021,9
62022,9
62023,9
62024,9
62025,9
62026,9
62027,9
62028,9
62029,9
62030,9
62031,9
62032,9
62033,9
62034,9
62035,9
62036,9
62037,9
62038,9
62039,9
62040,9
62041,9
62042,9
62043,9
62044,9
62045,9
62046,9
62047,9
62048,9
62049,9
62050,9
62051,9
62052,9
62053,9
62054,9
62055,9
62056,9
62057,9
62058,9
62059,9
62060,9
62061,9
62062,9
62063,9
62064,9
62065,9
62066,9
62067,9
62068,9
62069,9
62070,9
62071,12
62072,9
62073,9
62074,9
62075,9
62076,9
62077,9
62078,9
62079,9
62080,9
62081,9
62082,9
62083,9
62084,9
62085,9
62086,9
62087,9
62088,9
62089,9
62090,9
62091,9
62092,9
62093,9
62094,9
62095,9
62096,9
62097,9
62098,9
62099,9
62100,9
62101,9
62102,9
62103,9
62104,9
62105,9
62106,9
62107,9
62108,9
62109,9
62110,9
62111,9
62112,9
62113,9
62114,9
62115,9
62116,9
62117,9
62118,9
62119,9
62120,9
62121,9
62122,9
62123,9
62124,9
62125,9
62126,9
62127,9
62128,9
62129,9
62130,9
62131,9
62132,9
62133,9
62134,9
62135,9
62136,9
62137,9
62138,9
62139,9
62140,9
62141,9
62142,9
62143,9
62144,9
62145,9
62146,9
62147,9
62148,9
62149,9
62150,9
62151,9
62152,9
62153,9
62154,9
62155,9
62156,9
62157,8
62158,9
62159,9
62160,9
62161,9
62162,8
62163,8
62164,8
62165,9
62166,9
62167,9
62168,9
62169,9
62170,9
62171,9
62172,9
62173,9
62174,9
62175,9
62176,9
62177,9
62178,9
62179,9
62180,9
62181,9
62182,9
62183,9
62184,9
62185,8
62186,9
62187,9
62188,9
62189,9
62190,9
62191,9
62192,9
62193,9
62194,9
62195,9
62196,9
62197,9
62198,9
62199,9
62200,9
62201,9
62202,9
62203,9
62204,9
62205,9
62206,9
62207,9
62208,9
62209,9
62210,9
62211,9
62212,9
62213,9
62214,9
62215,9
62216,9
62217,9
62218,9
62219,9
62220,9
62221,9
62222,9
62223,9
62224,9
62225,8
62226,9
62227,9
62228,9
62229,9
62230,9
62231,9
62232,9
62233,9
62234,9
62235,9
62236,9
62237,9
62238,9
62239,9
62240,9
62241,9
62243,9
62244,9
62245,9
62246,9
62247,9
62248,9
62249,9
62250,12
62251,9
62252,9
62253,9
62254,9
62255,9
62256,9
62257,9
62258,9
62259,9
62260,9
62261,9
62262,9
62263,12
62265,12
62266,9
62267,9
62268,9
62269,9
62270,9
62271,9
62272,9
62273,9
62274,9
62275,9
62276,9
62277,9
62278,9
62279,9
62280,9
62281,9
62282,9
62283,9
62284,9
62285,9
62286,9
62287,9
62288,9
62289,9
62290,9
62291,9
62292,9
62293,9
62294,9
62295,9
62296,9
62297,9
62298,12
62299,12
62300,12
62301,12
62302,12
62303,12
62304,9
62305,9
62306,9
62307,9
62308,9
62309,9
62311,9
62312,9
62313,9
62314,9
62315,9
62316,9
62317,9
62318,9
62319,9
62320,9
62321,9
62322,9
62323,9
62324,9
62325,9
62326,9
62327,9
62328,9
62329,9
62330,9
62331,9
62332,9
62333,9
62334,9
62335,9
62336,9
62337,9
62338,9
62339,9
62340,9
62341,9
62342,9
62343,9
62344,9
62345,9
62346,12
62347,12
62348,12
62349,12
62350,12
62351,12
62352,12
62353,12
62354,12
62355,12
62356,12
62357,12
62358,12
62359,12
62360,12
62361,9
62362,9
62363,9
62364,9
62365,9
62366,9
62367,9
62368,9
62369,9
62370,9
62371,9
62372,9
62373,9
62374,9
62377,9
62380,9
62381,9
62382,9
62384,9
62385,9
62386,9
62387,9
62388,9
62389,9
62390,9
62391,9
62392,9
62393,9
62394,9
62395,9
62396,9
62397,9
62398,9
62400,9
62401,8
62402,1
62403,9
62404,9
62405,9
62406,9
62407,9
62408,9
62409,9
62410,9
62411,9
62412,9
62413,9
62414,9
62415,9
62416,9
62417,9
62420,9
62421,9
62422,9
62423,9
62424,9
62425,9
62426,9
62427,9
62428,9
62429,9
62430,9
62431,9
62432,9
62433,9
62434,9
62435,9
62436,9
62437,9
62438,9
62439,9
62440,9
62441,9
62442,9
62443,9
62444,9
62445,9
62446,9
62447,9
62448,9
62449,9
62450,9
62451,9
62452,9
62453,9
62454,9
62455,9
62456,9
62457,9
62458,9
62459,9
62460,9
62461,9
62462,9
62463,9
62464,9
62465,9
62466,9
62467,9
62468,9
62469,9
62470,9
62471,9
62472,9
62473,9
62474,9
62475,9
62476,9
62477,9
62478,9
62479,9
62480,9
62481,9
62482,9
62483,9
62484,9
62485,9
62486,9
62487,9
62488,9
62489,9
62490,9
62491,9
62492,9
62493,9
62494,9
62495,9
62496,9
62497,9
62498,9
62499,9
62500,9
62501,9
62502,9
62503,9
62504,9
62505,9
62506,9
62507,9
62508,9
62509,9
62510,9
62511,9
62512,9
62513,9
62514,9
62515,9
62516,9
62517,9
62518,9
62519,9
62520,9
62521,9
62522,9
62523,9
62524,9
62525,9
62526,9
62527,9
62528,9
62529,9
62530,9
62531,9
62532,9
62533,9
62534,9
62535,9
62536,9
62537,9
62538,9
62539,9
62540,9
62541,9
62542,9
62543,9
62544,9
62546,9
62547,9
62548,9
62549,9
62550,9
62551,9
62553,9
62554,9
62555,9
62556,9
62557,9
62558,9
62559,9
62560,9
62561,9
62563,9
62564,9
62565,9
62566,9
62567,1
62568,1
62569,9
62570,9
62571,9
62572,9
62573,9
62574,9
62575,9
62576,9
62577,9
62578,9
62579,9
62580,9
62581,9
62582,9
62583,9
62584,9
62585,9
62586,9
62587,9
62588,9
62589,9
62590,9
62591,9
62592,9
62593,9
62594,9
62595,9
62596,9
62597,9
62598,9
62599,9
62600,9
62601,9
62602,9
62603,9
62605,9
62606,9
62607,9
62608,9
62609,9
62610,9
62611,9
62612,9
62613,9
62614,9
62615,9
62616,9
62617,9
62618,9
62619,9
62620,9
62621,9
62622,9
62623,9
62624,9
62625,9
62626,9
62627,9
62628,9
62629,9
62630,9
62631,9
62632,9
62633,9
62634,9
62635,9
62636,9
62637,9
62638,9
62639,9
62640,9
62641,9
62642,9
62643,9
62644,9
62645,9
62646,9
62647,9
62648,9
62649,9
62650,9
62651,9
62652,9
62653,9
62654,9
62655,9
62656,9
62657,9
62658,9
62659,9
62660,9
62661,9
62662,9
62663,9
62664,9
62665,9
62666,9
62667,9
62668,9
62669,9
62670,9
62671,9
62672,9
62673,9
62674,9
62675,9
62676,9
62677,9
62678,9
62679,9
62680,9
62681,9
62682,9
62683,9
62684,9
62685,9
62686,9
62687,9
62688,9
62689,9
62690,9
62691,9
62692,9
62693,9
62694,9
62695,9
62696,9
62697,9
62698,9
62699,9
62700,9
62702,9
62703,9
62704,9
62705,9
62706,9
62707,9
62708,9
62709,9
62710,9
62711,9
62712,9
62713,9
62714,9
62715,9
62716,9
62717,9
62718,9
62719,9
62720,9
62721,9
62722,9
62723,9
62724,9
62725,9
62726,9
62727,12
62728,12
62729,9
62730,9
62732,9
62733,9
62734,9
62735,9
62736,9
62737,9
62738,9
62739,9
62740,9
62741,9
62742,9
62743,9
62744,9
62745,9
62746,9
62747,9
62748,9
62749,9
62750,9
62751,9
62752,9
62753,9
62754,9
62755,9
62756,9
62757,9
62758,9
62759,9
62760,9
62761,9
62762,9
62763,9
62764,9
62765,9
62766,9
62767,9
62768,9
62769,9
62770,9
62771,9
62772,9
62773,9
62774,9
62775,9
62776,9
62777,9
62778,9
62779,9
62780,9
62781,9
62782,9
62783,9
62784,9
62785,9
62786,9
62788,9
62789,9
62790,9
62791,9
62792,9
62793,9
62794,9
62795,9
62796,9
62797,9
62798,9
62799,9
62800,9
62801,9
62802,9
62803,9
62804,9
62805,9
62806,9
62807,9
62808,9
62809,9
62810,9
62811,9
62812,9
62813,9
62814,9
62815,9
62816,9
62817,9
62818,9
62819,9
62820,9
62821,9
62822,9
62823,9
62824,9
62825,9
62826,9
62827,9
62828,9
62830,9
62832,9
62833,9
62834,9
62835,9
62836,9
62837,9
62838,9
62839,9
62840,9
62841,9
62842,9
62843,9
62844,9
62845,9
62846,9
62847,9
62848,9
62849,9
62850,9
62851,9
62852,9
62855,9
62856,9
62857,9
62858,9
62859,9
62860,9
62861,9
62862,9
62863,9
62864,9
62865,9
62866,9
62867,9
62868,9
62869,9
62870,9
62871,9
62872,9
62873,9
62874,9
62875,9
62876,9
62877,9
62878,9
62879,9
62880,9
62881,9
62882,9
62883,9
62884,9
62885,9
62886,9
62890,9
62891,9
62892,9
62893,9
62894,9
62895,9
62896,9
62897,9
62898,9
62899,9
62900,9
62901,9
62902,9
62903,9
62904,9
62905,9
62906,9
62907,9
62908,9
62909,9
62910,9
62911,9
62912,9
62913,9
62914,9
62915,9
62916,9
62917,9
62918,9
62919,9
62920,9
62921,9
62922,9
62923,9
62924,9
62925,9
62926,9
62927,9
62928,9
62929,9
62932,9
62935,9
62936,9
62938,9
62939,9
62940,9
62941,9
62942,9
62943,9
62944,9
62945,9
62946,9
62947,9
62948,9
62949,9
62950,9
62951,9
62952,9
62953,9
62954,9
62955,9
62956,9
62957,9
62958,9
62959,9
62960,9
62961,9
62962,9
62963,9
62964,9
62965,9
62966,9
62967,9
62969,9
62970,9
62971,9
62972,9
62973,9
62974,9
62975,9
62976,9
62977,9
62978,9
62979,9
62980,9
62981,9
62982,9
62983,9
62984,9
62985,9
62986,9
62987,9
62988,9
62989,9
62990,9
62991,9
62992,9
62993,9
62994,9
62995,9
62996,9
62997,9
62998,9
62999,9
63000,9
63001,9
63002,9
63003,9
63004,9
63006,9
63007,9
63008,9
63012,9
63018,9
63019,9
63020,9
63021,9
63022,9
63023,9
63024,9
63025,9
63026,9
63027,9
63029,9
63030,9
63031,9
63032,9
63033,9
63034,9
63035,9
63036,9
63037,9
63038,9
63039,9
63040,9
63041,9
63042,9
63043,9
63044,9
63045,9
63046,9
63047,9
63050,9
63051,9
63052,9
63053,9
63054,9
63055,9
63056,9
63057,9
63058,9
63059,9
63060,9
63061,9
63062,9
63063,9
63064,9
63065,9
63066,9
63067,9
63068,9
63069,9
63070,9
63071,9
63072,9
63073,9
63074,9
63075,9
63076,9
63077,9
63078,9
63079,9
63080,9
63081,9
63082,9
63083,9
63084,9
63085,9
63086,9
63087,9
63088,9
63089,9
63090,9
63091,9
63092,9
63093,9
63094,9
63095,9
63096,9
63097,9
63098,9
63099,9
63100,9
63101,9
63102,9
63103,9
63104,9
63105,9
63106,9
63107,9
63108,9
63109,9
63110,9
63111,9
63112,9
63113,9
63114,9
63115,9
63116,9
63117,9
63118,9
63119,9
63120,9
63121,9
63122,9
63123,9
63124,9
63125,9
63126,9
63127,9
63128,9
63129,9
63130,9
63131,9
63132,9
63133,9
63134,9
63135,9
63136,9
63137,9
63138,9
63139,9
63140,9
63142,9
63143,9
63144,9
63145,9
63146,9
63147,9
63148,9
63149,9
63150,9
63151,9
63152,9
63153,9
63154,9
63155,9
63156,9
63157,9
63158,9
63159,9
63160,9
63161,9
63162,9
63163,9
63164,9
63165,9
63166,9
63168,9
63169,9
63170,9
63171,9
63172,9
63173,9
63174,9
63175,9
63176,9
63177,9
63178,9
63179,9
63180,9
63181,9
63182,9
63183,9
63184,9
63185,9
63186,9
63187,9
63188,9
63189,9
63190,9
63191,9
63192,9
63193,9
63194,9
63195,9
63196,9
63197,9
63198,9
63199,9
63200,9
63201,9
63202,9
63203,9
63204,9
63206,9
63208,9
63209,9
63210,9
63211,9
63212,9
63213,9
63214,9
63215,9
63216,9
63217,9
63218,9
63219,9
63220,9
63221,9
63223,9
63224,9
63226,9
63227,9
63229,9
63230,9
63231,9
63232,9
63233,9
63234,9
63235,9
63236,9
63237,9
63238,9
63239,9
63240,9
63241,9
63242,9
63243,9
63244,9
63245,9
63246,9
63247,9
63248,9
63249,9
63250,9
63251,9
63252,9
63253,9
63254,9
63255,9
63256,9
63257,9
63258,9
63259,9
63260,9
63262,9
63263,9
63264,9
63265,9
63266,9
63267,9
63268,9
63269,9
63270,9
63271,9
63272,9
63273,9
63274,9
63275,9
63276,9
63277,9
63278,9
63279,9
63280,9
63281,9
63282,9
63283,9
63284,9
63285,9
63286,9
63287,9
63288,9
63289,9
63290,9
63291,9
63292,9
63293,9
63294,9
63295,9
63296,9
63297,9
63298,9
63299,9
63300,9
63301,9
63302,9
63303,9
63304,9
63305,9
63306,9
63307,9
63308,9
63309,9
63310,9
63311,9
63312,9
63313,9
63314,9
63315,9
63316,9
63317,9
63318,9
63319,9
63320,9
63321,9
63322,9
63323,9
63324,9
63325,9
63326,9
63327,9
63328,9
63329,9
63330,9
63331,9
63332,9
63333,9
63334,9
63335,9
63336,9
63337,9
63338,9
63339,9
63340,9
63341,9
63342,9
63343,9
63344,9
63345,9
63346,9
63347,9
63348,9
63350,9
63353,9
63354,9
63355,9
63356,9
63358,9
63359,9
63360,9
63361,9
63362,9
63363,9
63364,9
63365,9
63366,9
63367,9
63368,9
63369,9
63370,9
63371,9
63372,9
63373,9
63374,9
63375,9
63376,9
63377,9
63378,9
63379,9
63380,9
63381,9
63382,9
63383,9
63384,9
63385,9
63386,9
63387,9
63388,9
63389,9
63390,9
63391,9
63392,9
63393,9
63394,9
63395,9
63396,9
63397,9
63398,9
63399,9
63400,9
63401,9
63402,9
63403,9
63404,9
63405,9
63406,9
63407,9
63408,9
63409,9
63410,6
63411,9
63412,9
63413,9
63414,9
63415,11
63416,9
63417,9
63418,6
63419,6
63420,9
63421,9
63422,9
63423,9
63424,9
63425,9
63426,9
63427,9
63428,9
63429,9
63430,9
63431,9
63432,9
63433,9
63434,9
63435,12
63436,9
63437,9
63438,9
63439,9
63440,9
63441,9
63442,9
63443,9
63444,9
63445,9
63446,1
63447,1
63449,9
63450,2
63451,9
63452,9
63453,9
63454,1
63455,1
63457,9
63458,9
63459,9
63460,9
63461,9
63462,9
63463,9
63464,9
63477,9
63479,9
63480,9
63481,9
63482,9
63483,9
63484,9
63485,9
63486,9
63487,9
63488,9
63489,9
63490,9
63494,12
63498,12
63501,12
63502,12
63505,9
63506,9
63507,9
63508,9
63509,9
63510,9
63511,9
63519,9
63520,10
63522,9
63523,9
63536,9
63543,9
63544,9
63545,9
63548,9
63549,9
63550,9
63551,9
63552,9
63553,9
63554,9
63555,9
63556,9
63557,9
63558,9
63559,9
63560,9
63561,9
63562,9
63563,9
63564,9
63565,9
63566,9
63567,9
63568,9
63569,9
63570,9
63571,9
63572,9
63573,9
63574,9
63575,9
63576,9
63577,9
63578,9
63579,9
63580,9
63581,9
63582,9
63583,9
63584,9
63585,9
63586,9
63587,9
63588,9
63589,9
63590,9
63591,9
63592,9
63593,9
63594,9
63595,9
63596,9
63597,9
63598,9
63599,9
63600,9
63601,9
63602,9
63603,9
63604,9
63605,9
63606,9
63607,9
63608,9
63609,9
63610,9
63611,9
63612,9
63613,9
63614,9
63615,9
63616,9
63617,9
63618,9
63619,9
63620,9
63621,9
63622,9
63623,9
63624,9
63625,9
63626,9
63627,9
63628,9
63629,9
63630,9
63631,9
63632,9
63633,9
63634,9
63635,9
63636,9
63637,9
63638,9
63639,9
63640,9
63641,9
63642,9
63643,9
63644,9
63645,9
63646,9
63647,9
63648,9
63649,9
63650,9
63651,9
63652,9
63653,9
63654,9
63655,9
63656,9
63659,9
63660,9
63661,9
63662,9
63663,9
63664,9
63665,9
63666,9
63667,9
63668,9
63669,9
63670,9
63671,9
63672,9
63673,9
63674,9
63675,9
63676,9
63677,9
63678,9
63679,9
63680,9
63681,9
63682,9
63683,9
63684,9
63685,9
63686,9
63687,9
63688,9
63689,9
63690,9
63691,9
63692,9
63693,9
63694,9
63695,9
63696,9
63697,9
63698,9
63699,9
63700,9
63703,9
63704,9
63705,9
63706,9
63707,9
63708,9
63709,9
63710,9
63711,9
63712,9
63713,9
63714,9
63715,9
63716,9
63717,9
63722,9
63725,9
63726,9
63727,9
63728,9
63730,9
63731,9
63732,9
63733,9
63734,9
63735,9
63736,9
63737,9
63738,9
63739,9
63740,9
63751,9
63753,9
63754,9
63755,9
63756,9
63757,9
63758,9
63759,9
63760,9
63761,9
63762,9
63763,9
63764,9
63765,9
63766,9
63768,2
63770,2
63771,9
63772,9
63773,9
63774,9
63775,9
63776,9
63777,9
63778,9
63779,9
63780,9
63781,9
63782,9
63783,9
63784,9
63785,9
63786,9
63787,9
63788,9
63789,9
63790,9
63791,9
63792,9
63793,9
63794,9
63795,9
63796,9
63797,9
63798,9
63799,9
63800,9
63801,9
63802,9
63803,9
63804,9
63805,9
63806,9
63807,9
63808,9
63809,9
63810,9
63811,9
63815,9
63816,9
63817,9
63818,9
63819,9
63820,9
63821,9
63822,9
63823,9
63824,9
63825,9
63826,9
63827,9
63828,9
63829,9
63830,9
63831,9
63833,9
63834,9
63835,9
63836,9
63837,9
63838,9
63839,9
63840,9
63841,9
63842,9
63843,9
63844,9
63845,9
63846,9
63847,9
63848,9
63849,9
63850,9
63851,9
63852,9
63853,9
63854,9
63855,9
63856,9
63857,9
63858,9
63859,9
63860,9
63861,9
63862,9
63863,9
63864,9
63867,9
63868,9
63869,9
63870,9
63871,9
63872,9
63873,9
63874,9
63875,9
63876,9
63877,9
63878,9
63879,9
63880,9
63881,9
63882,9
63883,9
63884,9
63885,9
63886,9
63887,9
63888,9
63889,9
63890,9
63891,9
63892,9
63893,9
63894,9
63895,9
63896,9
63899,9
63901,9
63902,9
63903,9
63904,9
63905,9
63906,9
63907,9
63908,9
63909,9
63910,9
63911,9
63912,9
63913,9
63914,9
63915,9
63916,9
63917,9
63918,9
63919,9
63920,9
63921,9
63922,9
63923,9
63924,9
63925,9
63926,9
63927,9
63928,9
63929,9
63930,9
63931,9
63932,9
63933,9
63934,9
63935,9
63936,9
63937,9
63938,9
63939,9
63940,9
63941,9
63942,9
63943,9
63944,9
63945,9
63946,9
63947,9
63948,9
63949,9
63950,9
63951,9
63952,9
63953,9
63954,9
63955,9
63956,9
63957,9
63958,9
63959,9
63960,9
63961,9
63962,9
63963,9
63964,9
63965,9
63966,9
63968,9
63969,9
63970,9
63971,9
63972,9
63973,9
63974,9
63976,9
63977,9
63979,9
63980,9
63981,9
63982,9
63983,9
63984,9
63985,9
63986,9
63987,9
63988,9
63989,9
63990,9
63992,9
63993,9
63994,9
63995,9
63996,9
63997,9
63998,9
63999,9
64000,9
64003,9
64005,9
64006,9
64007,9
64008,9
64009,9
64010,9
64011,9
64012,9
64013,9
64014,9
64015,9
64016,9
64017,9
64018,9
64019,9
64021,9
64022,9
64023,9
64024,9
64027,9
64028,2
64031,2
64034,2
64035,2
64037,2
64038,2
64039,9
64040,9
64042,9
64043,9
64044,9
64045,9
64046,2
64048,2
64050,2
64052,2
64055,9
64056,9
64057,9
64058,9
64059,9
64060,9
64061,9
64063,2
64064,2
64065,9
64067,9
64068,9
64069,9
64070,9
64072,9
64073,9
64074,9
64075,9
64076,9
64077,9
64078,9
64079,9
64080,9
64081,9
64082,9
64083,9
64084,9
64085,9
64086,9
64087,9
64088,9
64089,9
64090,9
64091,9
64092,9
64096,9
64097,9
64098,9
64099,9
64100,9
64101,9
64102,9
64103,9
64104,9
64106,9
64107,9
64108,9
64110,9
64111,9
64112,9
64113,9
64114,9
64115,9
64116,9
64117,9
64118,9
64119,9
64120,9
64121,9
64122,9
64123,9
64124,9
64125,9
64126,9
64127,9
64128,2
64129,9
64130,9
64131,9
64132,9
64133,9
64134,9
64135,9
64136,9
64137,9
64138,9
64145,9
64146,9
64147,9
64148,9
64149,9
64150,9
64151,9
64152,9
64153,9
64154,9
64155,9
64156,9
64157,9
64158,9
64159,12
64160,9
64161,9
64162,12
64163,12
64164,9
64166,9
64167,12
64168,9
64169,9
64170,9
64171,9
64172,9
64173,9
64174,9
64175,9
64176,9
64177,9
64178,9
64179,9
64180,9
64181,9
64182,9
64183,9
64184,9
64185,9
64186,9
64187,9
64188,9
64189,9
64190,9
64191,9
64192,9
64193,9
64194,12
64196,12
64197,9
64198,9
64199,9
64200,9
64201,9
64202,9
64203,12
64204,9
64205,9
64206,9
64207,9
64208,9
64209,9
64210,9
64211,9
64212,9
64213,9
64214,9
64215,12
64216,9
64218,9
64219,9
64220,9
64221,9
64222,9
64223,9
64224,9
64225,9
64226,9
64227,9
64228,9
64229,9
64230,9
64231,9
64232,9
64233,9
64234,9
64235,9
64237,12
64238,9
64239,9
64240,9
64241,9
64243,9
64244,9
64245,9
64246,9
64247,9
64248,9
64249,9
64250,9
64251,9
64252,9
64253,9
64254,9
64255,9
64256,9
64257,9
64258,9
64259,10
64261,9
64262,9
64263,9
64264,9
64265,9
64266,9
64267,9
64268,9
64269,9
64270,9
64271,9
64272,9
64273,9
64274,9
64276,9
64277,9
64278,9
64279,9
64280,9
64281,9
64282,9
64283,9
64284,9
64285,9
64286,9
64287,9
64288,9
64289,9
64290,9
64291,9
64292,9
64293,9
64294,9
64295,9
64296,9
64297,9
64298,9
64299,9
64300,9
64301,9
64302,9
64303,9
64304,9
64305,9
64306,12
64307,9
64308,9
64309,9
64310,9
64311,9
64312,9
64313,9
64314,9
64315,9
64316,9
64317,9
64318,9
64320,9
64321,9
64322,9
64323,9
64324,9
64325,9
64326,9
64327,9
64328,9
64329,9
64330,9
64331,9
64332,9
64333,9
64334,9
64335,9
64336,9
64337,9
64338,9
64339,9
64340,9
64341,9
64342,9
64343,9
64344,9
64345,9
64346,9
64347,9
64348,9
64349,9
64350,9
64351,9
64352,9
64353,9
64354,9
64355,9
64356,9
64357,9
64358,9
64359,9
64360,9
64361,9
64362,9
64363,9
64364,9
64366,9
64367,9
64368,9
64369,9
64372,9
64373,9
64374,9
64375,9
64376,9
64377,9
64378,9
64379,9
64380,9
64381,9
64382,9
64383,9
64384,9
64385,9
64386,9
64387,9
64388,9
64389,9
64390,9
64391,9
64392,9
64393,9
64394,9
64395,9
64396,9
64397,9
64398,9
64399,9
64400,9
64401,9
64402,9
64403,9
64404,9
64405,9
64406,9
64407,9
64408,9
64409,9
64410,9
64411,9
64412,9
64413,9
64414,9
64415,9
64416,9
64417,9
64418,9
64419,9
64420,9
64421,9
64422,9
64423,9
64424,9
64425,9
64426,9
64427,9
64428,9
64429,9
64430,9
64432,9
64433,9
64434,9
64435,9
64436,9
64437,9
64438,9
64439,9
64440,9
64441,9
64442,9
64443,9
64444,9
64445,9
64446,9
64447,9
64448,9
64449,9
64450,9
64451,9
64452,9
64453,9
64454,9
64455,9
64456,9
64457,9
64458,9
64459,9
64460,9
64461,9
64462,9
64463,9
64464,9
64465,9
64466,9
64467,9
64468,9
64469,9
64470,9
64471,9
64472,9
64473,9
64474,9
64475,9
64476,9
64477,9
64478,9
64479,9
64480,9
64481,9
64482,9
64483,9
64484,9
64485,9
64486,9
64487,9
64488,9
64489,9
64490,9
64491,9
64492,9
64493,9
64494,9
64495,9
64496,9
64497,9
64498,9
64499,9
64500,9
64501,9
64502,9
64503,9
64504,9
64505,9
64506,9
64507,9
64508,9
64509,9
64510,9
64511,9
64512,9
64513,9
64514,9
64515,9
64516,9
64517,9
64518,9
64519,9
64520,9
64521,9
64522,9
64523,10
64524,10
64525,10
64526,9
64527,9
64528,9
64529,9
64530,9
64531,9
64532,9
64533,9
64534,9
64535,9
64536,9
64537,10
64538,10
64539,10
64540,10
64541,9
64543,9
64544,9
64545,9
64547,9
64549,9
64550,9
64551,9
64552,9
64553,9
64554,9
64555,9
64556,9
64557,9
64558,10
64559,10
64560,9
64561,9
64562,9
64563,9
64564,9
64565,9
64566,9
64567,9
64568,9
64569,9
64571,9
64572,9
64574,9
64575,9
64577,9
64578,9
64579,9
64580,10
64581,12
64582,12
64583,9
64584,9
64585,9
64586,9
64587,9
64588,9
64589,9
64590,9
64591,9
64592,9
64593,9
64594,9
64595,9
64596,9
64597,9
64598,9
64599,9
64600,9
64601,9
64602,9
64603,9
64604,9
64605,9
64606,9
64607,9
64608,9
64609,9
64610,9
64611,9
64612,9
64613,9
64614,9
64615,9
64616,9
64617,9
64618,9
64619,9
64620,9
64621,9
64622,9
64623,9
64624,9
64626,9
64627,9
64628,9
64629,9
64630,9
64631,9
64632,9
64633,9
64634,9
64635,9
64636,9
64637,9
64638,9
64639,12
64640,12
64641,9
64642,9
64643,9
64644,9
64645,9
64646,9
64647,9
64648,9
64649,9
64650,9
64651,9
64652,9
64653,9
64654,9
64655,9
64656,9
64657,9
64658,9
64659,9
64660,9
64661,9
64662,9
64663,9
64664,9
64665,9
64666,9
64667,9
64668,9
64669,9
64670,9
64671,9
64672,9
64673,9
64674,9
64675,9
64676,9
64677,9
64678,9
64679,9
64680,9
64681,9
64682,9
64683,9
64684,9
64685,9
64686,9
64687,9
64688,9
64689,9
64690,9
64691,9
64692,9
64693,9
64694,9
64695,9
64696,9
64697,9
64698,9
64699,9
64700,9
64701,9
64702,9
64703,9
64704,9
64705,9
64706,9
64707,9
64708,9
64709,9
64710,12
64711,9
64712,9
64713,9
64715,9
64716,9
64717,9
64718,9
64719,9
64720,9
64721,9
64722,9
64723,9
64724,9
64725,9
64726,9
64727,9
64728,9
64729,9
64730,9
64731,9
64732,9
64733,9
64734,9
64737,9
64739,9
64740,9
64741,9
64742,9
64743,9
64744,9
64745,9
64746,9
64747,9
64748,9
64749,9
64750,9
64751,9
64752,9
64753,9
64754,9
64755,9
64756,9
64757,9
64758,9
64759,9
64760,9
64761,9
64762,9
64763,9
64764,9
64765,9
64766,9
64767,9
64768,10
64769,9
64771,9
64772,9
64773,9
64774,9
64775,9
64776,9
64777,9
64778,9
64779,9
64780,9
64781,9
64782,9
64783,12
64784,12
64785,9
64786,9
64787,9
64788,9
64789,9
64790,9
64791,9
64792,9
64793,9
64794,9
64795,9
64796,9
64797,9
64798,9
64799,9
64800,9
64801,9
64802,9
64803,9
64804,9
64805,9
64806,9
64807,9
64808,9
64809,9
64810,9
64811,9
64812,9
64813,9
64814,9
64815,9
64816,9
64817,9
64818,9
64819,9
64820,9
64821,9
64822,9
64823,9
64824,9
64825,9
64826,9
64827,9
64828,9
64829,9
64830,9
64831,9
64832,9
64833,9
64834,9
64835,9
64836,9
64837,9
64838,9
64839,9
64840,9
64841,9
64842,9
64843,9
64844,9
64845,2
64846,9
64847,9
64848,9
64849,9
64850,9
64851,9
64852,9
64853,9
64854,9
64855,10
64856,10
64857,9
64858,9
64859,10
64860,9
64861,9
64862,9
64863,10
64864,10
64865,10
64866,10
64867,9
64868,9
64869,9
64870,9
64871,10
64872,10
64873,10
64875,9
64876,9
64877,10
64878,9
64879,9
64880,9
64888,9
64889,9
64890,9
64891,9
64892,9
64893,9
64894,9
64895,9
64896,9
64897,9
64898,9
64899,9
64900,9
64901,9
64902,9
64903,9
64904,9
64905,9
64906,9
64907,9
64908,9
64909,9
64910,9
64911,9
64912,9
64913,9
64914,9
64915,9
64916,9
64917,9
64918,9
64919,9
64920,9
64921,9
64922,9
64923,9
64924,9
64925,9
64926,9
64927,9
64928,9
64929,9
64930,9
64931,9
64932,9
64933,9
64934,9
64935,9
64936,9
64937,9
64938,9
64939,9
64940,9
64941,9
64942,9
64943,9
64944,9
64945,9
64946,9
64947,9
64948,9
64949,9
64950,9
64951,9
64952,9
64953,9
64954,9
64955,9
64956,9
64957,9
64958,9
64959,9
64960,9
64961,9
64962,9
64963,9
64964,9
64968,9
64969,9
64970,9
64971,10
64972,9
64974,9
64975,9
64977,9
64980,9
64981,10
64982,9
64983,9
64984,9
64985,9
64986,9
64987,9
64988,9
64989,9
64990,9
64991,9
64992,9
64993,9
64994,9
64995,9
64996,12
64997,12
64998,12
64999,12
65000,12
65001,12
65002,12
65003,12
65004,9
65005,9
65006,9
65007,9
65008,9
65009,9
65010,9
65011,9
65012,9
65013,9
65014,9
65015,9
65016,9
65017,9
65018,9
65019,9
65020,9
65021,9
65022,9
65023,9
65024,9
65025,9
65026,9
65027,9
65028,9
65029,9
65030,9
65031,9
65032,9
65033,9
65034,9
65035,9
65036,10
65037,9
65039,10
65041,10
65042,10
65043,9
65044,9
65045,10
65046,10
65047,9
65048,9
65049,10
65050,10
65051,10
65052,10
65053,10
65054,10
65055,10
65056,10
65057,10
65058,9
65059,9
65060,10
65061,9
65062,9
65063,10
65064,9
65065,10
65066,9
65067,9
65068,9
65069,9
65070,9
65071,10
65072,9
65073,10
65074,10
65075,10
65076,9
65077,9
65078,9
65079,9
65080,9
65081,9
65082,9
65083,10
65084,10
65085,10
65086,10
65087,10
65088,9
65089,9
65090,9
65091,9
65092,9
65093,9
65094,9
65096,9
65097,10
65098,10
65099,10
65100,10
65101,10
65102,9
65103,9
65104,9
65105,9
65106,10
65107,9
65108,9
65109,9
65110,9
65111,9
65112,9
65113,9
65114,9
65115,9
65116,9
65117,9
65118,10
65119,9
65120,10
65121,9
65122,9
65123,9
65124,9
65126,9
65128,9
65129,9
65130,9
65131,9
65132,9
65133,10
65134,9
65135,9
65136,9
65137,9
65138,9
65139,9
65140,9
65141,9
65142,9
65143,9
65144,9
65145,9
65146,9
65147,9
65149,9
65150,9
65151,9
65152,9
65154,9
65155,9
65156,9
65157,9
65163,9
65165,9
65166,9
65167,9
65168,9
65169,9
65170,9
65173,9
65175,9
65176,9
65177,9
65178,9
65179,9
65180,9
65182,9
65183,9
65184,9
65185,9
65186,9
65187,9
65188,9
65189,9
65190,9
65191,9
65192,9
65193,9
65194,9
65195,9
65196,9
65197,9
65198,9
65199,9
65200,9
65201,9
65202,9
65203,9
65204,9
65205,9
65206,9
65207,9
65208,9
65209,10
65210,9
65211,9
65212,10
65213,10
65214,9
65215,10
65216,10
65217,9
65218,10
65219,9
65220,10
65225,9
65226,9
65227,9
65228,9
65230,9
65231,9
65232,9
65233,9
65234,9
65235,9
65236,9
65237,9
65238,9
65239,9
65240,9
65241,9
65242,9
65244,9
65245,9
65247,10
65248,9
65249,9
65250,9
65251,9
65252,9
65255,9
65256,9
65257,9
65259,9
65260,9
65262,9
65263,9
65264,9
65265,9
65266,9
65267,10
65268,9
65269,9
65270,9
65271,9
65272,9
65273,10
65274,10
65275,9
65276,9
65277,9
65278,9
65279,10
65280,9
65281,9
65282,9
65283,10
65285,2
65286,10
65287,10
65288,9
65289,9
65290,9
65291,9
65292,9
65293,9
65294,9
65295,9
65296,10
65297,9
65298,9
65299,9
65300,9
65301,9
65302,10
65304,10
65305,9
65306,10
65307,10
65308,9
65313,10
65314,10
65315,10
65316,10
65317,10
65318,10
65319,9
65320,9
65321,9
65322,9
65323,9
65324,9
65325,9
65326,9
65327,9
65328,9
65329,9
65330,9
65331,9
65332,9
65333,9
65334,9
65335,9
65336,9
65337,9
65338,9
65339,9
65340,9
65341,9
65342,9
65343,9
65344,9
65345,9
65346,9
65347,9
65348,9
65349,9
65350,9
65351,9
65353,9
65354,9
65355,9
65356,9
65357,9
65358,9
65359,9
65360,9
65361,9
65362,9
65363,9
65364,9
65365,10
65366,9
65367,9
65368,9
65369,10
65370,9
65371,10
65372,10
65373,10
65374,10
65375,9
65376,9
65377,9
65378,9
65379,9
65380,9
65381,9
65382,9
65383,9
65384,9
65385,9
65386,9
65387,9
65388,9
65389,9
65390,9
65391,9
65392,9
65393,9
65394,9
65395,9
65396,9
65397,9
65398,9
65399,9
65400,9
65401,9
65402,9
65403,9
65404,9
65405,9
65406,9
65407,9
65408,9
65410,9
65411,9
65412,9
65413,9
65414,9
65415,9
65416,9
65417,9
65418,9
65419,9
65420,9
65421,10
65422,10
65423,9
65424,9
65425,9
65426,9
65427,9
65428,10
65430,9
65431,9
65432,9
65433,9
65434,9
65435,1
65436,1
65437,1
65438,10
65439,1
65440,9
65441,1
65442,10
65443,1
65444,10
65445,9
65446,10
65447,9
65448,9
65449,9
65450,9
65451,10
65452,10
65453,10
65454,10
65456,9
65457,9
65458,10
65459,10
65460,9
65461,9
65462,9
65463,9
65464,9
65465,9
65466,9
65467,9
65470,9
65471,10
65472,9
65473,9
65474,9
65475,10
65476,9
65477,9
65478,9
65479,9
65480,10
65481,9
65482,9
65483,9
65484,9
65486,10
65487,10
65488,9
65489,10
65490,10
65494,9
65495,9
65496,9
65497,9
65498,9
65499,9
65500,9
65501,9
65502,10
65503,9
65504,9
65505,9
65506,9
65507,9
65508,9
65509,9
65510,9
65511,9
65512,9
65513,9
65514,9
65515,9
65516,9
65517,9
65518,9
65519,9
65520,9
65521,9
65522,9
65523,9
65524,9
65525,9
65526,9
65527,9
65528,9
65529,9
65530,9
65531,9
65532,9
65533,10
65534,9
65535,9
65536,9
65537,9
65538,9
65539,9
65540,9
65541,9
65542,12
65543,12
65544,12
65545,12
65546,12
65547,12
65548,12
65549,12
65550,12
65551,12
65552,12
65553,12
65554,9
65555,12
65556,12
65557,12
65558,12
65559,9
65560,9
65563,12
65564,12
65565,12
65566,12
65567,9
65568,10
65569,10
65570,10
65571,9
65572,12
65573,12
65574,12
65575,9
65576,9
65577,9
65578,9
65579,10
65580,10
65581,10
65582,10
65583,10
65584,10
65585,10
65586,10
65587,10
65588,9
65589,10
65590,10
65591,10
65592,10
65593,1
65594,10
65595,10
65596,10
65597,1
65598,9
65599,10
65600,9
65606,9
65607,9
65608,10
65609,9
65611,10
65612,9
65613,10
65614,9
65615,10
65617,9
65618,9
65619,9
65621,9
65622,9
65623,9
65624,9
65625,9
65626,9
65627,9
65628,9
65629,9
65630,9
65631,9
65632,9
65633,9
65634,9
65635,9
65636,9
65637,9
65638,9
65639,10
65640,9
65641,9
65642,10
65643,9
65644,9
65645,9
65646,10
65648,10
65649,9
65650,9
65651,9
65652,9
65653,9
65654,10
65655,12
65656,12
65657,12
65658,12
65659,12
65660,12
65661,12
65662,12
65663,12
65664,12
65665,12
65666,12
65667,12
65668,12
65669,12
65670,9
65671,10
65672,10
65673,10
65674,9
65675,10
65676,10
65677,10
65678,10
65679,9
65680,9
65681,9
65686,10
65687,10
65688,10
65689,10
65690,10
65691,10
65692,10
65693,9
65694,9
65695,9
65696,10
65697,9
65698,9
65699,9
65700,9
65701,10
65702,10
65703,12
65704,12
65705,12
65706,12
65707,9
65708,9
65709,10
65710,10
65711,10
65712,10
65714,10
65715,9
65716,10
65717,9
65718,10
65719,10
65720,10
65721,10
65722,10
65723,10
65724,9
65725,9
65726,9
65727,9
65728,9
65729,9
65730,9
65731,9
65732,9
65733,9
65734,10
65735,9
65736,10
65737,10
65738,10
65739,9
65740,10
65741,9
65742,9
65743,9
65744,9
65745,9
65746,9
65747,9
65748,9
65749,9
65750,10
65751,10
65752,10
65753,9
65754,9
65755,9
65756,9
65757,9
65758,10
65759,10
65760,10
65761,10
65762,9
65763,9
65764,9
65765,10
65766,10
65767,9
65768,9
65769,10
65770,10
65771,9
65772,9
65773,9
65774,9
65775,9
65777,9
65778,10
65779,10
65780,10
65781,10
65782,10
65783,10
65784,10
65785,10
65786,10
65787,10
65788,12
65789,10
65790,10
65791,10
65792,10
65793,10
65794,10
65795,10
65796,10
65797,10
65798,10
65799,10
65800,10
65801,10
65802,10
65803,10
65804,10
65805,10
65806,10
65807,10
65808,10
65809,10
65810,9
65811,9
65812,9
65813,9
65814,9
65815,9
65816,9
65817,9
65818,9
65819,9
65820,9
65821,9
65822,9
65823,9
65824,9
65825,9
65826,9
65827,9
65828,9
65829,9
65830,9
65831,9
65832,10
65833,10
65834,10
65835,10
65836,10
65837,10
65838,10
65840,10
65841,10
65842,10
65843,10
65844,10
65845,10
65846,10
65847,10
65848,10
65849,10
65850,10
65851,10
65852,10
65853,10
65854,10
65855,10
65863,10
65864,10
65865,10
65866,10
65867,10
65868,10
65869,10
65870,10
65871,10
65872,10
65873,10
65874,10
65875,10
65876,10
65877,10
65878,10
65879,10
65880,10
65881,10
65882,10
65883,10
65884,10
65885,10
65886,10
65887,10
65889,10
65890,10
65891,10
65892,10
65893,10
65894,10
65895,10
65896,10
65897,10
65898,10
65899,10
65900,10
65901,10
65902,10
65903,10
65904,10
65905,10
65906,10
65907,10
65908,10
65909,10
65910,10
65911,10
65912,10
65913,10
65914,10
65915,10
65916,10
65917,10
65918,10
65919,10
65920,10
65921,10
65922,10
65923,10
65924,10
65925,10
65926,10
65927,10
65928,10
65929,10
65930,10
65931,10
65932,10
65933,10
65934,10
65935,10
65936,10
65937,10
65938,10
65939,10
65940,10
65941,10
65942,10
65943,10
65944,10
65945,10
65947,10
65948,10
65949,10
65950,10
65951,10
65952,10
65953,10
65954,10
65955,10
65956,10
65957,10
65958,10
65960,10
65961,10
65962,10
65964,10
65965,10
65966,9
65967,9
65968,9
65969,9
65970,9
65971,9
65972,9
65973,9
65974,9
65975,9
65976,9
65977,10
65978,9
65979,9
65980,9
65981,9
65982,9
65983,9
65984,9
65985,9
65986,9
65987,9
65989,10
65990,10
65991,10
65992,10
65993,10
65994,10
65995,10
65996,10
65997,10
65998,10
65999,10
66000,10
66001,10
66002,10
66003,10
66004,10
66005,10
66006,10
66007,10
66008,10
66009,10
66010,10
66011,10
66012,10
66013,10
66014,9
66015,10
66016,10
66017,10
66018,10
66019,10
66020,10
66021,10
66022,10
66023,10
66024,10
66025,10
66026,10
66027,10
66028,10
66029,10
66030,10
66031,10
66032,10
66033,10
66034,10
66035,10
66036,10
66037,10
66038,10
66039,10
66040,10
66041,9
66042,9
66043,10
66044,10
66045,10
66046,10
66047,9
66048,10
66049,10
66051,10
66052,10
66053,10
66054,10
66055,10
66056,10
66057,10
66058,10
66059,9
66060,9
66061,9
66062,9
66063,9
66064,9
66065,9
66066,9
66067,9
66068,9
66069,9
66070,10
66071,10
66072,10
66073,10
66074,10
66075,10
66076,11
66078,10
66079,10
66080,10
66081,10
66082,10
66083,10
66084,10
66085,10
66086,10
66087,10
66088,10
66089,10
66090,12
66091,12
66092,10
66093,10
66094,10
66095,10
66096,10
66097,10
66098,10
66099,10
66100,10
66101,10
66102,10
66103,10
66104,10
66105,10
66106,10
66107,10
66108,10
66109,10
66110,10
66111,10
66112,10
66113,10
66114,10
66115,10
66116,10
66117,10
66118,10
66119,10
66120,10
66121,10
66122,10
66123,10
66124,10
66125,10
66126,10
66127,10
66128,10
66129,10
66130,10
66131,10
66132,10
66133,10
66134,10
66135,10
66136,10
66137,10
66138,10
66139,10
66141,10
66142,10
66143,10
66144,10
66146,10
66147,10
66148,10
66149,10
66150,10
66151,10
66152,10
66153,10
66154,10
66155,10
66156,10
66157,10
66158,10
66159,10
66161,10
66162,10
66163,10
66164,10
66166,10
66167,10
66168,10
66169,10
66170,9
66171,10
66172,10
66173,10
66174,10
66175,10
66176,10
66177,10
66178,10
66179,10
66180,10
66181,10
66182,10
66183,10
66184,10
66185,10
66186,10
66187,10
66188,10
66189,10
66190,10
66191,10
66192,10
66194,10
66195,10
66196,10
66197,10
66199,10
66200,10
66201,10
66202,10
66203,10
66204,10
66205,10
66206,10
66207,10
66208,10
66209,10
66210,10
66211,10
66212,10
66213,10
66214,10
66215,10
66216,10
66217,10
66218,10
66219,10
66220,10
66221,10
66222,10
66223,10
66224,10
66225,10
66226,10
66227,10
66228,10
66229,10
66230,10
66232,10
66233,10
66234,10
66236,10
66237,10
66238,10
66239,10
66240,10
66241,10
66242,10
66243,9
66244,10
66245,10
66246,10
66247,10
66248,10
66249,10
66250,10
66251,10
66252,10
66253,1
66254,10
66255,10
66256,10
66257,10
66258,10
66259,10
66260,10
66261,10
66262,10
66263,10
66264,10
66265,10
66266,10
66267,10
66268,10
66269,10
66270,10
66271,10
66273,10
66274,10
66276,10
66277,10
66278,10
66279,10
66280,9
66284,10
66285,9
66299,10
66300,10
66301,10
66302,9
66303,10
66304,10
66305,10
66306,10
66307,10
66308,10
66309,9
66310,10
66311,10
66312,10
66313,9
66315,10
66316,9
66319,10
66320,10
66321,10
66322,10
66323,1
66324,10
66325,10
66326,10
66327,10
66328,10
66329,10
66330,10
66331,10
66332,10
66333,10
66334,10
66335,10
66336,10
66337,10
66338,10
66339,10
66340,10
66341,10
66342,10
66343,9
66344,10
66345,10
66346,10
66347,10
66348,10
66349,7
66350,10
66351,10
66352,10
66353,10
66354,10
66355,10
66356,10
66357,10
66358,10
66359,10
66360,10
66361,10
66362,10
66363,10
66364,10
66365,10
66366,10
66367,10
66368,10
66369,10
66370,10
66371,10
66372,10
66373,10
66374,10
66375,10
66376,10
66377,10
66378,10
66379,10
66380,10
66381,10
66382,10
66383,9
66384,9
66385,9
66386,10
66387,10
66388,10
66389,10
66390,1
66391,10
66392,10
66393,10
66394,10
66395,10
66396,10
66397,10
66398,10
66399,10
66400,10
66401,10
66402,10
66403,10
66404,10
66405,10
66407,10
66408,10
66409,10
66410,10
66411,10
66412,10
66413,10
66414,10
66415,10
66417,10
66418,10
66419,10
66420,1
66421,10
66422,10
66423,10
66424,10
66425,10
66426,10
66427,10
66428,10
66429,10
66431,10
66433,10
66434,10
66435,10
66436,10
66437,10
66438,10
66439,10
66440,10
66441,10
66442,10
66443,10
66444,10
66445,10
66446,10
66447,10
66448,10
66449,10
66450,10
66451,10
66452,10
66453,10
66454,10
66455,10
66456,10
66457,10
66458,10
66459,10
66460,10
66461,10
66462,10
66463,10
66464,10
66465,10
66466,10
66467,10
66468,10
66469,10
66470,10
66471,10
66472,10
66473,10
66474,10
66475,10
66476,10
66477,10
66478,10
66479,10
66480,9
66481,10
66482,10
66483,10
66484,10
66485,10
66486,10
66487,10
66488,10
66489,10
66490,10
66491,10
66492,10
66493,10
66494,10
66495,10
66496,10
66497,10
66498,10
66499,10
66500,10
66502,10
66503,10
66504,10
66505,10
66506,10
66507,12
66508,12
66509,10
66510,10
66511,9
66512,10
66513,10
66514,10
66515,10
66516,10
66517,10
66518,10
66519,10
66520,10
66521,10
66522,10
66523,10
66524,10
66525,10
66526,10
66527,10
66528,10
66529,10
66530,10
66531,10
66532,10
66533,10
66534,10
66535,10
66536,10
66537,10
66538,10
66539,10
66540,10
66541,10
66542,10
66543,10
66544,10
66545,10
66546,10
66547,10
66548,10
66549,10
66550,12
66551,10
66553,10
66554,10
66555,10
66556,10
66557,10
66558,10
66559,10
66560,9
66561,10
66562,10
66563,10
66564,10
66565,10
66566,10
66567,10
66568,10
66569,10
66570,10
66571,10
66572,10
66573,10
66574,10
66575,10
66576,1
66577,1
66579,9
66580,10
66581,10
66582,10
66583,10
66584,10
66585,10
66586,10
66587,10
66588,10
66589,1
66591,10
66592,10
66595,10
66596,1
66597,10
66598,10
66599,10
66600,10
66601,10
66602,10
66603,10
66604,10
66605,10
66606,10
66607,10
66608,10
66609,10
66610,10
66611,10
66612,10
66614,10
66615,10
66616,10
66617,10
66618,10
66619,10
66620,10
66622,10
66623,10
66624,10
66625,10
66626,10
66627,10
66628,10
66629,10
66630,10
66631,10
66632,10
66633,10
66634,10
66635,10
66636,10
66637,10
66638,10
66639,10
66640,10
66641,10
66642,10
66643,10
66644,10
66645,10
66646,10
66647,10
66648,9
66649,9
66650,9
66651,10
66652,10
66653,10
66654,10
66655,10
66656,10
66657,10
66658,10
66660,10
66661,9
66663,10
66664,10
66665,10
66666,10
66667,10
66668,10
66669,10
66670,10
66671,10
66672,10
66673,10
66674,10
66675,10
66676,10
66677,10
66678,10
66679,10
66680,10
66681,10
66682,10
66683,10
66684,10
66685,10
66686,10
66687,10
66688,10
66689,10
66690,10
66691,10
66692,10
66693,10
66694,10
66695,10
66696,10
66697,10
66698,10
66699,10
66700,10
66701,10
66702,10
66703,10
66704,10
66705,10
66706,9
66707,10
66708,10
66709,10
66710,10
66711,10
66712,10
66713,9
66714,9
66715,10
66716,10
66717,10
66718,10
66719,10
66720,10
66721,10
66722,10
66723,10
66724,10
66725,10
66726,10
66727,10
66728,10
66729,10
66730,10
66731,10
66732,10
66733,10
66734,10
66735,10
66736,10
66737,10
66739,10
66740,10
66741,10
66742,10
66743,10
66744,10
66745,10
66746,10
66747,10
66748,10
66749,10
66750,10
66751,10
66752,10
66753,10
66754,10
66755,10
66756,10
66757,10
66758,10
66759,10
66760,10
66761,10
66762,10
66763,10
66764,10
66765,10
66766,10
66767,10
66768,10
66769,10
66770,10
66771,10
66772,10
66773,10
66774,10
66775,10
66776,10
66777,10
66778,10
66779,10
66780,10
66781,10
66782,10
66783,10
66784,10
66785,10
66786,10
66787,10
66788,10
66789,10
66790,10
66791,10
66792,10
66793,10
66794,10
66795,10
66796,10
66797,10
66798,10
66800,10
66801,10
66802,10
66803,10
66804,10
66805,10
66806,10
66807,10
66808,10
66809,10
66810,10
66811,10
66812,10
66813,10
66814,10
66815,10
66816,10
66817,10
66818,10
66819,10
66820,10
66821,10
66822,10
66823,10
66824,10
66825,10
66827,10
66828,10
66830,10
66831,10
66832,10
66833,10
66834,10
66835,10
66836,10
66837,10
66838,10
66839,10
66840,10
66841,10
66842,10
66843,10
66844,10
66845,10
66846,10
66847,10
66848,10
66849,10
66850,10
66851,10
66852,10
66853,10
66856,10
66857,10
66858,12
66859,10
66860,10
66861,10
66862,10
66863,10
66864,10
66865,10
66866,10
66867,10
66868,10
66869,10
66870,10
66871,10
66872,10
66873,10
66874,10
66875,10
66876,10
66877,10
66878,10
66879,10
66880,10
66881,10
66882,10
66883,10
66884,10
66885,10
66886,10
66887,10
66888,10
66889,10
66890,10
66891,10
66892,10
66893,10
66894,10
66895,10
66896,10
66897,10
66898,10
66899,10
66900,10
66901,10
66902,10
66903,10
66921,10
66925,12
66926,10
66927,10
66928,10
66929,10
66930,10
66931,10
66932,10
66933,10
66934,10
66935,10
66936,10
66937,10
66938,10
66939,10
66940,10
66941,10
66942,10
66943,10
66944,10
66945,10
66946,10
66947,10
66948,10
66949,10
66950,10
66951,10
66952,10
66953,10
66954,10
66955,10
66956,10
66957,10
66958,10
66959,12
66960,10
66961,10
66962,10
66963,10
66964,10
66965,10
66966,10
66967,10
66968,10
66969,10
66970,10
66971,10
66972,10
66973,10
66974,10
66975,10
66976,10
66977,10
66978,10
66979,10
66980,10
66981,10
66982,10
66983,10
66984,10
66985,10
66986,10
66987,10
66989,10
66992,10
66993,10
66994,10
66995,10
66996,10
66997,10
66998,10
67000,10
67001,10
67002,10
67003,10
67004,10
67005,10
67006,10
67007,10
67009,10
67010,10
67011,10
67012,10
67013,10
67014,10
67015,10
67016,10
67017,10
67019,10
67020,10
67022,10
67023,10
67024,10
67025,10
67026,10
67027,10
67028,10
67029,10
67030,10
67031,10
67032,10
67033,10
67034,10
67035,10
67036,10
67037,10
67039,10
67040,10
67042,10
67044,10
67045,10
67046,10
67047,10
67048,10
67049,10
67050,10
67051,10
67052,10
67053,10
67054,10
67055,10
67056,10
67057,10
67058,10
67059,10
67060,10
67061,10
67062,10
67063,10
67064,10
67065,10
67066,10
67067,10
67068,10
67069,10
67070,10
67071,10
67073,10
67074,10
67075,10
67076,10
67077,10
67078,10
67079,10
67080,10
67081,10
67082,10
67083,10
67084,10
67085,10
67086,10
67087,10
67088,10
67089,10
67090,10
67091,10
67092,10
67093,10
67094,10
67095,10
67096,10
67098,10
67099,10
67100,10
67111,10
67112,10
67113,10
67114,10
67115,10
67137,10
67138,10
67139,10
67140,10
67141,10
67142,10
67143,10
67148,10
67149,10
67150,10
67151,10
67152,10
67153,10
67154,10
67163,10
67164,10
67165,10
67166,10
67167,10
67168,10
67171,10
67172,10
67173,10
67174,10
67175,10
67177,10
67178,10
67220,10
67221,10
67222,10
67223,10
67224,10
67225,10
67226,10
67227,10
67228,10
67295,10
67296,10
67297,10
67298,10
67299,10
67564,10
67565,10
67566,10
67605,10
67606,10
67700,10
67717,10
67718,10
67722,10
67724,10
67741,10
67742,10
67743,10
67744,10
67749,10
67772,10
67921,10
67950,10
68083,10
68084,10
68085,10
68086,10
68087,10
68639,10
68640,10
68641,10
68642,10
68643,10
68644,10
68794,10
68795,10
68796,10
68797,10
68798,10
68799,10
68863,10
69093,10
69094,10
69095,10
69096,10
69097,10
69161,10
69162,10
69163,10
69164,10
69165,10
69166,10
69167,10
69168,10
69169,10
69170,10
69171,10
69172,10
69173,10
69174,10
69175,10
69176,10
69177,10
69178,10
69179,10
69180,10
69181,10
69182,10
69183,10
69184,10
69185,10
69186,10
69187,10
69188,10
69189,10
69190,10
69191,10
69192,10
69193,10
69194,10
69195,10
69196,10
69197,10
69198,10
69199,10
69200,10
69201,10
69202,10
69203,10
69204,10
69205,10
69206,10
69207,10
69208,10
69209,10
69210,10
69211,10
69212,10
69213,10
69214,10
69215,10
69216,10
69217,10
69218,10
69219,10
69220,10
69221,10
69222,10
69223,10
69290,10
69291,10
69292,10
69294,10
69295,10
69296,10
69297,10
69298,10
69299,10
69300,10
69301,10
69302,10
69303,10
69304,10
69305,10
69306,10
69307,10
69308,10
69309,10
69310,10
69311,10
69312,10
69313,10
69314,10
69315,10
69316,10
69317,10
69318,10
69319,10
69320,10
69321,10
69322,10
69323,10
69324,10
69325,10
69326,10
69327,10
69328,10
69329,10
69330,10
69331,10
69332,10
69333,10
69334,10
69335,10
69336,10
69337,10
69338,10
69339,10
69340,10
69341,10
69342,10
69343,10
69344,10
69345,10
69346,10
69347,10
69348,10
69349,10
69350,10
69351,10
69352,10
69353,10
69354,10
69355,10
69356,10
69357,10
69547,10
69548,10
69549,10
69550,10
69551,10
69552,10
69553,10
69554,10
69555,10
69556,10
69557,10
69558,10
69559,10
69560,10
69561,10
69562,10
69563,10
69564,10
69565,10
69566,10
69567,10
69568,10
69569,10
69570,10
69571,10
69572,10
69573,10
69574,10
69575,10
69576,10
69577,10
69578,10
69579,10
69580,10
69581,10
69582,10
69583,10
69584,10
69585,10
69586,10
69587,10
69588,10
69589,10
69590,10
69591,10
69592,10
69593,10
69594,10
69595,10
69596,10
69597,10
69598,10
69599,10
69600,10
69601,10
69602,10
69603,10
69604,10
69605,10
69606,10
69607,10
69608,10
69609,10
69667,10
69668,10
69669,10
69781,10
69782,10
69783,10
69784,10
69785,10
69786,10
69787,10
69788,10
69789,10
69790,10
69791,10
69792,10
69793,10
69794,10
69795,10
69796,10
69797,10
69798,10
69799,10
69800,10
69801,10
69802,10
69803,10
69804,10
69805,10
69806,10
69807,10
69808,10
69809,10
69810,10
69811,10
69812,10
69813,10
69814,10
69815,10
69816,10
69817,10
69818,10
69819,10
69820,10
69821,10
69822,10
69823,10
69824,10
69825,10
69826,10
69827,10
69828,10
69829,10
69831,10
69832,10
69834,10
69835,10
69836,10
69837,10
69838,10
69839,10
69840,10
69841,10
69845,10
69846,10
69847,10
69848,10
69849,10
69850,10
69851,10
69852,10
69853,10
69854,10
69855,10
69856,10
69857,10
69858,10
69859,10
69860,10
69861,10
69862,10
69863,10
69864,10
69865,10
69866,10
69867,10
69868,10
69869,10
69870,10
69871,10
69872,10
69873,10
69874,10
69875,10
69876,10
69877,10
69878,10
69879,10
69880,10
69881,10
69882,10
69883,10
69885,10
69886,10
69887,10
69888,10
69891,10
69892,10
69895,10
69896,10
69897,10
69898,10
69899,10
69900,10
69901,10
69902,10
69903,10
69904,10
69905,10
69906,10
69907,10
69908,10
69910,10
69911,10
69912,10
69913,10
69914,10
69915,10
69916,10
69917,10
69918,10
69919,10
69920,10
69923,1
69924,1
69925,1
69926,10
69927,10
69928,10
69929,10
69930,10
69931,10
69932,10
69933,10
69934,10
69935,10
69936,10
69937,10
69938,10
69939,10
69940,10
69941,10
69942,10
69944,1
69945,10
69946,10
69947,10
69948,10
69949,10
69950,10
69951,10
69952,10
69953,10
69954,10
69955,10
69956,10
69957,10
69958,10
69959,10
69960,10
69961,10
69962,10
69963,10
69964,10
69965,10
69966,10
69967,10
69968,10
69969,10
69970,10
69971,10
69972,10
69973,10
69974,10
69975,10
69976,10
69977,10
69978,10
69979,10
69980,10
69981,10
69982,10
69983,10
69984,10
69985,10
69987,10
69988,10
69989,10
69990,10
69991,10
69992,1
69993,1
69994,10
69995,10
69996,10
69997,10
69998,10
69999,10
70000,10
70001,10
70002,10
70003,10
70004,10
70005,10
70006,10
70007,10
70008,10
70009,10
70010,10
70011,10
70012,10
70013,10
70014,10
70015,10
70016,10
70017,10
70018,10
70019,10
70020,10
70021,10
70022,10
70023,10
70024,10
70025,10
70026,10
70027,10
70028,10
70029,10
70030,10
70031,10
70032,10
70033,10
70034,10
70035,10
70037,10
70038,10
70039,10
70040,10
70041,10
70042,10
70044,10
70045,10
70046,10
70047,10
70048,1
70049,1
70050,1
70051,10
70052,10
70053,10
70054,1
70055,1
70056,10
70057,10
70058,10
70059,10
70060,10
70061,10
70062,10
70064,10
70065,10
70066,10
70067,10
70068,10
70069,10
70070,10
70071,10
70072,10
70073,10
70074,10
70075,10
70076,10
70077,10
70078,10
70079,10
70080,10
70081,10
70082,10
70083,10
70084,10
70085,10
70086,10
70087,10
70088,10
70089,10
70090,10
70091,10
70092,10
70093,10
70094,10
70095,10
70096,10
70097,10
70098,10
70099,10
70100,10
70101,10
70102,10
70103,10
70104,10
70105,10
70106,10
70107,10
70108,10
70109,10
70110,10
70111,10
70112,10
70113,10
70114,10
70115,10
70116,10
70117,10
70118,10
70119,10
70120,10
70121,10
70122,10
70123,10
70124,10
70125,10
70126,10
70129,10
70130,10
70131,10
70132,10
70134,10
70135,10
70136,10
70139,10
70140,10
70141,10
70142,10
70143,10
70144,10
70145,10
70146,10
70147,10
70148,10
70149,10
70150,10
70151,10
70152,10
70153,10
70154,10
70155,10
70156,10
70157,10
70158,10
70159,10
70160,10
70161,10
70163,10
70164,10
70165,10
70166,10
70167,10
70168,10
70169,10
70170,10
70171,10
70172,10
70173,10
70174,10
70175,10
70176,10
70177,10
70178,10
70179,10
70180,10
70181,10
70182,10
70183,10
70184,10
70185,10
70186,10
70187,10
70188,10
70189,10
70190,10
70191,10
70192,10
70193,10
70194,10
70195,10
70196,10
70197,10
70198,10
70199,10
70200,10
70201,10
70202,10
70203,10
70204,10
70205,10
70206,10
70207,10
70208,10
70209,10
70210,10
70211,10
70212,10
70213,10
70215,10
70216,10
70217,10
70218,10
70219,10
70220,10
70221,10
70222,10
70223,10
70224,10
70225,10
70226,10
70227,10
70228,10
70229,10
70230,10
70231,10
70232,10
70233,10
70234,10
70235,10
70236,10
70237,10
70239,10
70240,10
70241,10
70242,10
70244,10
70245,10
70246,10
70247,10
70248,10
70249,10
70250,10
70251,10
70252,10
70253,10
70254,10
70255,10
70256,10
70257,10
70258,10
70259,10
70260,10
70261,10
70262,10
70263,10
70264,10
70266,10
70267,10
70268,10
70269,10
70270,10
70271,10
70272,10
70273,10
70274,10
70275,10
70276,10
70277,10
70278,10
70279,10
70280,10
70281,10
70282,10
70283,10
70284,10
70285,10
70286,10
70287,10
70288,10
70289,10
70290,10
70291,10
70292,10
70293,10
70294,10
70295,10
70296,10
70297,10
70298,10
70299,10
70300,10
70301,10
70302,10
70303,10
70304,10
70305,10
70306,10
70307,10
70308,10
70309,10
70310,10
70311,10
70312,10
70313,10
70314,10
70315,10
70316,10
70317,10
70318,10
70319,10
70320,10
70335,10
70336,10
70337,10
70338,10
70339,10
70340,10
70341,10
70342,10
70345,10
70346,10
70351,10
70352,10
70353,10
70354,3
70355,10
70357,10
70358,10
70359,10
70360,10
70361,10
70362,10
70363,10
70364,10
70365,10
70366,10
70368,10
70369,10
70370,10
70371,10
70372,10
70373,10
70374,10
70375,10
70376,10
70377,10
70378,10
70379,10
70380,10
70381,10
70382,10
70383,10
70384,10
70385,10
70386,10
70387,10
70388,10
70389,10
70390,10
70391,10
70392,10
70393,10
70394,10
70400,10
70402,10
70403,10
70404,10
70405,10
70406,10
70407,10
70408,10
70409,10
70410,10
70412,10
70413,10
70414,10
70415,10
70416,10
70417,10
70418,10
70419,10
70420,10
70421,10
70422,10
70423,10
70424,10
70425,10
70426,10
70427,10
70428,10
70429,10
70430,10
70431,10
70432,10
70433,10
70434,10
70435,10
70436,10
70437,10
70438,10
70439,10
70440,10
70441,10
70442,10
70443,10
70444,10
70446,10
70447,10
70448,3
70450,10
70451,9
70452,9
70453,9
70454,9
70455,9
70456,9
70457,9
70458,9
70459,9
70460,9
70461,9
70462,9
70463,9
70464,9
70465,9
70466,9
70467,9
70468,9
70469,9
70470,9
70471,9
70472,9
70473,9
70474,9
70475,9
70476,9
70477,9
70478,9
70479,9
70480,9
70481,9
70482,9
70483,9
70484,9
70485,9
70486,9
70487,9
70488,9
70489,9
70490,9
70491,9
70492,9
70493,9
70494,9
70495,9
70496,9
70497,9
70498,9
70499,9
70500,9
70501,10
70502,10
70503,10
70504,10
70505,10
70507,10
70508,10
70509,10
70510,10
70511,10
70512,10
70513,10
70514,10
70515,10
70516,10
70517,10
70518,10
70519,10
70520,10
70521,10
70522,10
70523,10
70524,10
70525,10
70526,10
70527,10
70528,10
70529,10
70530,10
70531,10
70532,10
70533,10
70534,10
70535,10
70536,10
70537,10
70538,10
70539,10
70540,10
70541,10
70542,10
70543,10
70544,10
70545,10
70546,10
70547,10
70548,10
70549,10
70550,10
70551,10
70552,10
70553,10
70554,10
70555,10
70556,10
70557,10
70558,10
70559,10
70560,10
70561,10
70562,10
70563,10
70564,10
70565,10
70567,10
70568,10
70569,10
70570,10
70571,10
70572,10
70573,10
70574,10
70575,10
70576,10
70577,10
70578,10
70579,10
70580,10
70581,10
70582,10
70583,10
70584,10
70585,10
70586,10
70587,10
70588,10
70589,10
70590,10
70591,10
70592,10
70593,10
70594,10
70595,10
70596,10
70597,10
70598,10
70599,10
70600,10
70602,10
70603,10
70604,10
70605,10
70606,10
70607,10
70608,10
70609,10
70610,10
70611,10
70612,10
70613,10
70614,10
70615,10
70616,10
70617,10
70618,10
70619,10
70620,10
70621,10
70622,10
70623,10
70625,10
70626,10
70627,10
70628,10
70629,10
70630,10
70631,10
70632,10
70633,10
70634,10
70635,10
70636,10
70637,10
70638,10
70639,10
70640,10
70641,10
70642,10
70643,10
70644,10
70645,10
70646,12
70647,12
70648,10
70649,10
70650,10
70651,10
70652,10
70653,10
70654,10
70655,10
70656,10
70657,10
70658,10
70659,10
70660,10
70661,10
70662,10
70697,12
70698,10
70699,10
70701,10
70702,10
70703,10
70704,9
70705,9
70706,10
70707,10
70708,10
70709,10
70710,10
70711,10
70712,10
70713,10
70714,10
70715,12
70718,10
70719,10
70720,10
70721,10
70722,12
70723,10
70724,10
70725,9
70726,9
70727,9
70728,9
70729,9
70730,10
70731,12
70732,12
70733,10
70737,3
70738,10
70739,10
70740,10
70741,10
70742,10
70743,10
70744,10
70745,10
70746,10
70747,10
70748,10
70749,10
70750,10
70751,10
70752,10
70753,10
70754,10
70755,10
70756,10
70757,10
70758,10
70759,10
70763,10
70766,10
70767,10
70768,10
70769,10
70770,10
70771,10
70772,10
70773,10
70774,10
70775,10
70776,10
70777,10
70778,10
70779,10
70780,10
70781,10
70782,10
70783,10
70784,10
70785,10
70787,10
70788,10
70789,10
70790,10
70791,10
70792,10
70793,10
70794,10
70795,10
70796,10
70797,10
70798,10
70799,10
70800,10
70801,10
70802,10
70803,10
70804,10
70805,10
70806,10
70807,10
70808,10
70809,10
70810,10
70811,10
70812,10
70813,10
70814,10
70815,10
70816,10
70817,10
70818,10
70819,10
70820,10
70821,10
70822,10
70823,10
70824,10
70825,10
70826,10
70827,10
70828,10
70829,10
70830,10
70831,10
70832,10
70833,10
70834,10
70835,10
70836,10
70837,10
70838,10
70839,10
70840,10
70841,10
70842,10
70843,10
70844,10
70845,10
70846,10
70847,10
70848,10
70849,12
70850,10
70851,12
70852,10
70853,12
70854,12
70856,10
70858,10
70859,10
70862,3
70864,10
70866,10
70867,10
70871,10
70872,10
70873,10
70874,10
70875,10
70876,10
70877,10
70878,10
70879,10
70880,10
70881,10
70882,10
70883,10
70884,10
70885,10
70886,10
70887,10
70888,10
70889,10
70890,10
70891,10
70892,10
70893,10
70895,10
70896,10
70897,10
70898,10
70899,10
70900,10
70901,10
70902,10
70903,10
70904,10
70905,10
70906,10
70907,10
70908,10
70909,10
70910,10
70911,10
70912,10
70913,10
70914,10
70915,10
70916,10
70917,10
70918,10
70919,10
70923,10
70924,10
70925,10
70926,10
70927,10
70928,10
70929,10
70930,10
70931,10
70932,10
70934,10
70935,10
70936,10
70937,10
70938,10
70939,10
70940,10
70941,10
70942,10
70943,10
70944,10
70945,10
70946,10
70947,10
70948,10
70949,10
70950,10
70951,10
70952,10
70953,10
70954,10
70955,10
70956,10
70957,10
70958,10
70959,10
70960,10
70961,10
70962,10
70963,10
70964,10
70965,10
70966,10
70967,10
70968,10
70969,10
70970,10
70971,10
70972,10
70974,10
70975,10
70976,10
70977,10
70978,10
70979,10
70981,10
70983,10
70984,10
70985,10
70986,10
70987,10
70988,10
70989,10
70990,10
70992,10
70993,10
70994,10
70995,10
70996,10
70997,10
70999,3
71000,10
71001,10
71002,10
71004,10
71005,10
71007,10
71008,10
71009,10
71010,10
71011,10
71012,10
71013,10
71014,10
71015,10
71016,10
71017,10
71018,10
71019,10
71020,10
71022,10
71023,9
71024,10
71025,10
71026,10
71027,10
71028,10
71029,10
71030,10
71031,10
71032,10
71033,10
71034,10
71035,10
71036,10
71037,10
71038,10
71039,10
71040,10
71041,10
71042,10
71043,10
71044,10
71045,10
71046,10
71047,10
71048,10
71049,10
71050,10
71051,10
71052,10
71053,10
71054,10
71055,10
71056,10
71057,10
71058,10
71059,10
71060,10
71061,10
71062,10
71063,10
71064,10
71065,10
71066,10
71067,10
71068,10
71069,10
71070,10
71071,10
71072,10
71073,10
71074,10
71075,10
71076,10
71077,10
71078,10
71079,10
71080,10
71081,10
71082,10
71083,10
71084,10
71085,10
71086,10
71087,10
71088,10
71089,10
71090,10
71091,10
71093,10
71094,10
71095,10
71096,10
71097,10
71135,10
71136,10
71137,10
71138,10
71139,10
71140,10
71141,10
71143,12
71144,12
71145,10
71146,10
71147,10
71148,10
71149,10
71150,10
71151,10
71152,10
71153,8
71154,10
71155,10
71156,10
71157,10
71160,10
71161,10
71162,10
71164,10
71165,10
71166,10
71167,10
71168,10
71169,10
71170,10
71171,10
71172,10
71173,10
71174,10
71175,10
71176,10
71178,10
71179,10
71180,10
71181,10
71182,10
71183,10
71184,10
71185,10
71186,10
71187,10
71188,10
71189,10
71190,10
71191,10
71192,10
71193,10
71194,10
71195,10
71196,10
71197,10
71198,10
71199,10
71200,10
71201,10
71202,10
71203,10
71204,10
71205,10
71206,10
71207,10
71208,10
71209,10
71210,10
71212,10
71213,10
71214,10
71215,10
71216,10
71217,10
71218,10
71219,10
71220,10
71221,10
71222,10
71223,10
71224,10
71225,10
71226,9
71227,10
71229,10
71230,10
71231,10
71232,10
71233,10
71234,10
71235,10
71236,10
71237,10
71238,10
71239,10
71240,10
71241,10
71242,10
71243,10
71245,10
71246,10
71247,10
71248,10
71249,10
71250,10
71251,10
71252,10
71253,10
71254,10
71255,10
71256,10
71257,10
71258,10
71259,10
71260,10
71261,10
71262,10
71263,10
71264,10
71265,10
71266,10
71267,10
71268,10
71269,10
71270,10
71271,10
71272,10
71273,10
71274,10
71275,10
71276,10
71277,10
71278,10
71279,10
71280,10
71281,10
71282,10
71283,10
71284,10
71285,10
71286,10
71287,10
71288,10
71289,10
71290,10
71291,10
71292,10
71293,10
71294,10
71295,10
71296,10
71297,10
71298,10
71299,10
71300,10
71301,10
71302,10
71303,10
71304,10
71305,10
71306,10
71307,10
71308,10
71309,10
71310,10
71311,10
71312,10
71313,10
71314,10
71315,10
71316,10
71317,10
71318,10
71319,10
71320,10
71321,10
71322,10
71323,10
71324,10
71325,10
71326,10
71327,10
71328,10
71329,10
71330,10
71331,10
71332,10
71333,10
71334,10
71335,10
71336,10
71337,10
71338,10
71339,10
71340,10
71341,10
71342,10
71343,10
71344,10
71345,10
71346,10
71347,10
71348,10
71349,10
71350,10
71351,10
71352,10
71353,10
71354,10
71355,10
71356,10
71357,10
71358,10
71359,10
71360,10
71361,10
71362,10
71363,10
71364,10
71365,10
71366,10
71367,10
71368,10
71369,10
71370,10
71371,10
71372,10
71373,10
71374,10
71375,10
71376,10
71377,10
71378,10
71379,10
71380,10
71381,10
71382,10
71383,10
71384,10
71385,10
71386,10
71387,10
71388,10
71389,10
71390,10
71391,10
71392,10
71393,10
71394,10
71395,10
71396,10
71397,10
71398,10
71399,10
71400,10
71401,10
71402,10
71403,10
71404,10
71405,10
71406,10
71407,10
71408,10
71409,10
71410,10
71411,10
71412,10
71413,10
71414,10
71415,10
71416,10
71417,10
71418,10
71419,10
71420,10
71421,10
71422,10
71423,10
71424,10
71425,10
71426,10
71427,10
71428,10
71429,10
71430,10
71431,10
71432,10
71433,10
71434,10
71435,10
71436,10
71437,10
71438,10
71439,10
71440,10
71441,10
71442,10
71443,10
71444,10
71445,10
71446,10
71447,10
71448,10
71449,10
71450,10
71451,10
71452,10
71453,10
71454,10
71455,10
71456,10
71457,10
71458,10
71459,10
71460,10
71461,10
71462,10
71463,10
71464,10
71465,10
71466,10
71467,10
71468,10
71469,10
71470,10
71471,10
71472,10
71473,10
71474,10
71475,10
71476,10
71477,10
71478,10
71479,10
71480,10
71481,10
71482,10
71483,10
71484,10
71485,10
71486,10
71487,10
71488,10
71489,10
71490,10
71491,10
71492,10
71493,10
71494,10
71495,10
71496,10
71497,10
71498,10
71499,10
71500,10
71501,10
71502,10
71503,10
71504,10
71505,10
71506,10
71507,10
71508,10
71509,10
71510,10
71511,10
71512,10
71513,10
71514,10
71515,10
71516,10
71517,10
71518,10
71519,10
71520,10
71521,10
71522,10
71523,10
71524,10
71525,10
71526,10
71527,10
71528,10
71529,10
71530,10
71531,10
71532,10
71533,10
71534,10
71535,10
71536,10
71537,10
71538,10
71539,10
71540,10
71541,10
71542,10
71543,10
71544,10
71545,10
71546,10
71547,10
71548,10
71549,10
71550,10
71551,10
71552,10
71553,10
71554,10
71555,10
71556,10
71557,10
71558,10
71559,10
71560,10
71561,10
71562,10
71563,10
71564,10
71565,10
71566,10
71567,10
71568,10
71569,10
71570,10
71571,10
71572,10
71573,10
71574,10
71575,10
71576,10
71577,10
71578,10
71579,10
71580,10
71581,10
71582,10
71583,10
71584,10
71585,10
71586,10
71587,10
71588,10
71589,10
71590,10
71591,10
71592,10
71593,10
71594,10
71595,10
71596,10
71597,10
71598,10
71599,10
71600,10
71601,10
71602,10
71603,10
71604,10
71605,10
71606,10
71607,10
71608,10
71609,10
71610,10
71611,10
71612,10
71613,10
71614,10
71615,10
71616,10
71617,10
71618,10
71619,10
71620,10
71621,10
71622,10
71623,10
71624,10
71625,10
71626,10
71627,10
71628,10
71629,10
71630,10
71631,10
71632,10
71633,10
71634,10
71635,10
71636,10
71637,10
71638,10
71639,10
71640,10
71641,10
71642,10
71643,10
71644,10
71645,10
71646,10
71647,10
71648,10
71649,10
71650,10
71651,10
71652,10
71653,10
71654,10
71655,10
71656,10
71657,10
71658,10
71659,10
71660,10
71661,10
71662,10
71663,10
71664,10
71665,10
71666,10
71667,10
71668,10
71669,10
71670,10
71671,10
71672,10
71673,10
71674,10
71675,10
71676,10
71677,10
71678,10
71679,10
71680,10
71681,10
71682,10
71683,10
71684,10
71685,10
71686,10
71687,10
71688,10
71689,10
71690,10
71691,10
71692,10
71693,10
71694,10
71695,10
71696,10
71697,10
71698,10
71699,10
71700,10
71701,10
71702,10
71703,10
71704,10
71705,10
71706,10
71707,10
71708,10
71709,10
71710,10
71711,10
71712,10
71713,10
71714,10
71715,10
71716,10
71717,10
71718,10
71719,10
71720,10
71721,10
71722,10
71723,10
71724,10
71725,10
71726,10
71727,10
71728,10
71729,10
71730,10
71731,10
71732,10
71733,10
71734,10
71735,10
71736,10
71737,10
71738,10
71739,10
71740,10
71741,10
71742,10
71743,10
71744,10
71745,10
71746,10
71747,10
71748,10
71749,10
71750,10
71751,10
71752,10
71753,10
71754,10
71755,10
71756,10
71757,10
71758,10
71759,10
71760,10
71761,10
71762,10
71763,10
71764,10
71765,10
71766,10
71767,10
71768,10
71769,10
71770,10
71771,10
71772,10
71773,10
71774,10
71775,10
71776,10
71777,10
71778,10
71779,10
71780,10
71781,10
71782,10
71783,10
71784,10
71785,10
71786,10
71787,10
71788,10
71789,10
71790,10
71791,10
71792,10
71793,10
71794,10
71795,10
71796,10
71797,10
71798,10
71799,10
71800,10
71801,10
71802,10
71803,10
71804,10
71805,10
71806,10
71807,10
71808,10
71809,10
71810,10
71811,10
71812,10
71813,10
71814,10
71815,10
71816,10
71817,10
71818,10
71819,10
71820,10
71821,10
71822,10
71823,10
71824,10
71825,10
71826,10
71827,10
71828,10
71829,10
71830,10
71831,10
71832,10
71833,10
71834,10
71835,10
71836,10
71837,10
71838,10
71839,10
71840,10
71841,10
71842,10
71843,10
71844,10
71845,10
71846,10
71847,10
71848,10
71849,10
71850,10
71851,10
71852,10
71853,10
71854,10
71855,10
71856,10
71857,10
71858,10
71859,10
71860,10
71861,10
71862,10
71863,10
71864,10
71865,10
71866,10
71867,10
71868,10
71869,10
71870,10
71871,10
71872,10
71873,10
71874,10
71875,10
71876,10
71877,10
71878,10
71879,10
71880,10
71881,10
71882,10
71883,10
71884,10
71885,10
71886,10
71887,10
71888,10
71889,10
71890,10
71891,10
71892,10
71893,10
71894,10
71895,10
71896,10
71897,10
71898,10
71899,10
71900,10
71901,10
71902,10
71903,10
71904,10
71905,10
71906,10
71907,10
71908,10
71909,10
71910,10
71911,10
71912,10
71913,10
71914,10
71915,10
71916,10
71917,10
71918,10
71919,10
71920,10
71921,10
71922,10
71923,10
71924,10
71925,10
71926,10
71927,10
71928,10
71929,10
71930,10
71931,10
71932,10
71933,10
71934,10
71935,10
71936,10
71937,10
71938,10
71939,10
71940,10
71941,10
71942,10
71943,10
71944,10
71945,10
71946,10
71947,10
71948,10
71949,10
71950,10
71951,10
71952,10
71953,10
71954,10
71955,10
71956,10
71957,10
71958,10
71959,10
71960,10
71961,10
71962,10
71963,10
71964,10
71965,10
71966,10
71967,10
71968,10
71969,10
71970,10
71971,10
71972,10
71973,10
71974,10
71975,10
71976,10
71977,10
71978,10
71979,10
71980,10
71981,10
71982,10
71983,10
71984,10
71985,10
71986,10
71987,10
71988,10
71989,10
71990,10
71991,10
71992,10
71993,10
71994,10
71995,10
71996,10
71997,10
71998,10
71999,10
72000,10
72001,10
72002,10
72003,10
72004,10
72005,10
72006,10
72007,10
72008,10
72009,10
72010,10
72011,10
72012,10
72013,10
72014,10
72015,10
72016,10
72017,10
72018,10
72019,10
72020,10
72021,10
72022,10
72023,10
72024,10
72025,10
72026,10
72027,10
72028,10
72029,10
72030,10
72031,10
72032,10
72033,10
72034,10
72035,10
72036,10
72037,10
72038,10
72039,10
72040,10
72041,10
72042,10
72043,10
72044,10
72045,10
72046,10
72047,10
72048,10
72049,10
72050,10
72052,10
72054,10
72055,10
72056,10
72057,10
72058,10
72059,10
72060,10
72061,10
72062,10
72063,10
72064,10
72066,10
72067,10
72068,10
72069,10
72070,10
72071,10
72072,10
72073,10
72074,10
72075,10
72076,10
72077,10
72078,10
72079,10
72080,10
72081,10
72082,10
72083,10
72084,10
72085,10
72086,10
72087,10
72088,10
72089,10
72090,10
72091,10
72092,10
72093,10
72094,10
72095,10
72096,10
72097,10
72098,10
72099,10
72100,10
72101,10
72102,10
72103,10
72104,10
72105,10
72106,10
72107,10
72108,10
72109,10
72110,10
72111,10
72112,10
72113,9
72114,10
72115,10
72116,10
72117,10
72119,10
72121,10
72122,10
72123,10
72124,10
72125,10
72126,10
72127,10
72128,10
72129,7
72130,10
72131,10
72132,10
72133,10
72134,7
72135,10
72136,10
72137,10
72138,10
72139,10
72140,10
72141,10
72142,10
72143,10
72144,10
72145,10
72146,10
72147,10
72148,10
72149,10
72150,10
72151,10
72152,10
72153,10
72154,10
72155,10
72156,10
72157,10
72158,10
72159,10
72160,10
72161,10
72162,10
72163,10
72164,10
72165,10
72166,10
72167,10
72168,10
72169,10
72170,10
72171,10
72172,10
72173,10
72174,10
72175,10
72176,10
72177,10
72178,10
72179,10
72180,10
72183,10
72186,10
72189,10
72190,10
72191,10
72192,10
72193,10
72240,1
72241,10
72242,10
72243,10
72244,10
72245,10
72246,10
72247,10
72248,10
72249,10
72250,10
72251,10
72252,10
72253,10
72254,10
72255,10
72256,1
72257,1
72258,10
72259,10
72260,10
72261,10
72262,10
72263,10
72264,10
72265,10
72266,10
72267,10
72268,10
72269,10
72270,10
72271,10
72272,10
72273,10
72274,10
72275,10
72276,10
72277,10
72278,10
72279,10
72280,10
72281,10
72282,10
72283,10
72284,10
72285,10
72286,10
72287,10
72288,10
72289,10
72290,10
72291,10
72292,10
72293,10
72294,10
72295,10
72296,10
72297,10
72298,8
72299,10
72300,10
72301,10
72302,10
72303,10
72304,10
72305,10
72306,10
72307,10
72308,10
72309,10
72310,10
72311,10
72312,10
72313,10
72314,10
72315,10
72316,10
72317,10
72318,10
72319,10
72320,10
72321,10
72322,10
72323,10
72324,10
72325,10
72326,10
72327,10
72328,10
72329,10
72330,10
72331,10
72332,10
72333,10
72334,10
72335,10
72336,10
72337,10
72338,10
72339,10
72340,10
72341,10
72342,10
72343,10
72344,10
72345,10
72346,10
72347,10
72348,10
72349,10
72350,10
72351,10
72352,10
72353,10
72354,10
72355,10
72356,10
72357,10
72358,10
72359,10
72360,10
72361,10
72362,10
72363,10
72364,10
72365,12
72366,12
72367,10
72368,10
72369,10
72370,10
72371,10
72372,10
72373,10
72374,10
72375,10
72376,10
72377,10
72378,10
72379,10
72380,10
72381,8
72382,8
72383,8
72384,10
72385,10
72386,10
72387,10
72388,10
72389,10
72390,10
72391,10
72392,10
72393,10
72394,10
72395,10
72396,10
72397,10
72398,10
72399,10
72400,10
72401,10
72402,12
72403,12
72404,12
72405,12
72406,10
72407,12
72408,12
72409,12
72410,10
72411,10
72412,10
72413,10
72414,10
72415,10
72416,10
72417,10
72418,10
72419,10
72420,10
72421,10
72422,10
72423,12
72424,12
72425,10
72426,12
72427,10
72428,10
72429,10
72430,12
72431,12
72432,12
72434,10
72435,10
72438,10
72439,10
72440,10
72441,10
72442,10
72443,10
72444,10
72445,12
72446,12
72447,10
72448,10
72449,12
72450,12
72451,12
72452,12
72453,12
72454,10
72455,10
72456,10
72457,10
72458,10
72459,10
72460,10
72461,10
72462,12
72463,12
72464,12
72465,12
72466,12
72467,12
72468,10
72469,10
72470,10
72471,10
72472,10
72473,10
72474,12
72475,12
72476,12
72477,12
72478,12
72479,12
72480,10
72481,10
72482,10
72483,10
72484,10
72485,10
72486,10
72487,10
72488,10
72489,10
72490,10
72491,10
72492,10
72493,10
72494,10
72495,10
72496,10
72497,10
72498,10
72499,10
72500,10
72501,10
72502,10
72503,10
72504,10
72505,10
72506,10
72507,10
72508,10
72509,10
72510,10
72512,10
72513,10
72514,10
72515,10
72516,10
72519,10
72520,10
72521,10
72522,3
72524,10
72525,10
72526,10
72527,10
72528,10
72529,10
72530,10
72531,10
72532,10
72533,10
72534,10
72539,12
72544,12
72545,10
72546,10
72547,10
72550,12
72551,10
72552,10
72553,10
72554,10
72557,12
72558,10
72559,10
72560,10
72562,10
72567,12
72568,10
72569,10
72572,12
72575,12
72580,12
72583,12
72584,10
72585,10
72586,10
72587,10
72588,10
72589,10
72590,10
72591,10
72592,10
72593,10
72594,10
72595,10
72596,10
72597,10
72598,10
72599,10
72600,10
72601,10
72602,10
72603,10
72604,10
72605,10
72606,10
72607,10
72608,10
72609,10
72610,10
72611,10
72612,10
72613,10
72614,10
72615,10
72616,12
72617,10
72618,10
72623,12
72628,12
72631,12
72632,12
72633,12
72634,12
72635,12
72636,12
72637,12
72638,12
72639,12
72640,12
72641,12
72642,12
72643,12
72644,12
72646,12
72647,10
72648,10
72649,10
72650,10
72651,10
72652,10
72653,10
72654,10
72655,10
72656,10
72657,10
72658,10
72659,10
72660,10
72661,10
72662,10
72663,10
72664,10
72665,10
72666,10
72667,10
72668,10
72669,10
72670,10
72671,10
72672,10
72673,10
72674,10
72675,10
72676,10
72677,10
72678,10
72679,10
72681,12
72682,12
72683,10
72684,10
72685,10
72686,10
72687,10
72688,10
72689,10
72690,10
72691,10
72692,10
72693,10
72694,10
72695,10
72696,10
72697,10
72698,10
72699,10
72700,10
72701,10
72702,10
72703,10
72704,10
72705,10
72706,10
72707,10
72708,10
72709,10
72710,10
72711,10
72712,10
72713,10
72714,10
72715,10
72716,10
72717,10
72718,10
72719,10
72720,10
72721,10
72722,10
72723,10
72724,10
72725,10
72726,10
72727,10
72728,10
72729,10
72730,10
72731,10
72732,10
72733,10
72734,10
72735,12
72736,12
72737,10
72738,10
72739,10
72740,10
72741,10
72742,10
72743,12
72744,12
72745,10
72746,12
72747,12
72748,12
72749,12
72750,10
72751,10
72752,10
72753,10
72754,10
72756,10
72757,10
72758,10
72759,10
72760,10
72761,10
72762,10
72763,10
72764,10
72765,10
72766,10
72767,10
72768,10
72769,10
72770,10
72771,10
72772,10
72773,10
72774,10
72775,10
72776,10
72777,10
72778,10
72779,10
72780,10
72781,10
72782,10
72783,10
72784,10
72785,10
72786,10
72787,10
72788,10
72789,10
72790,10
72791,10
72792,10
72793,10
72794,10
72795,10
72796,10
72797,10
72798,10
72799,10
72800,10
72801,10
72802,10
72803,10
72804,10
72805,10
72806,10
72807,10
72808,10
72809,12
72810,12
72811,10
72812,10
72813,10
72814,10
72815,10
72817,12
72819,12
72822,10
72823,10
72824,10
72825,10
72826,10
72827,10
72828,10
72829,10
72830,10
72831,10
72832,10
72833,10
72834,10
72835,10
72836,10
72837,10
72838,10
72839,10
72840,10
72841,10
72842,10
72843,10
72844,10
72845,12
72846,10
72847,10
72848,10
72849,10
72850,10
72851,12
72852,10
72853,10
72854,12
72855,12
72856,12
72857,12
72858,12
72859,12
72860,12
72861,12
72862,12
72863,12
72864,12
72865,12
72866,12
72867,12
72868,10
72869,10
72872,10
72873,10
72874,10
72875,10
72876,10
72877,10
72878,10
72879,10
72880,10
72881,10
72882,10
72883,10
72884,10
72885,10
72886,10
72887,10
72888,10
72889,10
72890,10
72891,10
72892,10
72893,10
72894,10
72895,10
72896,10
72897,10
72898,10
72899,10
72900,10
72901,10
72902,10
72903,10
72904,10
72905,10
72906,10
72907,10
72908,10
72909,10
72910,10
72911,10
72912,10
72913,10
72914,10
72915,10
72916,10
72917,10
72918,10
72919,10
72920,10
72921,10
72922,10
72923,10
72924,10
72925,10
72926,10
72927,10
72928,10
72929,10
72930,10
72931,10
72932,10
72933,10
72934,10
72935,10
72936,10
72937,10
72938,10
72939,10
72940,10
72941,10
72942,10
72943,10
72944,10
72945,10
72946,10
72947,10
72948,10
72949,10
72950,10
72951,10
72952,10
72953,10
72954,10
72955,10
72956,10
72957,10
72958,10
72959,10
72960,10
72961,10
72962,10
72963,10
72964,10
72965,10
72966,10
72970,10
72972,10
72973,10
72974,10
72975,10
72976,10
72977,10
72978,10
72979,10
72980,10
72981,10
72982,10
72984,10
72985,10
72986,10
72987,10
72988,10
72989,10
72990,10
72991,10
72992,10
72993,10
72994,10
72995,10
72996,10
72997,10
72998,10
72999,10
73000,10
73001,10
73002,10
73003,10
73004,10
73005,10
73006,10
73007,10
73008,10
73009,10
73010,10
73011,10
73012,10
73013,10
73014,10
73015,10
73016,10
73017,10
73018,10
73019,10
73020,10
73021,10
73022,10
73023,10
73024,10
73025,10
73026,10
73027,10
73028,10
73029,10
73030,10
73031,10
73032,10
73033,10
73034,10
73035,10
73036,10
73037,10
73038,10
73039,10
73040,10
73041,10
73042,10
73043,10
73044,10
73045,10
73046,10
73047,10
73048,10
73049,10
73050,10
73051,10
73052,10
73053,10
73054,10
73055,10
73056,10
73057,10
73058,10
73059,10
73060,10
73061,10
73062,10
73063,10
73064,10
73065,10
73066,10
73067,10
73068,10
73069,10
73070,10
73071,10
73072,10
73073,10
73074,10
73075,10
73076,10
73077,10
73078,10
73079,10
73080,10
73081,10
73082,10
73083,10
73084,10
73085,10
73086,10
73087,10
73088,10
73089,10
73090,10
73091,10
73092,10
73093,10
73094,10
73095,10
73096,10
73097,10
73098,10
73099,10
73100,10
73101,10
73102,10
73103,10
73104,10
73105,10
73106,10
73107,10
73108,10
73109,10
73110,10
73111,10
73112,10
73113,10
73114,10
73115,10
73116,10
73117,10
73118,10
73119,10
73120,10
73121,10
73122,10
73123,10
73124,10
73126,10
73127,10
73128,10
73129,10
73130,10
73131,10
73132,10
73133,10
73134,10
73135,10
73136,10
73137,10
73138,10
73139,10
73140,10
73141,10
73142,10
73143,10
73144,10
73145,10
73146,10
73147,10
73148,10
73149,10
73150,10
73151,10
73152,10
73153,10
73154,10
73155,10
73156,10
73157,10
73158,10
73159,10
73160,10
73161,10
73162,10
73163,10
73164,10
73165,10
73166,10
73167,10
73168,10
73169,12
73170,12
73171,12
73172,12
73173,12
73174,12
73175,12
73176,10
73177,10
73178,10
73179,10
73180,10
73181,10
73182,10
73183,12
73184,10
73185,10
73186,10
73187,10
73188,10
73189,10
73190,10
73191,10
73192,12
73194,10
73195,10
73196,10
73197,10
73198,10
73199,10
73200,10
73201,10
73202,10
73203,10
73204,10
73205,10
73206,10
73207,10
73208,10
73209,10
73210,10
73211,10
73212,10
73213,10
73214,10
73215,10
73216,10
73217,10
73218,10
73219,10
73221,10
73222,10
73223,10
73224,10
73225,10
73226,10
73227,10
73228,10
73229,10
73366,10
73367,10
73368,10
73369,10
73370,10
73371,12
73372,12
73373,10
73374,10
73375,10
73376,10
73377,10
73378,10
73379,10
73380,10
73381,10
73382,10
73383,10
73384,10
73385,10
73386,12
73387,12
73388,12
73389,12
73390,12
73391,12
73392,12
73393,12
73394,10
73395,10
73396,10
73397,10
73398,10
73399,10
73400,10
73401,10
73402,10
73403,10
73404,10
73405,10
73406,10
73408,10
73409,10
73410,10
73547,10
73548,10
73549,10
73550,10
73551,10
73552,10
73553,10
73692,10
73694,10
73695,10
73696,10
73697,10
73698,10
73699,10
73700,10
73701,10
73702,12
73703,12
73704,10
73705,10
73706,10
73707,10
73708,10
73709,10
73710,10
73711,10
73712,10
73713,10
73715,10
73716,12
73717,12
73786,12
73787,10
73788,10
73789,10
73790,10
73791,10
73792,10
73793,12
73794,10
73795,10
73796,10
73797,10
73798,12
73799,10
73800,10
73801,10
73802,10
73803,12
73804,10
73805,10
73806,10
73807,10
73808,10
73809,10
73810,10
73811,10
73812,10
73813,10
73814,10
73815,10
73816,10
73817,10
73818,12
73820,10
73821,10
73822,10
73824,10
73825,10
73826,10
73827,10
73829,10
73830,10
73831,10
73832,10
73833,10
73834,10
73835,10
73836,10
73837,10
73838,10
73839,10
73840,10
73841,10
73842,10
73843,10
73844,10
73845,12
73846,10
73848,12
73849,10
73850,10
73851,10
73852,10
73853,10
73854,10
73855,10
73856,10
73857,10
73858,12
73859,12
73860,12
73861,12
73863,10
73864,10
73865,10
73866,10
73867,10
73868,10
73869,10
73870,10
73871,10
73872,10
73873,10
73874,10
73875,10
73876,10
73877,10
73878,10
73879,10
73880,10
73881,10
73882,10
73883,10
73884,10
73885,10
73886,10
73887,10
73888,10
73889,10
73890,10
73891,10
73892,10
73893,10
73894,10
73895,10
73896,10
73897,10
73899,10
73900,10
73901,10
73902,10
73903,10
73904,10
73905,10
73906,10
73907,10
73908,10
73909,10
73910,10
73911,10
73912,10
73913,10
73914,10
73915,10
73916,10
73917,10
73918,10
73919,10
73920,10
73921,10
73922,10
73923,10
73924,10
73925,10
73926,10
73927,10
73928,10
73929,10
73930,10
73931,10
73932,10
73933,10
73934,10
73935,10
73936,10
73937,10
73938,10
73939,10
73940,10
73941,10
73942,10
73943,10
73944,10
73945,10
73946,10
73947,10
73948,10
73949,10
73950,10
73951,10
73952,10
73954,10
73960,10
73966,10
73967,10
73968,10
73969,10
73970,10
73971,10
73972,10
73973,10
73974,10
73975,10
73976,10
73977,10
73978,10
73979,10
73980,10
73981,10
73982,10
73983,10
73984,10
73985,10
73986,10
73987,10
73988,10
73989,10
73990,10
73991,10
73992,10
73993,10
73994,10
73995,10
73996,10
73997,10
73998,10
73999,10
74000,10
74001,10
74002,10
74003,10
74004,10
74005,10
74006,10
74007,10
74008,10
74009,10
74010,10
74011,10
74012,10
74013,10
74014,10
74015,10
74016,10
74017,10
74018,10
74019,10
74020,10
74021,10
74022,10
74023,10
74024,10
74025,10
74026,10
74027,10
74028,10
74029,10
74030,10
74031,10
74032,10
74033,10
74034,10
74035,10
74036,10
74037,10
74038,10
74039,10
74040,10
74041,10
74042,10
74043,10
74044,10
74045,10
74046,10
74047,10
74048,10
74049,10
74050,10
74051,10
74052,10
74053,10
74054,10
74055,10
74056,10
74057,10
74058,10
74059,10
74060,10
74061,10
74062,10
74063,10
74064,10
74065,10
74066,10
74067,10
74068,10
74069,10
74070,10
74071,10
74072,10
74073,10
74074,10
74075,10
74076,10
74077,10
74078,10
74079,10
74080,10
74081,10
74082,10
74083,10
74084,10
74085,10
74086,10
74087,10
74088,10
74089,10
74090,10
74091,10
74092,10
74093,10
74094,10
74095,10
74096,10
74097,10
74098,10
74099,10
74100,10
74101,10
74102,10
74103,10
74104,10
74105,10
74106,10
74107,10
74108,10
74109,10
74110,10
74111,10
74112,10
74113,10
74114,10
74115,10
74116,10
74117,10
74118,10
74119,10
74120,10
74121,10
74122,10
74123,10
74124,10
74125,10
74126,10
74127,10
74128,10
74129,10
74130,10
74131,10
74132,10
74133,10
74134,10
74135,10
74136,10
74137,10
74138,10
74139,10
74140,10
74141,10
74142,10
74143,10
74144,10
74145,10
74146,10
74147,10
74148,10
74149,10
74150,10
74151,10
74152,10
74153,10
74154,10
74155,10
74156,10
74157,10
74158,10
74159,10
74160,10
74161,10
74162,10
74163,10
74164,10
74165,10
74166,10
74167,10
74168,10
74169,10
74170,10
74171,10
74172,10
74173,10
74174,10
74175,10
74176,10
74177,10
74178,10
74179,10
74180,10
74181,10
74182,10
74183,10
74184,10
74185,10
74186,10
74187,10
74188,10
74189,10
74190,10
74191,10
74192,10
74193,10
74194,10
74195,10
74196,10
74197,10
74198,10
74199,10
74200,10
74201,10
74202,10
74203,10
74204,10
74205,10
74206,10
74207,10
74208,10
74209,10
74210,10
74211,10
74212,10
74213,10
74214,10
74215,10
74216,10
74217,10
74218,10
74219,10
74220,10
74221,10
74222,10
74223,10
74224,10
74225,10
74226,10
74227,10
74228,10
74229,10
74230,10
74231,10
74232,10
74233,10
74234,10
74235,10
74236,10
74237,10
74238,10
74239,10
74240,10
74241,10
74242,10
74243,10
74244,10
74245,10
74246,10
74247,10
74248,10
74249,10
74250,10
74251,10
74252,10
74253,10
74254,10
74255,10
74256,10
74257,10
74258,10
74259,10
74260,10
74261,10
74262,10
74263,10
74264,10
74265,10
74266,10
74267,10
74268,10
74269,10
74270,10
74271,10
74272,10
74273,10
74274,10
74275,10
74276,10
74277,10
74278,10
74279,10
74280,10
74281,10
74282,10
74283,10
74286,10
74287,10
74288,10
74289,10
74291,10
74292,10
74293,10
74294,10
74295,10
74296,10
74297,10
74298,10
74299,10
74300,10
74301,10
74302,10
74303,10
74304,10
74305,10
74306,10
74307,10
74308,10
74309,10
74310,10
74311,10
74312,10
74313,10
74314,10
74315,10
74316,10
74317,10
74318,10
74319,10
74320,10
74321,10
74322,10
74323,10
74324,10
74325,10
74327,10
74328,10
74329,10
74330,10
74331,10
74332,10
74333,10
74334,10
74335,10
74336,10
74337,10
74338,10
74339,10
74340,10
74341,10
74342,10
74343,10
74344,10
74345,10
74346,10
74347,10
74348,10
74349,10
74350,10
74351,10
74352,10
74353,10
74354,10
74355,10
74356,10
74357,10
74358,10
74359,10
74360,10
74361,10
74362,10
74363,10
74364,10
74365,10
74366,10
74367,10
74368,10
74369,10
74370,10
74371,10
74372,10
74373,10
74374,12
74375,10
74376,10
74377,10
74378,10
74379,10
74381,10
74382,10
74384,10
74389,10
74390,10
74391,10
74392,10
74393,10
74394,10
74395,10
74396,10
74397,10
74398,10
74399,10
74400,10
74401,10
74402,10
74403,10
74404,10
74405,10
74406,10
74407,10
74408,10
74409,10
74410,10
74411,10
74412,10
74413,10
74414,10
74415,12
74416,10
74417,10
74418,10
74419,10
74420,10
74421,10
74422,10
74423,10
74424,10
74425,10
74426,10
74427,10
74428,10
74429,10
74430,10
74431,10
74432,10
74433,10
74434,10
74435,10
74436,10
74437,10
74438,10
74439,10
74440,10
74441,10
74442,10
74443,10
74444,10
74445,10
74446,10
74447,10
74448,10
74449,10
74450,10
74451,10
74452,10
74453,10
74454,10
74455,10
74456,10
74457,10
74458,10
74459,10
74460,10
74461,10
74462,10
74463,10
74464,10
74465,10
74466,10
74467,10
74468,10
74469,10
74470,10
74471,10
74472,10
74473,10
74474,10
74475,10
74476,10
74477,10
74478,10
74479,10
74480,10
74481,10
74482,10
74483,10
74484,10
74485,10
74486,10
74487,10
74488,10
74489,10
74490,10
74491,10
74492,10
74493,10
74494,10
74495,10
74496,10
74497,10
74498,10
74499,10
74500,10
74501,10
74502,10
74503,10
74504,10
74505,10
74506,10
74507,10
74508,10
74509,10
74510,10
74511,10
74512,10
74513,10
74514,10
74515,10
74516,10
74517,10
74518,10
74519,10
74520,10
74521,10
74522,10
74523,10
74524,10
74525,10
74526,10
74527,10
74528,10
74529,10
74530,10
74531,10
74532,10
74533,10
74535,10
74536,10
74537,10
74538,10
74539,10
74540,10
74541,10
74542,10
74543,10
74544,10
74545,10
74546,10
74547,10
74548,10
74549,10
74550,10
74551,10
74552,10
74553,10
74554,10
74555,10
74556,10
74557,10
74558,10
74559,10
74560,10
74561,10
74562,10
74563,10
74564,10
74565,10
74566,10
74567,10
74568,10
74569,10
74570,10
74571,10
74572,10
74573,10
74574,10
74575,10
74576,12
74579,10
74581,12
74589,10
74609,10
74610,10
74611,10
74612,10
74613,10
74636,10
74672,10
74677,10
74695,12
74696,12
74697,12
74711,10
74712,10
74713,10
74714,10
74720,10
74721,10
74722,10
74723,10
74724,10
74725,10
74726,10
74727,10
74728,10
74730,10
74732,10
74733,10
74734,10
74745,10
74748,10
74755,10
74756,10
74757,10
74758,10
74759,10
74760,10
74761,10
74762,10
74763,10
74764,10
74765,10
74766,10
74767,10
74769,10
74771,10
74773,10
74774,10
74775,10
74776,10
74777,10
74778,10
74779,10
74780,10
74781,10
74782,10
74783,10
74784,10
74785,10
74786,10
74787,10
74788,10
74789,10
74792,10
74794,10
74795,10
74796,10
74797,10
74798,10
74799,10
74800,10
74801,10
74802,10
74803,10
74804,10
74805,10
74806,10
74807,10
74808,10
74809,10
74810,10
74811,10
74812,10
74813,10
74814,10
74815,10
74816,10
74817,10
74818,10
74819,10
74820,10
74821,10
74822,10
74823,10
74824,10
74825,10
74826,10
74827,10
74828,10
74829,10
74830,10
74831,10
74832,10
74833,10
74834,10
74835,10
74836,10
74837,10
74838,10
74839,10
74840,10
74841,10
74842,10
74843,10
74844,10
74845,10
74846,10
74847,10
74848,10
74849,10
74850,10
74851,10
74852,10
74857,10
74858,10
74859,10
74860,10
74861,10
74862,10
74864,10
74865,10
74866,10
74867,10
74869,10
74871,10
74874,10
74875,10
74876,10
74877,10
74878,10
74879,10
74880,10
74881,10
74882,10
74883,10
74889,10
74890,10
74891,10
74892,10
74893,10
74894,10
74896,10
74897,10
74898,10
74899,10
74900,10
74901,10
74902,10
74903,10
74904,10
74905,10
74906,10
74908,10
74909,10
74910,10
74911,10
74912,10
74913,10
74923,10
74924,10
74925,10
74926,10
74927,10
74928,10
74929,10
74930,10
74931,10
74932,10
74933,10
74934,10
74935,10
74936,10
74937,10
74938,10
74939,10
74940,3
74942,10
74943,10
74944,10
74945,10
74946,10
74947,10
74948,10
74949,10
74950,10
74951,10
74952,10
74953,10
74954,10
74955,10
74956,10
74957,10
74958,10
74959,10
74960,10
74961,10
74962,10
74963,10
74964,10
74965,10
74966,10
74967,10
74968,10
74969,10
74970,10
74971,10
74972,10
74974,10
74975,10
74976,10
74977,10
74978,10
74983,10
74984,10
74985,10
74986,10
74987,10
74988,10
74989,10
74990,10
74991,10
74992,10
74993,10
74994,10
74995,10
74996,10
74997,10
74998,10
74999,10
75000,10
75001,10
75002,10
75003,10
75004,10
75005,10
75006,10
75007,10
75008,10
75009,10
75010,10
75011,10
75012,10
75013,10
75014,10
75015,10
75017,10
75018,10
75019,10
75020,10
75021,10
75022,10
75023,10
75024,10
75025,10
75026,10
75027,10
75028,10
75029,10
75030,10
75031,10
75032,10
75033,10
75034,10
75035,10
75036,10
75037,10
75038,10
75039,10
75040,10
75041,10
75042,10
75043,10
75046,10
75047,10
75049,10
75050,10
75051,10
75052,10
75053,10
75054,10
75056,10
75057,10
75058,10
75059,10
75060,10
75061,10
75062,10
75063,10
75064,10
75065,10
75066,10
75067,10
75068,10
75069,10
75070,10
75071,10
75117,10
75118,10
75119,10
75120,10
75121,10
75122,10
75123,10
75124,10
75125,10
75126,10
75127,10
75128,10
75129,10
75130,10
75136,10
75137,10
75138,10
75139,10
75140,10
75141,10
75142,10
75143,10
75144,10
75145,10
75146,10
75147,10
75148,10
75149,10
75150,10
75151,10
75152,10
75153,10
75154,10
75155,10
75156,10
75157,10
75158,10
75159,10
75160,10
75161,10
75162,10
75163,10
75164,10
75165,10
75166,10
75167,10
75168,10
75169,10
75170,10
75171,10
75172,10
75173,10
75174,10
75175,10
75176,10
75177,10
75178,10
75179,10
75180,10
75181,10
75182,10
75183,10
75184,10
75185,10
75186,10
75187,10
75188,10
75189,4
75190,4
75191,10
75192,10
75193,10
75194,10
75195,10
75196,10
75197,10
75198,10
75199,10
75200,10
75201,10
75202,10
75203,10
75204,10
75205,10
75206,10
75207,10
75208,10
75209,10
75210,10
75211,10
75212,10
75213,10
75214,10
75215,10
75216,10
75217,10
75218,10
75219,12
75220,10
75221,12
75222,10
75223,12
75224,10
75225,10
75226,10
75229,10
75230,10
75231,10
75232,10
75233,10
75234,10
75235,10
75236,10
75237,10
75239,10
75240,10
75241,10
75242,10
75243,10
75244,10
75245,10
75246,10
75247,10
75248,10
75249,10
75250,10
75251,10
75252,10
75253,10
75254,10
75255,10
75256,10
75257,10
75258,10
75259,10
75260,10
75261,10
75263,10
75264,10
75265,12
75266,10
75267,10
75268,10
75269,10
75270,10
75271,10
75272,10
75273,10
75274,10
75275,10
75276,10
75277,10
75279,10
75280,10
75282,10
75283,10
75284,10
75285,10
75286,10
75287,10
75288,10
75289,9
75290,9
75291,10
75292,10
75293,10
75294,10
75295,10
75296,10
75297,10
75298,10
75301,10
75302,10
75303,10
75304,10
75305,10
75306,10
75307,10
75308,10
75309,10
75310,10
75311,10
75312,10
75313,10
75314,10
75315,10
75316,10
75317,10
75318,10
75319,10
75320,10
75321,10
75322,10
75323,10
75324,10
75325,10
75326,10
75327,10
75328,10
75329,10
75330,10
75331,10
75332,10
75333,10
75334,10
75335,10
75336,10
75337,10
75338,10
75339,10
75340,10
75341,10
75342,10
75343,10
75344,10
75345,10
75346,10
75347,10
75348,10
75349,10
75350,10
75351,10
75352,10
75353,10
75354,10
75355,10
75356,10
75357,10
75358,10
75359,10
75360,10
75361,10
75362,10
75363,10
75364,10
75365,10
75366,10
75367,10
75368,12
75369,12
75370,10
75371,10
75372,10
75373,10
75374,10
75375,10
75376,10
75377,10
75378,10
75379,10
75380,10
75381,10
75382,10
75383,10
75384,10
75385,10
75386,10
75387,10
75388,10
75389,10
75390,10
75391,10
75392,10
75393,10
75394,10
75395,10
75396,10
75397,10
75398,10
75399,10
75400,10
75401,10
75402,10
75403,10
75404,10
75405,10
75406,10
75407,10
75408,10
75409,10
75410,10
75411,10
75412,10
75413,10
75414,10
75415,10
75416,10
75417,10
75418,10
75419,10
75420,10
75421,10
75422,10
75423,10
75424,10
75425,10
75426,10
75427,10
75428,10
75429,10
75430,10
75431,10
75432,10
75433,10
75434,10
75435,10
75436,10
75437,10
75438,10
75439,10
75440,10
75441,10
75442,10
75443,10
75444,10
75445,10
75446,10
75447,10
75448,10
75449,10
75450,10
75451,10
75452,10
75453,10
75454,10
75455,10
75456,10
75457,10
75458,10
75459,10
75460,10
75461,10
75462,10
75463,10
75464,10
75465,10
75466,10
75467,10
75468,10
75469,10
75470,10
75471,10
75472,10
75473,10
75474,10
75475,10
75476,10
75477,10
75478,10
75479,10
75481,10
75482,10
75483,10
75484,10
75485,10
75486,10
75487,10
75488,10
75489,10
75490,10
75491,3
75493,10
75494,10
75495,10
75496,10
75497,10
75498,10
75499,10
75500,10
75501,10
75502,10
75503,10
75504,10
75505,10
75506,10
75507,10
75508,10
75509,10
75510,10
75511,10
75514,10
75515,10
75516,10
75517,10
75518,10
75519,12
75520,10
75521,10
75522,10
75523,10
75524,10
75525,10
75526,10
75527,10
75528,10
75529,10
75530,10
75531,10
75532,10
75533,10
75534,1
75535,1
75536,10
75538,1
75539,1
75540,1
75541,1
75542,1
75543,1
75544,1
75545,10
75546,10
75547,10
75548,10
75549,10
75550,10
75551,10
75552,10
75553,10
75554,10
75555,10
75556,10
75557,10
75558,10
75559,1
75560,10
75561,10
75562,10
75563,10
75564,10
75565,10
75566,10
75567,10
75569,10
75570,10
75571,10
75572,10
75573,10
75574,10
75575,10
75576,10
75577,10
75578,10
75579,10
75580,10
75581,10
75582,10
75583,10
75584,10
75585,10
75586,10
75587,10
75588,10
75589,10
75590,10
75591,10
75592,10
75593,10
75594,10
75595,10
75596,10
75597,10
75598,10
75599,10
75600,10
75601,10
75602,10
75603,10
75604,10
75605,10
75606,10
75607,10
75608,10
75609,10
75610,10
75611,10
75612,10
75613,10
75614,10
75615,10
75616,10
75617,10
75618,10
75619,10
75620,10
75621,10
75622,10
75623,10
75624,10
75625,12
75626,12
75627,12
75628,10
75629,10
75630,10
75631,10
75632,10
75633,10
75634,10
75635,10
75636,10
75637,10
75638,10
75639,1
75640,10
75641,10
75642,10
75643,10
75644,10
75645,10
75646,10
75647,10
75648,10
75649,10
75650,10
75651,10
75652,10
75653,10
75654,10
75657,10
75658,10
75659,10
75660,10
75661,10
75662,10
75663,10
75664,10
75665,10
75666,10
75667,12
75668,12
75669,12
75670,12
75671,12
75672,12
75673,12
75674,12
75675,12
75676,12
75677,12
75678,12
75679,12
75680,10
75681,12
75682,12
75683,12
75684,12
75685,12
75686,12
75687,12
75688,12
75689,12
75690,12
75691,12
75692,12
75693,12
75694,10
75695,12
75696,12
75697,12
75698,12
75699,12
75700,12
75701,12
75702,12
75703,12
75704,12
75705,10
75706,10
75707,10
75708,10
75709,12
75710,12
75711,12
75712,12
75713,12
75714,10
75715,10
75716,10
75717,10
75718,10
75719,10
75720,10
75721,10
75722,10
75723,10
75724,10
75725,10
75726,10
75727,10
75728,10
75729,10
75730,10
75731,10
75732,10
75733,10
75734,10
75735,10
75736,10
75737,10
75738,10
75739,10
75740,10
75741,10
75742,10
75743,10
75744,10
75745,10
75747,10
75748,10
75749,10
75750,10
75751,10
75752,10
75753,10
75754,10
75755,10
75756,10
75757,10
75758,10
75759,10
75760,10
75761,10
75762,10
75763,10
75764,10
75765,10
75766,10
75767,10
75768,10
75769,10
75770,10
75771,10
75772,10
75773,10
75774,10
75775,10
75776,10
75777,10
75778,10
75779,10
75780,10
75781,10
75782,10
75783,10
75784,10
75785,10
75786,10
75787,10
75788,10
75789,10
75790,10
75791,10
75792,10
75793,10
75794,10
75795,10
75796,10
75797,10
75798,10
75799,10
75800,10
75801,10
75802,10
75803,10
75804,10
75805,10
75806,10
75807,10
75808,10
75809,10
75810,10
75811,10
75812,10
75813,10
75814,10
75815,10
75816,10
75817,10
75818,10
75819,10
75820,10
75821,10
75822,10
75823,10
75824,10
75825,10
75826,10
75827,10
75828,10
75829,10
75830,10
75831,10
75832,10
75833,12
75834,10
75835,10
75836,10
75837,10
75838,10
75839,10
75840,10
75841,10
75842,10
75843,10
75844,10
75845,10
75846,10
75847,10
75848,10
75849,10
75850,10
75851,10
75852,10
75853,10
75854,10
75855,10
75856,10
75857,10
75858,10
75859,10
75860,10
75861,10
75862,10
75863,10
75864,10
75865,10
75866,10
75867,10
75868,10
75869,10
75870,10
75871,10
75872,10
75873,10
75874,12
75875,10
75876,10
75877,12
75878,10
75879,10
75880,12
75881,10
75882,10
75883,10
75884,10
75885,10
75887,10
75888,10
75889,10
75890,12
75891,12
75892,12
75893,12
75894,10
75895,12
75896,10
75897,10
75898,12
75899,10
75900,10
75901,10
75902,10
75903,10
75904,10
75905,10
75906,10
75907,10
75908,10
75909,10
75910,10
75911,10
75912,10
75913,10
75914,10
75915,10
75916,10
75917,10
75918,10
75919,10
75920,10
75921,10
75922,10
75923,10
75924,10
75925,10
75926,10
75927,10
75928,10
75929,10
75930,10
75931,10
75932,10
75933,10
75934,10
75935,10
75936,10
75937,10
75938,10
75941,10
75942,10
75943,10
75944,10
75945,10
75946,10
75947,10
75948,10
75949,10
75950,10
75951,10
75952,10
75953,10
75954,10
75955,10
75956,10
75957,10
75958,10
75959,10
75960,10
75961,10
75962,10
75963,10
75964,10
75965,10
75966,10
75967,10
75968,10
75970,10
75971,10
75972,10
75973,10
75974,10
75975,10
75976,10
75977,10
75978,10
75979,10
75980,10
75981,10
75982,10
75983,10
75985,10
75986,10
75987,10
75988,10
75989,10
75990,10
75991,10
75992,10
75993,10
75994,10
75995,10
75996,10
75997,10
75998,10
75999,10
76000,10
76001,10
76002,10
76003,10
76004,10
76005,10
76006,10
76007,10
76008,10
76009,10
76010,10
76011,10
76012,10
76013,10
76014,10
76015,10
76016,10
76017,10
76018,10
76019,10
76020,12
76021,12
76022,10
76023,10
76024,12
76025,10
76026,10
76027,10
76028,10
76029,10
76030,10
76031,10
76032,10
76033,10
76034,10
76035,10
76036,10
76037,10
76038,10
76040,10
76041,10
76042,10
76043,10
76044,10
76045,10
76046,10
76047,10
76048,10
76049,10
76050,10
76051,10
76052,10
76053,10
76054,10
76055,10
76056,10
76057,10
76058,10
76059,10
76060,10
76061,10
76062,10
76063,10
76064,10
76065,10
76066,10
76067,10
76068,10
76069,10
76072,12
76073,12
76074,12
76075,12
76076,10
76077,10
76078,10
76079,10
76080,10
76081,10
76082,10
76083,10
76084,10
76085,10
76086,10
76087,10
76088,10
76089,10
76101,10
76102,10
76103,12
76104,12
76105,12
76106,12
76107,12
76108,12
76109,10
76110,10
76111,10
76112,12
76113,12
76114,12
76115,10
76116,10
76117,10
76118,10
76119,10
76120,10
76121,10
76122,10
76123,10
76124,10
76125,10
76126,10
76127,10
76128,10
76129,10
76130,10
76131,10
76132,10
76133,10
76134,10
76135,10
76136,10
76137,10
76138,10
76139,10
76140,10
76141,10
76142,10
76143,10
76144,10
76145,10
76146,10
76147,10
76148,10
76149,10
76150,10
76151,10
76152,10
76153,10
76154,10
76155,1
76157,10
76158,10
76159,12
76161,12
76162,10
76163,1
76164,10
76167,10
76168,10
76169,11
76170,10
76171,10
76172,10
76173,10
76174,10
76176,10
76177,10
76178,10
76179,10
76180,10
76181,10
76182,10
76183,10
76184,10
76185,10
76186,12
76187,10
76188,10
76189,12
76190,12
76191,12
76192,12
76193,12
76194,12
76195,12
76196,12
76197,12
76198,10
76200,10
76201,12
76202,10
76203,12
76204,12
76205,12
76206,12
76207,12
76208,12
76209,12
76210,10
76211,10
76212,12
76213,12
76214,12
76215,10
76216,10
76217,10
76218,10
76219,10
76220,10
76221,10
76222,10
76223,10
76224,10
76225,10
76226,10
76227,10
76228,10
76229,10
76230,10
76231,10
76232,10
76233,10
76234,10
76235,10
76236,10
76237,10
76238,10
76239,10
76241,10
76242,10
76243,11
76244,10
76245,10
76246,11
76247,11
76248,10
76249,10
76250,10
76251,10
76252,10
76253,10
76254,10
76255,10
76256,10
76257,12
76258,10
76259,10
76260,11
76261,10
76262,10
76263,12
76264,12
76265,12
76266,12
76267,10
76268,12
76269,10
76270,12
76271,12
76272,12
76273,12
76274,12
76275,10
76276,10
76278,12
76279,10
76280,10
76281,10
76282,10
76283,10
76284,12
76285,12
76286,12
76287,12
76288,12
76289,10
76290,12
76291,10
76292,10
76293,10
76294,10
76295,10
76296,10
76297,10
76298,10
76299,10
76300,10
76301,10
76302,10
76303,10
76304,10
76305,10
76306,10
76307,10
76308,12
76309,10
76310,10
76311,10
76317,10
76318,10
76319,10
76320,10
76321,10
76322,10
76323,10
76324,10
76325,10
76326,10
76327,10
76328,10
76329,10
76330,10
76331,10
76332,10
76333,10
76334,10
76335,10
76336,10
76337,10
76338,11
76339,10
76340,10
76341,10
76342,10
76343,10
76344,10
76345,10
76346,10
76347,10
76348,10
76349,10
76350,10
76351,10
76352,10
76353,11
76354,10
76355,10
76356,10
76357,10
76358,10
76359,10
76360,10
76361,12
76362,10
76363,10
76364,10
76365,10
76366,10
76367,10
76368,12
76369,10
76370,10
76371,10
76372,10
76373,10
76374,10
76375,10
76376,10
76377,10
76378,10
76379,10
76380,10
76381,10
76382,10
76383,10
76384,10
76385,10
76386,10
76387,10
76388,10
76389,10
76390,12
76391,10
76392,10
76393,10
76394,11
76395,12
76396,12
76397,10
76398,10
76399,10
76400,10
76401,10
76402,10
76403,10
76404,10
76405,10
76406,10
76407,10
76408,10
76410,1
76416,10
76419,10
76420,10
76421,10
76422,10
76423,10
76425,10
76426,12
76427,1
76429,10
76430,1
76431,10
76432,10
76433,10
76434,10
76435,10
76436,10
76437,10
76438,10
76439,10
76440,10
76441,10
76442,10
76443,10
76444,10
76445,10
76446,10
76447,10
76448,10
76449,10
76451,10
76453,10
76454,11
76455,10
76456,12
76457,10
76458,10
76459,10
76460,10
76461,10
76462,10
76463,10
76464,10
76465,10
76466,10
76467,10
76468,10
76469,10
76470,10
76471,10
76504,12
76505,10
76506,10
76508,10
76509,12
76510,10
76511,10
76512,10
76513,10
76515,10
76516,10
76517,10
76518,10
76519,10
76520,10
76521,10
76522,10
76523,10
76524,10
76525,10
76526,10
76527,10
76528,10
76529,10
76530,12
76531,12
76532,10
76533,10
76534,10
76536,10
76537,10
76538,10
76540,10
76541,10
76542,10
76543,10
76544,10
76545,12
76546,10
76547,10
76548,10
76549,10
76550,10
76551,10
76552,10
76553,10
76554,12
76555,10
76556,10
76557,10
76558,10
76559,12
76560,12
76561,10
76562,10
76563,10
76564,10
76565,10
76566,10
76567,10
76568,10
76569,10
76570,10
76571,10
76572,10
76573,10
76574,10
76575,10
76576,10
76577,12
76578,11
76579,12
76580,10
76581,10
76582,10
76583,10
76584,10
76585,10
76586,11
76587,11
76588,11
76591,12
76592,10
76593,10
76594,10
76595,10
76596,11
76597,10
76598,10
76599,11
76600,11
76601,10
76602,10
76603,10
76604,10
76605,10
76606,10
76607,10
76608,10
76609,10
76610,10
76611,10
76612,10
76613,10
76614,10
76615,10
76616,10
76617,10
76618,10
76619,10
76620,10
76621,10
76622,10
76623,10
76624,10
76625,10
76626,10
76627,10
76628,10
76629,10
76630,10
76631,10
76632,10
76633,10
76634,10
76635,10
76636,10
76637,10
76638,10
76639,10
76640,10
76641,10
76642,10
76643,10
76644,10
76645,10
76646,10
76647,10
76648,10
76649,10
76650,10
76651,10
76652,10
76653,10
76654,10
76655,10
76656,10
76657,10
76658,10
76659,10
76660,10
76661,10
76662,10
76663,10
76664,10
76665,10
76666,10
76667,10
76668,10
76669,10
76670,10
76671,10
76672,10
76673,10
76674,10
76675,10
76676,10
76677,10
76678,10
76679,10
76680,10
76681,10
76682,10
76683,10
76684,10
76685,10
76686,10
76687,10
76688,10
76689,10
76690,10
76691,10
76692,10
76693,10
76694,10
76695,10
76696,10
76697,10
76698,10
76699,10
76700,10
76701,10
76702,10
76703,10
76704,10
76705,10
76706,10
76707,10
76708,10
76709,10
76710,10
76711,10
76712,10
76713,10
76714,10
76715,10
76716,10
76717,10
76718,10
76719,10
76720,10
76721,10
76722,10
76723,10
76724,10
76725,10
76726,10
76727,10
76728,10
76729,10
76730,10
76731,10
76732,10
76733,11
76734,10
76735,10
76736,10
76737,10
76738,10
76739,10
76740,10
76741,10
76742,10
76743,10
76744,10
76745,10
76746,10
76747,10
76911,10
76981,10
76982,10
76983,10
76984,10
76985,10
76986,10
76987,10
76988,10
76989,10
76990,10
76991,10
76992,10
76993,10
76995,10
76996,11
76997,11
77092,10
77093,10
77094,12
77095,12
77096,12
77097,12
77098,10
77099,12
77100,10
77101,10
77102,10
77103,10
77104,10
77128,10
77129,10
77130,10
77131,10
77132,10
77133,10
77134,10
77135,10
77136,10
77137,10
77138,10
77139,10
77140,10
77141,10
77142,10
77143,10
77144,10
77145,10
77146,10
77147,10
77148,10
77149,10
77150,10
77151,10
77152,12
77153,12
77154,10
77155,12
77156,10
77158,10
77159,10
77161,10
77162,10
77163,10
77164,11
77165,10
77166,10
77169,10
77170,10
77171,10
77172,10
77173,10
77174,10
77176,10
77177,10
77178,10
77179,10
77180,10
77181,10
77182,10
77183,10
77184,10
77185,10
77191,10
77192,10
77193,10
77194,12
77195,10
77196,10
77197,10
77198,10
77199,10
77200,10
77201,10
77202,12
77203,12
77204,10
77205,10
77206,10
77207,10
77208,12
77209,10
77210,10
77211,10
77212,10
77213,10
77214,10
77215,10
77216,10
77217,10
77218,10
77219,10
77220,10
77221,10
77222,10
77223,10
77224,10
77225,10
77226,10
77227,10
77228,10
77229,10
77230,10
77231,10
77233,10
77234,10
77235,10
77236,10
77237,10
77238,10
77239,10
77240,10
77241,10
77242,12
77243,12
77244,12
77245,12
77246,10
77248,10
77249,10
77250,10
77251,10
77253,10
77254,10
77255,10
77256,10
77257,10
77258,10
77259,10
77260,10
77261,10
77262,10
77263,12
77264,10
77265,10
77266,10
77267,10
77268,10
77269,10
77270,10
77271,10
77272,10
77273,10
77274,10
77275,10
77276,10
77277,10
77278,10
77279,10
77280,10
77281,10
77282,10
77283,10
77284,10
77285,10
77286,10
77288,10
77289,10
77290,10
77291,10
77292,10
77293,10
77294,10
77295,10
77296,10
77297,10
77298,10
77299,10
77300,10
77301,10
77302,10
77303,10
77304,10
77305,12
77306,10
77307,10
77308,10
77310,10
77311,10
77312,10
77313,10
77314,10
77315,10
77316,10
77317,10
77318,10
77319,10
77320,10
77321,10
77322,10
77323,10
77324,10
77325,10
77327,10
77328,10
77329,10
77331,10
77333,10
77335,10
77336,10
77337,10
77338,10
77339,10
77340,10
77341,10
77342,10
77343,10
77344,10
77345,10
77346,10
77347,10
77348,10
77349,10
77350,10
77351,10
77353,10
77354,10
77355,10
77356,10
77357,10
77358,10
77359,10
77360,10
77361,10
77362,10
77363,10
77364,10
77365,10
77366,10
77367,10
77368,10
77369,10
77370,10
77371,10
77372,10
77373,10
77374,10
77375,10
77376,10
77377,10
77378,10
77379,10
77380,10
77381,10
77382,10
77383,10
77384,10
77385,10
77386,10
77387,10
77388,10
77389,10
77390,10
77391,10
77392,10
77393,10
77394,10
77395,10
77396,10
77397,10
77398,10
77399,10
77400,10
77401,10
77402,10
77403,10
77404,10
77405,10
77406,10
77407,10
77408,10
77409,10
77410,10
77411,10
77412,10
77413,10
77414,10
77415,10
77416,10
77417,10
77418,10
77419,10
77420,10
77421,10
77422,10
77423,10
77424,10
77425,10
77426,10
77427,10
77428,10
77429,10
77430,10
77432,10
77433,10
77434,10
77435,10
77436,10
77437,10
77438,10
77439,10
77440,10
77441,10
77442,10
77443,10
77444,10
77445,10
77446,10
77447,10
77448,10
77449,10
77450,10
77451,10
77452,10
77453,10
77454,10
77455,10
77456,10
77457,10
77458,10
77459,10
77460,10
77461,10
77462,10
77463,10
77464,10
77465,10
77466,10
77467,10
77468,10
77469,10
77470,10
77471,10
77472,10
77473,10
77474,10
77475,10
77476,10
77477,10
77478,10
77479,10
77483,10
77484,10
77485,10
77486,10
77487,10
77488,11
77489,11
77490,10
77491,10
77492,11
77493,11
77494,11
77495,10
77496,10
77497,10
77498,10
77499,10
77500,10
77501,11
77502,11
77503,10
77504,10
77505,10
77506,10
77507,10
77508,10
77509,10
77510,10
77511,10
77512,10
77513,10
77514,10
77515,10
77516,10
77517,10
77518,10
77519,10
77520,10
77521,10
77522,10
77523,10
77524,10
77525,10
77526,10
77527,11
77528,10
77529,11
77530,10
77531,10
77532,10
77533,10
77534,10
77535,10
77536,10
77537,10
77538,10
77539,10
77540,10
77541,10
77542,10
77543,10
77544,10
77545,10
77546,10
77547,10
77548,10
77549,10
77550,10
77551,10
77552,10
77553,10
77554,10
77555,10
77556,10
77557,10
77558,10
77559,10
77560,10
77561,10
77562,10
77563,10
77564,10
77565,10
77566,10
77567,10
77569,10
77570,10
77572,10
77576,10
77577,10
77578,10
77579,10
77580,10
77581,12
77589,10
77591,10
77593,10
77595,10
77596,10
77597,10
77598,10
77599,10
77600,10
77601,10
77602,10
77603,10
77604,10
77605,10
77606,10
77607,10
77608,10
77609,10
77610,10
77611,10
77612,10
77613,10
77614,10
77615,10
77622,10
77623,10
77624,10
77625,10
77626,10
77627,10
77628,10
77629,10
77630,10
77631,10
77632,10
77633,10
77634,10
77635,10
77636,10
77637,10
77638,10
77639,10
77640,10
77641,10
77644,12
77645,10
77646,10
77647,10
77650,10
77653,10
77654,10
77662,10
77663,10
77664,10
77665,10
77673,10
77674,10
77675,10
77676,11
77677,10
77678,10
77679,10
77680,10
77681,10
77683,10
77684,10
77685,10
77686,10
77687,10
77688,10
77689,10
77691,10
77692,10
77693,10
77694,10
77695,10
77697,10
77698,12
77699,10
77700,10
77701,10
77702,10
77703,10
77704,10
77705,10
77706,10
77707,10
77708,10
77709,10
77710,10
77711,10
77712,10
77713,10
77714,10
77715,10
77716,11
77717,10
77718,11
77719,11
77720,11
77721,11
77722,11
77723,11
77724,11
77725,10
77727,11
77728,11
77729,11
77730,11
77731,11
77732,11
77733,11
77734,11
77735,11
77736,11
77737,11
77738,10
77739,10
77740,10
77741,10
77742,10
77744,12
77745,12
77746,12
77747,12
77748,10
77749,10
77750,10
77751,10
77752,10
77753,10
77754,10
77755,10
77756,10
77757,10
77758,10
77759,10
77760,10
77761,10
77762,10
77763,10
77764,10
77765,10
77766,10
77767,10
77768,10
77769,10
77770,10
77771,10
77772,10
77773,10
77774,10
77775,10
77776,10
77777,10
77779,12
77780,10
77781,10
77782,11
77783,10
77784,10
77785,10
77786,10
77787,10
77788,10
77789,10
77790,10
77791,10
77792,10
77793,10
77794,10
77795,10
77796,10
77797,10
77798,10
77799,10
77800,10
77802,10
77803,10
77804,10
77805,10
77806,10
77807,10
77808,10
77809,10
77810,10
77811,10
77812,10
77813,10
77814,10
77815,10
77818,10
77819,10
77820,10
77821,11
77822,10
77823,10
77824,10
77825,10
77826,10
77827,10
77828,10
77829,10
77830,10
77831,10
77832,10
77833,10
77834,10
77835,10
77836,10
77837,10
77838,10
77839,12
77840,12
77841,10
77842,10
77843,10
77844,10
77845,10
77846,10
77847,10
77848,10
77849,10
77850,10
77851,10
77852,10
77853,10
77854,10
77855,10
77856,10
77857,10
77858,10
77859,10
77860,10
77861,10
77862,10
77863,10
77864,10
77865,10
77867,10
77868,10
77869,12
77870,10
77871,12
77872,10
77873,10
77874,12
77875,10
77876,10
77877,12
77878,10
77879,12
77880,12
77881,12
77882,12
77883,10
77884,10
77885,10
77886,10
77887,10
77888,10
77889,10
77890,10
77891,10
77892,10
77893,10
77894,12
77895,10
77896,10
77897,10
77898,12
77899,12
77900,12
77901,12
77902,12
77903,12
77904,10
77905,12
77906,12
77907,10
77908,10
77909,10
77910,10
77911,10
77912,10
77913,10
77914,10
77915,10
77916,10
77917,10
77918,10
77919,10
77920,10
77921,10
77922,10
77923,10
77924,10
77925,10
77926,10
77927,10
77928,10
77929,10
77930,10
77931,10
77932,10
77933,10
77934,10
77935,10
77936,10
77937,10
77938,10
77939,10
77940,10
77941,10
77942,10
77943,10
77944,10
77945,10
77946,10
77947,10
77948,10
77949,10
77950,10
77951,10
77952,10
77953,10
77954,10
77955,10
77956,11
77957,10
77958,10
77959,10
77960,10
77961,10
77962,10
77963,10
77964,10
77965,10
77966,10
77967,10
77968,10
77969,10
77970,10
77971,10
77972,10
77973,10
77974,10
77975,10
77976,10
77977,10
77978,10
77979,10
77980,10
77982,10
77983,10
77984,10
77985,10
77986,10
77987,10
77988,10
77989,10
77990,10
77991,10
77992,10
77993,10
77994,10
77995,10
77996,10
77997,10
77998,10
77999,10
78000,10
78001,10
78002,10
78003,10
78004,10
78005,10
78006,10
78007,10
78008,10
78009,10
78010,10
78011,10
78012,10
78013,10
78015,10
78016,10
78017,10
78018,10
78019,10
78020,10
78021,10
78022,10
78025,10
78026,10
78027,10
78028,10
78029,10
78030,10
78031,10
78032,10
78033,12
78034,10
78035,10
78036,11
78037,10
78038,11
78039,12
78040,12
78041,10
78042,10
78043,10
78044,10
78045,10
78046,10
78047,12
78048,10
78049,10
78050,10
78051,10
78052,10
78053,10
78054,10
78055,10
78056,10
78057,10
78058,10
78059,11
78060,11
78061,10
78064,10
78065,10
78066,10
78067,10
78068,12
78069,12
78070,12
78071,12
78072,12
78073,12
78074,12
78075,12
78076,12
78077,10
78078,10
78079,10
78080,10
78081,10
78082,10
78083,10
78086,12
78087,10
78094,10
78095,10
78096,10
78097,10
78098,10
78099,10
78100,10
78101,10
78102,10
78103,10
78104,10
78105,10
78106,10
78107,10
78108,10
78109,10
78110,10
78111,10
78113,10
78115,10
78116,10
78117,10
78118,10
78119,10
78120,10
78122,10
78123,11
78125,11
78126,11
78128,11
78129,12
78130,10
78131,12
78141,10
78152,10
78153,10
78154,10
78155,10
78156,10
78159,10
78160,10
78161,10
78162,10
78163,10
78170,10
78171,10
78172,10
78173,10
78174,10
78176,10
78177,10
78178,10
78179,10
78180,10
78181,10
78182,10
78183,10
78184,10
78185,10
78186,10
78187,10
78188,10
78189,10
78190,10
78191,10
78200,10
78201,10
78202,10
78203,10
78204,10
78205,11
78206,10
78207,10
78208,10
78209,10
78210,10
78211,10
78212,10
78213,10
78214,10
78215,10
78216,10
78217,10
78218,10
78226,11
78227,11
78228,11
78230,11
78231,11
78232,11
78233,11
78234,11
78235,10
78236,11
78237,11
78238,10
78240,11
78241,11
78243,11
78244,11
78246,10
78247,10
78248,11
78249,11
78250,11
78251,11
78252,10
78253,10
78254,11
78255,11
78256,11
78257,10
78258,10
78259,10
78262,10
78263,10
78264,10
78268,8
78269,10
78271,10
78272,10
78273,10
78274,12
78275,10
78276,12
78278,10
78279,10
78281,10
78282,10
78283,10
78285,10
78286,11
78289,11
78290,11
78291,11
78292,11
78293,11
78294,11
78298,10
78299,10
78300,10
78301,10
78302,10
78303,10
78305,10
78308,10
78309,10
78310,10
78311,10
78312,10
78313,10
78314,10
78315,10
78316,10
78317,10
78318,10
78319,10
78320,10
78321,10
78322,10
78323,10
78324,10
78325,10
78326,10
78327,10
78328,12
78329,12
78330,10
78331,10
78332,12
78333,10
78334,10
78335,10
78336,10
78337,12
78338,10
78339,12
78340,10
78341,10
78342,10
78343,10
78344,10
78345,10
78346,10
78347,10
78348,11
78349,10
78350,11
78351,11
78352,11
78353,11
78354,11
78355,10
78356,10
78357,10
78358,10
78359,10
78360,10
78361,10
78362,10
78363,10
78364,10
78365,10
78366,10
78367,10
78368,12
78369,12
78370,10
78371,10
78372,10
78373,10
78374,10
78377,10
78379,12
78380,10
78381,10
78383,11
78384,11
78385,10
78386,10
78387,10
78388,10
78389,10
78390,10
78391,10
78392,11
78393,11
78394,10
78395,10
78397,10
78398,10
78399,10
78400,10
78401,10
78402,10
78403,10
78404,10
78405,10
78406,10
78407,10
78408,10
78409,10
78410,10
78411,10
78412,10
78413,10
78414,10
78415,10
78416,10
78417,10
78418,10
78419,10
78420,10
78421,10
78422,10
78423,10
78424,10
78425,10
78426,10
78427,10
78428,10
78429,10
78430,10
78431,10
78432,10
78433,10
78434,10
78435,10
78436,10
78437,10
78438,10
78439,10
78441,10
78442,10
78443,10
78444,10
78445,10
78446,10
78447,10
78448,10
78449,10
78450,10
78451,10
78452,11
78453,10
78454,10
78455,10
78456,10
78457,11
78458,11
78459,11
78460,11
78461,11
78462,11
78463,11
78464,11
78465,11
78466,11
78467,11
78468,11
78469,11
78470,11
78471,11
78472,11
78473,10
78474,10
78475,10
78476,10
78477,10
78478,10
78479,10
78480,10
78481,10
78482,10
78483,10
78484,10
78485,10
78486,10
78487,10
78488,10
78489,10
78490,10
78491,10
78492,10
78493,10
78494,10
78495,10
78496,10
78497,10
78498,10
78499,10
78500,10
78501,10
78502,10
78503,10
78504,12
78507,10
78508,12
78510,10
78511,10
78512,10
78513,10
78514,10
78515,10
78516,10
78517,10
78518,10
78519,10
78520,10
78521,10
78522,10
78523,10
78524,10
78525,10
78526,10
78527,10
78528,10
78529,11
78530,11
78531,11
78532,11
78533,11
78534,11
78535,11
78536,11
78538,11
78539,11
78540,11
78541,11
78542,11
78543,11
78544,11
78545,11
78546,11
78547,11
78548,10
78549,10
78550,11
78551,11
78552,10
78553,10
78554,10
78555,11
78556,11
78557,11
78558,10
78559,10
78560,10
78562,11
78563,11
78564,11
78565,11
78566,10
78567,10
78568,10
78569,10
78570,11
78571,11
78572,11
78573,11
78574,11
78576,10
78577,10
78578,10
78579,10
78580,10
78581,10
78582,10
78583,10
78584,10
78585,10
78586,10
78587,10
78588,10
78589,11
78590,11
78591,11
78594,12
78595,10
78596,10
78597,10
78598,10
78599,10
78600,10
78601,10
78602,10
78603,11
78604,11
78605,11
78606,10
78607,11
78608,10
78609,10
78610,10
78613,11
78614,11
78615,11
78616,10
78617,10
78618,11
78619,11
78620,11
78621,11
78622,10
78623,10
78624,11
78625,11
78626,11
78627,11
78628,11
78629,11
78630,11
78631,11
78634,11
78635,11
78636,11
78637,11
78638,11
78639,11
78640,11
78641,11
78642,11
78643,10
78644,10
78645,10
78646,10
78649,10
78655,10
78656,11
78657,11
78658,11
78659,11
78660,10
78661,11
78662,12
78663,12
78664,12
78665,11
78666,11
78667,11
78668,11
78669,11
78670,11
78671,11
78672,11
78673,11
78674,12
78677,10
78678,10
78679,12
78683,10
78685,11
78686,11
78687,11
78688,11
78689,11
78690,11
78691,11
78692,11
78693,11
78694,11
78695,11
78696,11
78697,11
78698,11
78700,11
78701,11
78703,11
78704,11
78705,11
78706,11
78707,11
78708,10
78709,11
78710,10
78711,10
78712,10
78713,1
78714,1
78715,1
78716,1
78717,11
78718,11
78719,11
78720,10
78721,11
78722,11
78723,10
78724,11
78725,10
78726,12
78727,12
78729,12
78730,10
78731,10
78732,10
78734,10
78735,10
78736,10
78737,10
78738,11
78739,11
78740,11
78741,11
78742,11
78743,11
78744,11
78745,11
78746,11
78747,11
78748,11
78749,11
78750,11
78751,10
78752,3
78753,3
78754,11
78755,11
78756,11
78757,11
78758,11
78759,11
78760,11
78761,11
78762,10
78763,12
78768,10
78769,10
78770,10
78771,10
78772,10
78773,10
78774,10
78775,10
78776,10
78777,10
78778,10
78779,10
78780,10
78781,10
78782,10
78783,10
78784,10
78785,10
78786,10
78787,10
78788,10
78789,10
78790,10
78791,10
78792,10
78793,10
78794,10
78795,10
78796,10
78797,10
78798,10
78799,10
78800,10
78801,10
78802,10
78803,10
78804,10
78805,10
78806,10
78807,10
78808,10
78809,10
78810,10
78811,10
78812,10
78813,10
78814,10
78815,10
78816,10
78817,10
78818,10
78819,10
78820,10
78821,10
78822,10
78824,10
78825,10
78826,10
78827,11
78828,11
78829,10
78831,11
78833,11
78834,11
78835,11
78836,11
78837,11
78838,11
78839,11
78840,10
78841,10
78842,10
78843,10
78844,10
78845,10
78846,11
78847,10
78848,10
78849,10
78850,10
78851,10
78852,10
78853,11
78854,10
78855,10
78856,10
78857,10
78858,10
78859,10
78860,11
78861,10
78863,10
78864,10
78865,10
78866,10
78867,10
78868,10
78869,10
78870,10
78871,10
78874,11
78875,10
78876,10
78877,11
78878,10
78879,11
78880,12
78881,12
78882,10
78883,10
78884,10
78885,10
78886,10
78887,10
78888,10
78889,10
78890,10
78891,10
78892,10
78893,5
78894,5
78895,11
78896,10
78897,11
78898,11
78899,10
78900,11
78901,11
78902,11
78903,10
78904,11
78905,11
78906,10
78911,11
78912,11
78913,10
78915,11
78918,11
78922,1
78928,10
78929,11
78930,11
78931,10
78932,11
78933,11
78934,11
78935,11
78936,11
78937,11
78938,10
78939,11
78940,11
78941,11
78942,11
78943,11
78944,11
78945,11
78946,11
78947,11
78948,11
78949,11
78950,11
78951,11
78952,11
78954,11
78955,10
78956,10
78957,10
78958,10
78959,10
78960,10
78961,10
78962,10
78963,10
78964,10
78965,10
78966,10
78967,10
78968,10
78969,10
78970,10
78971,10
78972,11
78973,10
78974,11
78975,10
78976,10
78977,10
78978,12
78979,12
78980,12
78981,12
78982,12
78983,12
78984,12
78985,12
78986,12
78987,12
78988,12
78989,10
78990,12
78991,12
78992,12
78993,12
78995,11
78996,11
78997,11
78998,11
78999,11
79000,11
79001,10
79002,10
79003,10
79005,11
79006,10
79009,10
79010,10
79011,10
79012,10
79013,10
79014,10
79015,10
79016,10
79017,10
79018,10
79019,10
79020,10
79021,10
79022,11
79023,11
79024,11
79025,11
79026,11
79027,11
79028,11
79029,11
79030,11
79031,10
79032,10
79033,10
79034,10
79035,10
79036,10
79037,10
79038,10
79039,10
79040,10
79041,10
79042,10
79043,10
79044,10
79045,10
79046,10
79047,10
79048,10
79049,10
79050,10
79051,10
79052,10
79053,10
79054,10
79055,10
79056,10
79057,10
79058,10
79059,10
79060,10
79061,10
79062,10
79063,10
79064,10
79065,10
79066,10
79067,10
79068,10
79069,10
79070,10
79071,10
79072,10
79073,10
79074,10
79075,11
79076,11
79081,10
79082,10
79083,11
79084,11
79085,10
79086,11
79087,11
79088,10
79089,11
79104,10
79105,11
79106,11
79107,11
79108,11
79109,11
79110,11
79111,11
79112,11
79113,11
79114,11
79115,11
79116,11
79117,11
79118,11
79119,11
79120,11
79121,11
79122,11
79123,11
79124,11
79125,12
79126,12
79127,12
79128,12
79129,11
79130,12
79131,12
79132,12
79133,12
79134,12
79135,12
79136,12
79137,10
79138,11
79139,11
79140,11
79141,11
79142,10
79143,11
79144,11
79145,11
79146,11
79147,11
79148,11
79149,11
79150,11
79151,11
79152,11
79153,11
79154,11
79155,10
79156,11
79157,11
79158,11
79159,11
79160,11
79161,11
79162,11
79165,11
79166,11
79167,11
79168,11
79169,11
79170,11
79171,11
79172,11
79173,11
79174,11
79175,11
79176,11
79177,11
79178,12
79179,11
79180,11
79181,11
79182,11
79183,11
79184,12
79185,11
79186,12
79187,11
79188,11
79189,12
79190,11
79191,11
79193,11
79194,11
79195,11
79196,11
79197,11
79199,10
79200,12
79201,12
79202,12
79203,12
79204,12
79205,11
79206,11
79207,10
79208,10
79209,10
79210,10
79211,10
79212,11
79213,11
79214,11
79216,11
79217,11
79218,11
79219,11
79220,11
79221,11
79222,11
79223,10
79224,11
79225,11
79226,10
79227,11
79228,11
79230,11
79231,10
79232,11
79233,11
79234,11
79237,11
79238,11
79239,11
79240,11
79241,11
79243,11
79244,11
79245,11
79246,11
79248,10
79249,11
79251,10
79252,10
79253,10
79254,12
79255,11
79256,11
79257,11
79258,11
79259,11
79260,11
79261,11
79262,11
79263,11
79264,11
79265,11
79266,11
79267,11
79268,10
79269,10
79270,10
79271,11
79272,10
79273,10
79274,10
79275,11
79276,11
79277,11
79278,10
79279,11
79280,11
79281,11
79282,11
79283,11
79284,11
79285,11
79286,11
79287,11
79288,11
79289,11
79290,11
79291,11
79292,11
79293,11
79294,11
79295,11
79296,11
79297,11
79299,11
79300,11
79301,11
79302,11
79303,11
79304,11
79305,11
79306,10
79307,11
79308,11
79309,11
79310,11
79311,11
79312,11
79313,11
79314,10
79315,12
79316,12
79317,12
79318,12
79319,12
79320,12
79321,10
79322,12
79323,12
79324,11
79325,11
79327,11
79328,11
79329,11
79330,12
79331,12
79332,10
79333,11
79334,11
79335,11
79336,11
79337,11
79338,11
79339,11
79340,11
79341,11
79342,11
79343,11
79344,11
79345,11
79346,11
79347,11
79349,11
79350,10
79351,11
79352,11
79353,10
79354,11
79355,11
79356,11
79357,11
79359,10
79367,11
79368,11
79369,11
79370,11
79371,11
79372,11
79373,10
79374,10
79375,10
79376,10
79378,10
79379,11
79380,11
79381,11
79382,11
79383,11
79384,10
79385,10
79386,11
79387,10
79389,10
79390,10
79391,10
79392,10
79393,10
79394,10
79395,10
79396,10
79397,10
79398,10
79399,10
79400,10
79401,10
79402,10
79403,10
79404,10
79405,10
79406,10
79407,10
79408,10
79409,10
79410,10
79416,10
79417,10
79418,10
79419,10
79420,10
79421,10
79422,10
79423,10
79424,10
79425,10
79426,10
79427,10
79428,10
79429,10
79430,10
79431,10
79432,5
79433,5
79434,5
79435,5
79436,10
79437,5
79438,5
79439,5
79440,5
79441,10
79443,10
79444,10
79446,10
79447,10
79448,10
79449,10
79450,10
79451,10
79452,10
79453,10
79454,10
79455,10
79456,10
79457,10
79458,10
79459,10
79460,10
79462,12
79464,12
79465,12
79466,12
79467,10
79468,10
79469,11
79470,11
79471,11
79472,10
79473,10
79474,10
79475,11
79476,11
79477,11
79478,11
79479,11
79480,11
79481,11
79488,10
79489,5
79490,10
79491,11
79493,10
79494,10
79496,10
79497,10
79498,10
79499,10
79500,10
79504,11
79505,11
79506,11
79507,11
79508,11
79509,11
79510,11
79511,10
79512,10
79513,10
79514,10
79515,10
79516,10
79517,10
79519,11
79520,10
79521,11
79522,11
79523,11
79524,11
79525,11
79526,11
79527,11
79528,11
79529,11
79530,11
79531,11
79532,11
79537,10
79538,11
79539,11
79540,11
79541,11
79542,11
79543,11
79544,11
79545,11
79546,11
79547,11
79548,11
79549,10
79550,10
79551,10
79552,11
79553,11
79554,11
79555,11
79556,11
79557,11
79558,12
79559,11
79560,11
79561,11
79562,11
79563,11
79564,11
79565,11
79566,11
79567,11
79568,11
79569,11
79570,11
79571,11
79572,11
79573,11
79574,11
79575,12
79576,12
79577,12
79578,12
79579,11
79580,11
79582,10
79583,10
79585,11
79586,11
79596,10
79597,10
79598,10
79599,10
79600,10
79601,10
79602,10
79603,10
79604,10
79605,10
79606,10
79607,10
79608,10
79609,10
79610,10
79611,10
79612,10
79613,10
79616,10
79617,10
79618,10
79619,10
79620,10
79621,10
79622,10
79623,11
79625,11
79627,11
79628,11
79629,11
79630,11
79631,11
79632,10
79633,11
79635,11
79636,11
79640,11
79641,11
79642,11
79643,11
79644,11
79645,11
79646,11
79647,11
79648,11
79649,11
79650,11
79651,11
79652,10
79653,11
79654,11
79655,11
79656,11
79657,11
79658,11
79659,11
79660,11
79661,11
79662,11
79663,11
79664,11
79665,11
79666,10
79667,11
79668,10
79669,11
79670,11
79671,10
79672,10
79673,11
79674,10
79675,10
79676,10
79679,11
79680,11
79681,11
79682,11
79683,11
79684,10
79685,11
79686,11
79690,10
79691,11
79692,11
79693,12
79694,12
79696,11
79697,11
79698,11
79699,11
79701,11
79702,10
79703,11
79706,11
79708,10
79709,10
79710,11
79711,11
79713,11
79714,11
79715,11
79716,11
79717,11
79718,11
79721,11
79722,11
79723,11
79724,11
79725,11
79726,11
79727,11
79728,11
79729,11
79730,11
79732,10
79733,10
79734,10
79735,10
79736,10
79737,10
79738,10
79739,10
79740,10
79741,10
79742,10
79743,10
79744,10
79745,10
79746,10
79747,10
79748,10
79749,10
79750,10
79751,10
79752,10
79753,10
79754,10
79755,10
79756,10
79757,10
79758,10
79759,10
79760,10
79761,10
79762,10
79763,10
79764,10
79765,10
79766,10
79767,10
79768,10
79769,10
79770,10
79771,10
79772,10
79773,10
79774,10
79775,10
79776,10
79777,10
79778,10
79779,10
79780,10
79781,10
79782,10
79783,10
79784,10
79785,10
79786,10
79787,10
79788,10
79789,10
79790,10
79791,10
79792,10
79793,10
79794,10
79795,10
79796,10
79797,10
79798,10
79799,10
79800,10
79801,10
79802,10
79803,10
79804,10
79805,10
79806,10
79807,10
79808,10
79809,10
79810,10
79811,10
79812,10
79813,10
79814,10
79815,10
79816,10
79817,10
79818,10
79819,10
79820,10
79821,10
79822,10
79823,10
79824,10
79825,10
79826,10
79827,10
79828,10
79829,10
79830,10
79831,10
79832,10
79833,10
79834,10
79835,10
79836,10
79837,10
79838,10
79839,10
79840,10
79841,10
79842,10
79843,10
79844,10
79845,10
79846,10
79847,10
79848,10
79849,10
79850,10
79851,10
79852,10
79853,10
79854,10
79855,10
79856,10
79857,10
79858,10
79859,10
79860,10
79861,10
79862,10
79863,10
79864,10
79865,10
79866,10
79867,10
79868,10
79869,10
79870,10
79871,10
79872,10
79873,10
79874,10
79875,10
79876,10
79877,10
79878,10
79879,10
79880,10
79881,10
79882,10
79883,10
79884,10
79885,10
79886,10
79887,10
79888,10
79889,10
79890,10
79891,10
79892,10
79893,10
79894,10
79895,10
79896,10
79897,10
79898,10
79899,10
79900,10
79901,10
79902,10
79903,10
79904,10
79906,11
79907,11
79908,11
79909,11
79910,11
79911,11
79912,11
79913,11
79914,11
79915,11
79916,11
79917,11
79918,11
79919,11
79920,11
79921,11
79922,11
79923,11
79924,11
79925,11
79926,11
79927,11
79928,11
79929,11
79930,11
79931,11
79932,11
79933,11
79934,11
79935,11
79936,11
79937,11
79938,11
79941,11
79943,11
79944,11
79954,11
79955,11
79956,11
79957,11
79958,11
79959,11
79960,11
79962,11
79964,11
79965,12
79966,11
79971,11
79988,10
79989,10
79992,10
79993,11
79994,11
79995,11
79996,11
79997,11
79998,11
79999,11
80000,11
80002,11
80003,11
80004,11
80005,11
80006,11
80009,5
80010,5
80011,11
80012,5
80013,5
80014,10
80015,5
80016,5
80017,5
80018,5
80019,10
80020,10
80021,10
80022,11
80023,11
80049,11
80050,11
80051,11
80058,11
80059,10
80060,10
80061,10
80062,12
80064,10
80065,10
80066,10
80068,11
80069,10
80071,10
80072,10
80073,10
80075,10
80077,10
80079,11
80080,10
80081,11
80082,11
80083,10
80084,10
80085,10
80087,10
80088,10
80089,10
80093,10
80096,11
80099,11
80100,11
80101,11
80102,11
80103,12
80104,12
80105,12
80106,12
80107,12
80108,12
80109,12
80110,12
80111,11
80144,11
80145,11
80146,11
80171,10
80172,10
80175,11
80176,11
80177,11
80178,11
80179,11
80183,12
80184,12
80185,12
80186,12
80187,12
80188,12
80189,12
80190,12
80192,11
80193,11
80194,11
80195,11
80196,11
80197,11
80198,10
80199,10
80201,10
80202,11
80203,11
80204,11
80205,11
80206,11
80207,11
80208,11
80209,11
80210,11
80211,11
80212,11
80213,11
80214,11
80215,11
80216,11
80217,11
80218,11
80219,11
80220,11
80221,11
80222,11
80223,11
80224,11
80225,11
80226,11
80227,11
80228,11
80229,11
80230,11
80231,11
80232,11
80233,11
80234,11
80235,11
80236,11
80237,11
80238,11
80239,11
80240,11
80242,11
80243,11
80244,11
80245,11
80246,11
80247,11
80248,11
80249,11
80250,11
80251,11
80252,11
80253,11
80254,11
80255,11
80256,11
80257,11
80258,11
80259,11
80260,11
80261,11
80262,10
80263,10
80264,10
80265,11
80266,11
80267,11
80268,11
80269,11
80270,11
80271,11
80272,11
80273,11
80274,11
80275,11
80276,11
80277,11
80278,11
80279,11
80280,11
80281,11
80282,11
80283,11
80284,11
80285,11
80286,11
80287,11
80288,11
80289,11
80290,11
80291,11
80292,11
80293,11
80294,11
80295,11
80302,11
80310,5
80311,5
80312,11
80313,11
80314,11
80315,11
80316,11
80317,11
80318,10
80319,10
80320,10
80321,11
80323,11
80326,11
80327,11
80328,11
80329,11
80330,11
80331,11
80332,11
80333,11
80334,11
80335,10
80337,11
80338,11
80339,11
80340,11
80341,11
80342,11
80343,11
80344,11
80345,11
80346,11
80347,11
80348,11
80349,5
80350,11
80351,11
80352,11
80353,11
80354,11
80355,5
80356,11
80357,5
80358,5
80359,11
80360,11
80361,11
80362,5
80363,11
80364,11
80365,11
80366,11
80367,11
80368,11
80369,11
80370,11
80371,11
80372,11
80373,11
80374,11
80375,11
80376,11
80377,11
80378,11
80379,10
80380,11
80381,10
80382,11
80384,12
80385,10
80386,10
80388,10
80389,10
80390,10
80392,11
80394,11
80395,11
80397,11
80399,11
80400,11
80401,11
80402,11
80403,11
80404,11
80405,11
80406,11
80407,11
80408,11
80409,11
80412,11
80413,11
80414,11
80415,11
80416,11
80419,11
80420,11
80426,10
80427,10
80429,11
80430,10
80431,10
80433,10
80434,11
80436,10
80438,10
80439,11
80441,5
80442,10
80443,10
80444,10
80445,10
80446,5
80447,5
80448,5
80450,10
80451,5
80452,11
80456,11
80457,11
80458,10
80459,10
80460,10
80461,10
80462,10
80463,10
80464,10
80465,10
80466,10
80467,10
80468,10
80469,10
80470,10
80471,10
80472,10
80473,10
80474,10
80475,10
80476,10
80477,10
80478,10
80479,10
80480,10
80481,10
80482,10
80483,10
80485,11
80486,11
80487,11
80488,11
80489,11
80490,11
80491,11
80492,11
80493,11
80495,11
80496,11
80500,1
80502,11
80503,10
80504,10
80505,11
80506,11
80507,11
80508,11
80509,11
80510,11
80511,11
80512,11
80513,11
80514,11
80515,11
80516,11
80517,11
80527,11
80528,11
80529,11
80530,11
80531,11
80532,11
80533,11
80534,11
80535,11
80536,11
80537,11
80538,11
80539,11
80540,10
80541,11
80542,10
80543,10
80544,11
80545,11
80546,11
80547,11
80548,11
80549,11
80550,11
80551,11
80552,11
80553,11
80554,11
80555,11
80556,11
80557,11
80558,11
80559,11
80560,11
80561,11
80562,11
80563,11
80564,11
80565,11
80566,11
80567,11
80568,11
80569,11
80570,11
80571,11
80572,11
80573,11
80574,11
80575,11
80576,11
80577,11
80578,11
80579,11
80580,11
80581,11
80582,11
80583,11
80584,11
80585,11
80586,11
80587,11
80588,11
80589,11
80590,11
80591,11
80592,11
80593,11
80595,11
80596,11
80597,11
80598,11
80599,11
80600,11
80601,11
80602,11
80603,11
80604,11
80605,11
80606,11
80607,11
80608,11
80609,11
80610,11
80611,11
80612,11
80613,11
80614,11
80615,11
80616,11
80617,11
80618,11
80619,11
80620,11
80621,11
80622,11
80623,11
80624,11
80625,11
80626,11
80627,11
80628,11
80629,11
80630,11
80631,11
80632,11
80633,11
80634,11
80635,11
80636,11
80637,11
80638,11
80639,11
80640,11
80641,11
80642,11
80643,11
80644,11
80645,11
80646,11
80647,11
80648,11
80649,11
80650,11
80651,11
80652,11
80653,11
80654,11
80655,11
80656,11
80657,11
80658,11
80659,11
80660,11
80661,11
80662,11
80663,11
80664,11
80665,11
80666,11
80667,11
80668,11
80669,11
80670,11
80671,11
80672,11
80673,11
80674,11
80675,11
80676,11
80677,11
80678,11
80679,11
80680,11
80681,11
80682,11
80683,11
80684,12
80685,12
80686,11
80687,11
80688,11
80689,11
80690,11
80691,11
80692,11
80693,11
80694,11
80695,11
80696,11
80697,11
80698,11
80699,11
80700,11
80701,11
80702,11
80703,11
80704,11
80705,11
80706,11
80707,11
80708,11
80709,11
80710,11
80711,11
80712,11
80713,11
80714,11
80715,11
80716,11
80717,11
80718,11
80719,11
80720,11
80721,11
80722,11
80723,11
80724,11
80725,11
80726,11
80727,11
80728,11
80729,11
80730,11
80731,11
80732,11
80733,11
80734,11
80735,11
80736,11
80737,11
80738,11
80739,11
80740,11
80741,11
80742,11
80743,11
80744,11
80745,11
80746,11
80747,11
80748,11
80749,11
80750,11
80751,11
80752,11
80753,11
80754,11
80755,11
80756,11
80757,11
80758,11
80759,11
80760,11
80761,11
80762,11
80763,11
80764,11
80765,11
80766,11
80767,11
80768,11
80769,11
80770,11
80771,11
80772,11
80773,11
80774,11
80775,11
80776,11
80777,11
80778,11
80779,11
80780,11
80781,11
80782,11
80783,11
80784,11
80785,11
80786,11
80787,11
80788,11
80789,11
80790,11
80791,11
80792,11
80793,11
80794,11
80795,11
80796,11
80797,11
80798,11
80799,11
80800,11
80801,11
80802,11
80803,11
80804,11
80805,11
80806,11
80807,11
80808,11
80809,11
80810,11
80811,11
80812,11
80813,11
80814,11
80815,11
80816,11
80817,11
80818,11
80819,11
80820,11
80821,11
80822,11
80823,11
80824,11
80825,11
80826,11
80827,11
80828,11
80829,11
80830,11
80831,11
80832,11
80833,11
80834,11
80835,11
80836,11
80837,11
80838,11
80839,11
80840,11
80841,11
80842,11
80843,11
80844,11
80845,11
80846,11
80847,11
80848,11
80849,11
80850,11
80851,11
80852,11
80853,11
80854,11
80855,11
80856,11
80857,11
80858,11
80859,11
80860,11
80861,11
80862,11
80863,11
80864,11
80865,11
80866,11
80867,11
80868,11
80869,11
80870,11
80871,11
80872,11
80873,11
80874,11
80875,11
80876,11
80877,11
80878,11
80879,11
80880,11
80881,11
80882,11
80883,11
80884,11
80885,11
80886,11
80887,11
80888,11
80889,11
80890,11
80891,11
80892,11
80893,11
80894,11
80895,11
80896,11
80897,11
80898,11
80899,11
80900,11
80901,11
80902,11
80903,11
80904,11
80905,11
80906,11
80907,11
80908,11
80909,11
80910,11
80911,11
80912,11
80913,11
80914,11
80915,11
80916,11
80917,11
80918,11
80919,11
80920,11
80921,11
80922,11
80923,11
80924,11
80925,11
80926,11
80927,11
80928,11
80929,11
80930,11
80931,11
80932,11
80933,11
80934,11
80935,11
80936,11
80937,11
80938,11
80939,11
80940,11
80941,11
80942,11
80943,11
80944,11
80945,11
80946,11
80947,11
80948,11
80949,11
80950,11
80951,11
80952,11
80953,11
80954,11
80955,11
80956,11
80957,11
80958,11
80959,11
80960,11
80961,11
80962,11
80963,11
80964,11
80965,11
80966,11
80967,11
80968,11
80969,11
80970,11
80971,11
80972,11
80973,11
80974,11
80975,11
80976,11
80977,11
80978,11
80979,11
80980,11
80981,11
80982,11
80983,11
80984,11
80985,11
80986,11
80987,11
80988,11
80989,11
80990,11
80991,11
80992,11
80993,11
80994,11
80995,11
80996,11
80997,11
80998,11
80999,11
81000,11
81001,11
81002,11
81003,11
81004,11
81005,11
81006,11
81007,11
81008,11
81009,11
81010,11
81011,11
81012,11
81013,11
81014,11
81015,11
81016,11
81017,11
81018,11
81019,11
81020,11
81021,11
81022,11
81023,11
81024,11
81025,11
81026,11
81027,11
81028,11
81029,11
81030,11
81031,11
81032,11
81033,11
81034,11
81035,11
81036,11
81037,11
81038,11
81039,11
81040,11
81041,11
81042,11
81043,11
81044,11
81045,11
81046,11
81047,11
81048,11
81049,11
81050,11
81051,11
81052,11
81053,11
81054,11
81055,11
81056,11
81057,11
81058,11
81059,11
81060,11
81061,11
81062,11
81063,11
81064,11
81065,11
81066,11
81067,11
81068,11
81069,11
81070,11
81071,11
81072,11
81073,11
81074,11
81075,11
81076,11
81077,11
81078,11
81079,11
81080,11
81081,11
81082,11
81083,11
81084,11
81085,11
81086,11
81087,11
81088,11
81089,11
81090,11
81091,11
81092,11
81093,11
81094,11
81095,11
81096,11
81097,11
81098,11
81099,11
81100,11
81101,11
81102,11
81103,11
81104,11
81105,11
81106,11
81107,11
81108,11
81109,11
81110,11
81111,11
81112,11
81113,11
81114,11
81115,11
81116,11
81117,11
81118,11
81119,11
81120,11
81121,11
81122,11
81123,11
81124,11
81125,11
81126,11
81127,11
81128,11
81129,11
81130,11
81131,11
81132,11
81133,11
81134,11
81135,11
81136,11
81137,11
81138,11
81139,11
81140,11
81141,11
81142,11
81143,11
81144,11
81145,11
81146,11
81147,11
81148,11
81149,11
81150,11
81151,11
81152,11
81153,11
81154,11
81155,11
81156,11
81157,11
81158,11
81159,11
81160,11
81161,11
81162,11
81163,11
81164,11
81165,11
81166,11
81167,11
81168,11
81169,11
81170,11
81171,11
81172,11
81173,11
81174,11
81175,11
81176,11
81177,11
81178,11
81179,11
81180,11
81181,11
81182,11
81183,11
81184,11
81185,11
81186,11
81187,11
81188,11
81189,11
81190,11
81191,11
81192,11
81193,11
81194,11
81195,11
81196,11
81197,11
81198,11
81199,11
81200,11
81201,11
81202,11
81203,11
81204,11
81205,11
81206,11
81207,11
81208,11
81209,11
81210,11
81211,11
81212,11
81213,11
81214,11
81215,11
81216,11
81217,11
81218,11
81219,11
81220,11
81221,11
81222,11
81223,11
81224,11
81225,11
81226,11
81227,11
81228,11
81229,11
81230,11
81231,11
81232,11
81233,11
81234,11
81235,11
81236,11
81237,11
81238,11
81239,11
81240,11
81241,11
81242,11
81243,11
81244,11
81245,11
81246,11
81247,11
81248,11
81249,11
81250,11
81251,11
81252,11
81253,11
81254,11
81255,11
81256,11
81257,11
81258,11
81259,11
81260,11
81261,11
81262,11
81263,11
81264,11
81265,11
81266,11
81267,11
81268,11
81269,11
81270,11
81271,11
81272,11
81273,11
81274,11
81275,11
81276,11
81277,11
81278,11
81279,11
81280,11
81281,11
81282,11
81283,11
81284,11
81285,11
81286,11
81287,11
81288,11
81289,11
81290,11
81291,11
81292,11
81293,11
81294,11
81295,11
81296,11
81297,11
81298,11
81299,11
81300,11
81301,11
81302,11
81303,11
81304,11
81305,11
81306,11
81307,11
81308,11
81309,11
81310,11
81311,11
81312,11
81313,11
81314,11
81315,11
81316,11
81317,11
81318,11
81319,11
81320,11
81321,11
81322,11
81323,11
81324,11
81325,11
81326,11
81327,11
81328,11
81329,11
81330,11
81331,11
81332,11
81333,11
81334,11
81335,11
81336,11
81337,11
81338,11
81339,11
81340,11
81341,11
81342,11
81343,11
81344,11
81345,11
81346,11
81347,11
81348,11
81349,11
81350,11
81351,11
81352,11
81353,11
81354,11
81355,11
81356,11
81357,11
81358,11
81359,11
81360,11
81361,11
81362,11
81363,11
81364,11
81365,11
81366,11
81367,11
81368,11
81369,11
81370,11
81371,11
81372,11
81373,11
81374,11
81375,11
81376,11
81377,11
81378,11
81379,11
81380,11
81381,11
81382,11
81383,11
81384,11
81385,11
81386,11
81387,11
81388,11
81389,11
81390,11
81391,11
81392,11
81393,11
81394,11
81395,11
81396,11
81397,11
81398,11
81399,11
81400,11
81401,11
81402,11
81403,11
81404,11
81405,11
81406,11
81407,11
81408,11
81409,11
81410,11
81411,11
81412,11
81413,11
81414,11
81415,11
81416,11
81417,11
81418,11
81419,11
81420,11
81421,11
81422,11
81423,11
81424,11
81425,11
81426,11
81427,11
81428,11
81429,11
81430,11
81431,11
81432,11
81433,11
81434,11
81435,11
81436,11
81437,11
81438,11
81439,11
81440,11
81441,11
81442,11
81443,11
81444,11
81445,11
81446,11
81447,11
81448,11
81449,11
81450,11
81451,11
81452,11
81453,11
81454,11
81455,11
81456,11
81457,11
81458,11
81459,11
81460,11
81461,11
81462,11
81463,11
81464,11
81465,11
81466,11
81467,11
81468,11
81469,1
81470,11
81471,11
81472,11
81473,11
81474,11
81475,11
81476,11
81477,11
81478,11
81479,11
81480,11
81481,11
81482,11
81483,11
81484,11
81485,11
81486,11
81487,11
81488,11
81489,11
81490,11
81491,11
81492,11
81493,11
81494,11
81495,11
81496,11
81497,11
81498,11
81499,11
81500,11
81501,11
81502,11
81503,11
81504,11
81505,11
81506,11
81507,11
81508,11
81509,11
81510,11
81511,11
81512,11
81513,11
81514,11
81515,11
81516,11
81517,11
81518,11
81519,11
81520,11
81521,11
81522,11
81523,11
81524,11
81525,11
81526,11
81527,11
81528,11
81529,11
81530,11
81531,11
81532,11
81533,11
81534,11
81535,11
81536,11
81537,11
81538,11
81539,11
81540,11
81541,11
81542,11
81543,11
81544,11
81545,11
81546,11
81547,11
81548,11
81549,11
81550,11
81551,11
81552,11
81553,11
81554,11
81555,11
81556,11
81557,11
81558,11
81559,11
81560,12
81561,12
81562,12
81563,11
81564,12
81565,11
81566,11
81567,11
81568,11
81569,11
81571,11
81572,11
81574,11
81575,10
81576,10
81577,10
81578,10
81579,10
81580,10
81581,10
81582,10
81583,10
81584,10
81585,10
81587,5
81593,11
81594,11
81595,11
81596,11
81597,11
81598,11
81599,11
81600,11
81601,11
81602,11
81603,12
81604,12
81605,12
81606,12
81607,12
81608,11
81609,12
81610,12
81612,11
81613,11
81614,11
81615,11
81616,11
81617,11
81618,11
81619,11
81620,11
81621,11
81622,11
81623,11
81624,11
81625,11
81626,11
81627,11
81628,11
81629,11
81630,11
81631,11
81632,11
81633,11
81634,11
81635,11
81636,11
81637,11
81638,5
81639,11
81640,11
81647,11
81648,11
81649,11
81650,11
81651,11
81652,11
81653,11
81654,10
81655,11
81656,11
81657,10
81658,10
81659,10
81660,10
81661,11
81662,10
81663,10
81664,10
81665,10
81666,10
81667,11
81668,11
81669,11
81670,11
81671,11
81672,11
81673,11
81674,11
81675,11
81676,10
81677,10
81678,10
81679,10
81680,10
81681,10
81683,11
81684,11
81685,11
81686,11
81687,11
81688,11
81689,11
81690,11
81691,11
81692,11
81693,11
81694,11
81695,11
81696,12
81698,11
81699,12
81700,11
81701,11
81702,12
81703,12
81704,11
81705,11
81706,11
81707,11
81710,11
81711,11
81712,11
81713,11
81714,12
81715,12
81717,12
81718,12
81719,12
81720,12
81721,12
81722,12
81723,12
81724,12
81725,12
81726,12
81748,11
81750,11
81751,11
81756,11
81760,11
81761,11
81763,11
81767,11
81791,11
81793,11
81794,11
81795,11
81796,11
81797,11
81798,11
81799,11
81800,11
81802,11
81803,11
81804,11
81805,11
81806,11
81807,11
81808,11
81809,11
81810,11
81811,11
81812,11
81813,11
81814,11
81815,11
81816,11
81818,11
81819,11
81821,11
81822,11
81823,11
81824,11
81825,11
81827,11
81828,11
81829,11
81831,11
81836,11
81840,11
81841,11
81842,11
81843,11
81844,11
81845,11
81846,11
81847,11
81848,11
81849,11
81853,11
81854,11
81862,11
81869,11
81880,11
81881,12
81882,12
81886,12
81887,12
81888,12
81889,12
81890,11
81891,11
81892,11
81893,11
81894,11
81895,11
81896,11
81897,11
81898,11
81899,11
81901,11
81902,11
81903,11
81904,11
81905,11
81906,11
81907,11
81908,11
81909,11
81910,11
81912,11
81913,11
81914,11
81915,11
81918,11
81920,11
81921,11
81922,11
81923,11
81925,11
81926,11
81927,11
81928,11
81929,11
81930,1
81945,11
81946,11
81950,11
81957,10
81958,10
81959,11
81962,11
81963,11
81964,11
81965,11
81966,11
81969,11
81971,11
81972,11
81976,11
81978,11
81981,11
81984,11
81985,11
81988,11
81989,11
81990,11
81991,10
81992,10
81993,10
81994,10
81995,10
81996,10
81997,10
81998,10
81999,11
82000,10
82005,11
82006,11
82007,11
82012,11
82024,11
82025,11
82026,11
82027,10
82031,10
82033,11
82034,11
82035,11
82036,11
82037,11
82038,11
82039,11
82041,11
82042,11
82045,11
82046,11
82047,11
82048,11
82049,11
82050,11
82051,11
82052,11
82053,11
82054,11
82059,11
82061,11
82063,11
82064,11
82065,11
82066,11
82067,11
82069,11
82077,11
82078,11
82079,12
82080,12
82082,12
82085,12
82087,12
82088,11
82105,12
82109,12
82116,11
82117,11
82120,11
82121,11
82122,11
82123,11
82124,11
82125,11
82126,11
82127,11
82130,11
82131,11
82133,11
82134,11
82136,10
82137,10
82138,10
82139,10
82140,10
82141,11
82142,11
82143,11
82144,11
82145,11
82146,11
82147,11
82148,11
82149,11
82150,11
82151,11
82152,11
82153,11
82154,11
82155,11
82156,11
82157,11
82158,11
82159,11
82160,11
82161,11
82162,10
82163,11
82164,11
82165,11
82166,11
82167,11
82168,11
82169,11
82170,11
82171,11
82172,11
82173,11
82174,11
82175,11
82176,11
82177,11
82178,11
82179,11
82180,11
82181,11
82182,11
82183,11
82184,11
82185,11
82186,11
82187,11
82188,11
82189,11
82190,11
82191,11
82192,11
82193,11
82194,11
82195,11
82196,11
82197,11
82198,10
82199,11
82200,11
82201,11
82202,11
82203,11
82204,11
82205,11
82206,11
82207,11
82212,11
82213,11
82214,11
82215,11
82216,11
82217,11
82218,11
82219,11
82220,11
82221,11
82222,11
82223,11
82224,11
82225,11
82226,11
82227,11
82228,10
82229,10
82230,11
82231,10
82232,10
82233,10
82234,11
82235,11
82236,11
82237,11
82238,11
82239,11
82244,11
82245,11
82246,11
82247,10
82248,11
82249,11
82250,10
82251,11
82252,11
82253,11
82254,11
82255,11
82256,11
82257,11
82258,11
82259,11
82260,11
82261,10
82263,11
82266,11
82267,10
82268,11
82269,10
82270,10
82284,11
82285,11
82286,11
82287,11
82288,11
82289,11
82290,11
82291,11
82292,11
82293,11
82294,11
82295,11
82296,11
82297,11
82298,11
82300,11
82317,11
82318,10
82319,10
82320,10
82321,11
82324,11
82325,11
82326,11
82331,11
82332,11
82333,11
82334,11
82335,11
82336,11
82337,10
82338,11
82339,11
82340,11
82341,11
82342,11
82343,10
82344,11
82345,11
82346,11
82347,11
82348,11
82349,11
82350,11
82351,11
82352,11
82353,10
82355,11
82356,11
82357,11
82358,11
82359,11
82360,11
82361,11
82362,11
82363,11
82364,11
82365,11
82366,11
82367,11
82368,11
82369,11
82370,11
82371,11
82372,11
82373,11
82374,11
82375,11
82376,11
82377,11
82378,11
82379,11
82380,11
82381,11
82382,11
82383,11
82384,11
82385,11
82386,11
82387,11
82388,11
82389,11
82390,11
82391,11
82392,11
82393,11
82394,11
82395,11
82396,11
82397,11
82398,11
82399,11
82400,11
82401,11
82402,11
82403,11
82404,11
82405,11
82406,11
82407,11
82408,11
82409,10
82410,10
82411,10
82412,10
82413,10
82414,11
82415,10
82416,11
82417,11
82418,11
82419,11
82420,10
82421,11
82422,10
82423,10
82424,11
82425,10
82426,10
82427,10
82428,10
82429,11
82430,10
82431,11
82432,11
82433,11
82434,11
82435,11
82436,11
82437,11
82438,10
82439,11
82440,11
82441,11
82442,11
82443,11
82444,11
82445,11
82446,11
82447,11
82448,11
82449,11
82451,11
82452,11
82453,11
82454,11
82455,11
82456,11
82458,11
82459,11
82460,11
82461,11
82462,11
82463,11
82464,11
82465,11
82466,11
82467,11
82468,11
82469,11
82470,11
82471,11
82472,11
82473,11
82474,11
82477,11
82478,11
82479,11
82480,11
82481,11
82482,11
82483,11
82484,11
82485,11
82486,11
82487,11
82488,11
82489,11
82490,11
82491,11
82492,11
82493,11
82494,11
82495,11
82496,11
82497,11
82498,11
82499,11
82500,11
82501,11
82502,11
82503,11
82504,11
82505,11
82506,11
82507,11
82508,11
82509,11
82510,11
82511,11
82512,11
82513,11
82514,11
82515,11
82516,11
82517,11
82518,11
82519,11
82520,11
82521,11
82522,11
82523,11
82524,11
82525,11
82526,11
82527,11
82528,11
82529,11
82530,11
82531,11
82533,11
82534,11
82535,11
82536,11
82537,11
82538,11
82539,10
82540,10
82541,11
82542,12
82543,10
82544,12
82550,12
82552,12
82555,12
82557,11
82558,11
82559,11
82560,11
82561,11
82562,11
82563,11
82564,11
82565,11
82566,11
82568,12
82571,11
82572,11
82575,12
82578,12
82580,11
82581,11
82582,11
82583,11
82584,11
82585,11
82586,11
82589,12
82594,12
82596,11
82598,12
82601,12
82606,12
82613,12
82614,11
82615,11
82616,11
82617,11
82622,12
82623,12
82626,11
82627,11
82628,11
82629,11
82630,11
82631,11
82632,11
82633,11
82634,11
82635,11
82636,11
82637,11
82638,11
82639,11
82640,11
82641,11
82642,11
82643,11
82644,11
82645,11
82646,11
82647,11
82648,11
82649,11
82650,11
82651,11
82652,11
82653,11
82658,11
82659,11
82671,11
82672,12
82673,11
82674,11
82675,10
82676,10
82677,11
82678,11
82679,11
82680,11
82681,11
82682,11
82683,11
82684,11
82685,11
82686,11
82687,11
82688,11
82689,10
82690,11
82691,11
82692,11
82693,11
82694,11
82695,11
82696,11
82697,11
82698,11
82699,11
82700,11
82701,11
82702,11
82703,11
82704,11
82705,11
82706,11
82707,11
82708,11
82709,11
82710,11
82711,11
82712,11
82713,11
82714,11
82715,11
82716,11
82717,11
82718,11
82719,11
82720,11
82721,11
82722,11
82723,11
82724,11
82725,11
82726,11
82727,11
82728,11
82729,11
82730,11
82731,11
82732,11
82733,11
82734,11
82735,11
82736,11
82737,11
82738,11
82739,1
82740,1
82741,10
82744,11
82745,11
82746,11
82747,11
82748,11
82749,11
82750,11
82751,11
82752,11
82753,11
82754,11
82755,11
82756,11
82757,11
82758,11
82759,11
82760,11
82761,11
82762,10
82763,11
82764,11
82765,11
82766,11
82767,11
82768,11
82769,11
82770,12
82771,12
82772,11
82773,11
82774,11
82775,11
82776,11
82777,11
82778,11
82779,11
82781,11
82782,11
82783,12
82784,11
82785,11
82786,11
82787,11
82788,11
82789,11
82790,11
82791,11
82792,11
82796,11
82797,11
82798,11
82799,11
82800,11
82801,11
82809,12
82810,11
82811,11
82812,11
82813,11
82814,11
82815,11
82817,1
82818,11
82819,11
82820,1
82821,1
82822,1
82823,1
82824,1
82825,11
82826,11
82827,11
82828,11
82829,11
82830,11
82831,11
82832,11
82833,10
82834,10
82835,11
82836,11
82837,11
82838,11
82839,11
82840,11
82841,11
82842,10
82843,11
82844,11
82845,11
82846,11
82847,11
82848,11
82849,11
82852,11
82854,11
82855,11
82856,11
82857,11
82858,11
82859,11
82860,11
82861,11
82862,11
82863,11
82864,11
82865,11
82866,11
82867,11
82868,11
82869,11
82870,11
82871,11
82872,11
82873,11
82874,11
82875,11
82876,11
82877,11
82878,11
82879,11
82880,11
82881,11
82882,11
82883,11
82884,11
82885,11
82886,11
82887,11
82888,11
82889,11
82890,11
82891,11
82892,11
82893,11
82894,11
82895,11
82896,11
82897,11
82898,11
82899,11
82900,11
82901,11
82902,11
82903,11
82904,11
82905,11
82906,11
82907,11
82908,11
82909,11
82910,11
82911,11
82912,11
82913,11
82914,11
82915,11
82916,11
82917,11
82918,11
82919,11
82920,11
82921,11
82922,11
82923,11
82924,11
82925,11
82926,11
82927,11
82928,11
82929,11
82930,11
82931,11
82932,11
82933,11
82934,11
82935,11
82936,11
82937,11
82938,11
82939,11
82940,11
82941,11
82942,11
82943,11
82944,11
82945,11
82946,11
82947,11
82952,11
82953,11
82954,11
82955,11
82956,11
82957,11
82958,11
82959,11
82960,11
82961,11
82962,11
82963,11
82964,11
82965,11
82966,11
82967,11
82968,11
82969,11
82970,5
82971,5
82972,5
82973,5
82974,5
82975,5
82976,5
82977,5
82978,5
82979,5
82980,5
82990,11
82991,11
82992,11
82993,11
82994,11
82995,11
82996,11
82997,11
82998,11
82999,10
83000,10
83001,10
83002,10
83003,10
83004,10
83005,10
83006,10
83007,10
83008,10
83009,10
83010,10
83011,10
83012,10
83013,10
83014,10
83015,10
83016,10
83017,10
83018,10
83019,10
83020,10
83023,11
83024,11
83025,11
83028,11
83029,11
83030,11
83031,11
83032,11
83033,11
83034,11
83035,11
83036,11
83037,11
83038,11
83039,11
83040,11
83041,11
83042,11
83043,11
83044,11
83045,11
83046,11
83047,11
83048,11
83049,11
83050,11
83051,11
83052,11
83053,11
83054,11
83055,11
83056,11
83057,11
83058,11
83059,11
83060,11
83061,11
83062,11
83063,11
83064,11
83065,11
83066,11
83067,11
83068,11
83069,11
83070,11
83071,5
83072,5
83073,5
83074,5
83075,5
83076,5
83077,5
83079,11
83080,11
83081,11
83082,11
83083,11
83084,11
83085,11
83086,11
83087,11
83088,11
83089,11
83090,11
83091,11
83092,11
83093,11
83094,11
83095,11
83096,11
83097,11
83098,11
83099,11
83100,11
83101,11
83102,11
83103,11
83104,11
83105,11
83106,11
83107,11
83108,11
83109,11
83110,11
83111,11
83112,11
83113,11
83114,11
83115,11
83116,11
83117,11
83118,11
83119,11
83120,11
83121,11
83122,11
83123,11
83124,11
83125,11
83126,11
83127,11
83128,11
83129,11
83130,11
83131,11
83132,11
83133,11
83134,10
83135,11
83136,11
83137,11
83138,11
83139,11
83140,11
83141,11
83142,11
83143,11
83144,11
83145,11
83146,11
83147,11
83148,11
83149,11
83150,11
83151,11
83152,11
83153,11
83154,11
83155,11
83156,11
83157,11
83158,11
83159,11
83160,11
83161,11
83162,11
83163,11
83164,11
83165,11
83166,11
83167,11
83168,11
83169,11
83170,11
83171,11
83172,11
83173,11
83174,11
83175,11
83176,11
83177,11
83178,11
83180,11
83181,11
83182,11
83193,11
83194,11
83195,11
83196,11
83197,11
83198,11
83199,11
83200,11
83201,11
83202,11
83203,11
83204,11
83205,11
83206,11
83207,11
83208,11
83209,11
83210,11
83211,11
83212,11
83213,11
83214,11
83215,11
83216,11
83217,11
83218,11
83219,11
83220,11
83221,11
83222,11
83223,11
83224,11
83225,11
83226,11
83227,11
83228,11
83229,11
83230,11
83231,11
83232,11
83233,11
83234,11
83235,11
83236,11
83237,11
83238,11
83239,11
83240,11
83242,11
83243,11
83244,11
83245,11
83246,11
83247,11
83249,11
83250,11
83251,11
83252,11
83253,11
83254,11
83255,11
83256,11
83257,11
83258,11
83259,11
83260,11
83261,11
83262,11
83263,11
83264,11
83265,11
83266,11
83267,11
83268,11
83269,11
83270,11
83271,11
83272,11
83273,11
83274,11
83275,11
83276,11
83277,11
83278,11
83279,11
83280,11
83281,11
83282,11
83283,11
83284,11
83285,12
83286,11
83287,11
83288,11
83289,11
83290,11
83291,11
83292,11
83293,11
83294,11
83295,11
83296,11
83297,11
83298,11
83299,11
83300,11
83301,11
83302,11
83303,11
83304,11
83305,11
83306,11
83308,11
83309,11
83310,11
83311,11
83312,11
83313,11
83314,11
83315,11
83317,11
83318,11
83319,11
83320,11
83321,11
83322,11
83323,11
83324,11
83325,11
83326,11
83327,11
83328,12
83329,11
83330,11
83331,11
83333,11
83334,11
83335,11
83336,11
83337,11
83338,11
83339,11
83340,11
83341,11
83342,11
83343,11
83345,11
83347,11
83357,11
83358,11
83359,11
83360,11
83362,11
83363,11
83364,11
83365,11
83366,11
83367,11
83368,11
83369,11
83370,11
83371,11
83372,11
83373,11
83374,11
83378,11
83380,11
83381,11
83398,11
83399,11
83400,11
83401,11
83402,11
83403,11
83404,11
83405,11
83406,11
83407,11
83408,11
83409,11
83410,11
83411,11
83412,11
83413,11
83414,11
83415,11
83416,11
83417,11
83418,11
83419,11
83420,11
83421,11
83432,11
83436,11
83438,11
83439,11
83440,11
83441,11
83442,11
83443,11
83445,11
83446,11
83447,11
83450,11
83451,11
83452,11
83453,11
83454,11
83455,11
83456,11
83457,11
83458,11
83459,11
83460,11
83461,11
83462,11
83463,11
83464,11
83465,11
83466,11
83467,11
83468,11
83469,11
83475,11
83478,11
83479,11
83480,11
83481,11
83482,11
83483,11
83484,11
83485,11
83486,11
83487,11
83488,11
83489,11
83492,12
83493,12
83494,12
83495,12
83496,12
83497,11
83498,11
83499,11
83500,11
83501,11
83502,11
83503,11
83504,11
83505,11
83506,11
83507,11
83508,11
83509,11
83510,11
83511,11
83512,11
83513,11
83514,11
83515,11
83517,11
83518,11
83519,11
83520,11
83521,11
83522,11
83523,11
83524,11
83525,11
83526,11
83527,11
83528,11
83529,11
83530,11
83531,11
83532,11
83533,11
83534,11
83535,11
83536,11
83537,11
83538,11
83539,11
83540,11
83541,11
83542,11
83543,11
83544,11
83545,11
83546,11
83547,12
83548,11
83549,11
83550,11
83551,11
83552,11
83553,11
83554,11
83555,11
83556,11
83557,11
83558,11
83559,11
83560,11
83561,11
83562,11
83563,11
83564,11
83565,11
83566,11
83567,11
83568,11
83569,11
83571,11
83572,11
83575,11
83576,11
83577,11
83578,11
83579,11
83580,11
83581,11
83582,11
83583,11
83584,11
83585,11
83586,11
83587,11
83588,11
83589,11
83590,11
83591,11
83592,11
83593,11
83594,11
83595,11
83596,11
83597,11
83598,11
83599,11
83600,11
83601,11
83602,11
83603,11
83604,11
83605,11
83606,11
83607,11
83608,11
83609,11
83610,11
83611,11
83612,11
83613,11
83614,11
83616,11
83620,11
83621,11
83622,11
83623,11
83624,11
83625,11
83626,11
83627,11
83628,11
83629,11
83632,11
83639,11
83640,11
83641,11
83642,11
83643,11
83647,11
83649,11
83650,11
83651,11
83652,11
83653,11
83654,11
83655,11
83656,11
83657,11
83658,11
83659,11
83660,11
83661,11
83662,11
83663,11
83664,11
83665,11
83666,11
83667,11
83668,11
83669,11
83670,11
83671,11
83672,11
83673,11
83674,11
83675,11
83676,11
83677,11
83678,11
83679,11
83680,11
83681,11
83682,11
83683,11
83684,11
83685,11
83686,11
83687,11
83688,11
83689,11
83690,11
83691,11
83692,11
83693,11
83694,11
83695,11
83696,11
83697,11
83698,11
83700,11
83701,11
83702,11
83703,11
83704,11
83705,11
83711,11
83712,11
83715,11
83716,11
83718,11
83719,11
83720,11
83721,11
83722,11
83723,11
83724,11
83725,11
83726,11
83727,11
83728,11
83729,11
83730,11
83731,11
83732,11
83733,12
83734,11
83735,11
83736,11
83737,12
83738,11
83739,11
83740,11
83741,11
83742,11
83743,11
83744,11
83745,11
83746,11
83747,11
83748,11
83749,11
83750,11
83752,11
83753,11
83755,11
83758,11
83759,11
83761,11
83762,11
83763,11
83764,11
83765,11
83766,11
83767,11
83768,11
83769,11
83770,11
83771,11
83772,11
83773,11
83774,11
83775,5
83776,5
83777,5
83778,11
83779,11
83780,11
83781,11
83782,11
83783,11
83784,11
83785,11
83786,11
83787,11
83788,11
83789,11
83790,5
83791,5
83792,11
83793,5
83794,12
83795,5
83796,11
83797,11
83798,11
83799,11
83800,11
83801,11
83802,11
83803,11
83804,11
83805,11
83806,11
83807,11
83809,11
83810,11
83811,11
83812,11
83813,11
83814,11
83815,11
83816,11
83817,11
83818,11
83819,11
83820,11
83821,11
83824,12
83825,12
83826,11
83827,11
83829,11
83830,11
83831,12
83832,12
83833,11
83834,11
83835,11
83836,11
83837,11
83838,11
83839,11
83840,11
83841,11
83842,11
83843,11
83844,11
83845,11
83846,11
83847,11
83848,11
83849,11
83850,11
83851,11
83852,11
83853,11
83854,11
83855,11
83856,11
83857,11
83859,11
83860,11
83861,11
83862,11
83863,11
83864,11
83865,11
83866,11
83867,11
83868,11
83869,11
83870,11
83871,11
83872,11
83873,11
83874,11
83875,11
83876,11
83877,11
83878,11
83879,11
83880,11
83881,11
83882,11
83883,11
83884,11
83885,11
83886,11
83887,11
83888,11
83889,11
83890,11
83891,11
83892,11
83893,11
83894,11
83895,11
83896,11
83897,11
83898,11
83899,11
83900,11
83901,11
83902,11
83903,11
83904,11
83905,11
83906,11
83907,12
83908,11
83909,11
83910,11
83911,11
83912,11
83913,11
83914,11
83915,11
83916,11
83917,11
83918,11
83919,11
83920,11
83921,11
83922,11
83923,11
83924,11
83925,11
83926,11
83927,11
83928,11
83929,11
83930,12
83931,12
83932,11
83933,11
83989,11
83999,11
84000,11
84001,11
84002,11
84003,11
84005,11
84006,11
84009,11
84019,11
84020,12
84021,12
84022,11
84023,12
84024,12
84025,12
84026,12
84027,11
84028,12
84029,12
84030,12
84031,12
84032,12
84033,12
84034,12
84035,11
84036,12
84037,12
84038,12
84039,11
84040,11
84041,12
84042,12
84043,11
84044,12
84045,12
84046,11
84047,11
84048,11
84049,11
84050,12
84051,11
84052,11
84053,11
84054,11
84055,11
84056,11
84057,11
84058,11
84059,11
84060,11
84061,11
84062,11
84063,11
84064,11
84065,11
84066,11
84067,11
84068,11
84069,11
84070,11
84071,11
84072,11
84073,11
84074,11
84075,11
84076,11
84077,11
84078,11
84079,11
84080,11
84081,11
84082,11
84083,11
84084,11
84085,11
84086,11
84087,11
84088,11
84089,11
84090,11
84091,11
84092,11
84093,11
84094,11
84095,11
84096,11
84097,11
84098,11
84099,11
84100,11
84101,11
84102,11
84103,11
84104,11
84105,11
84106,11
84107,11
84108,11
84109,11
84110,11
84111,11
84112,11
84113,11
84114,11
84115,11
84116,11
84117,11
84118,11
84119,11
84120,11
84121,11
84122,11
84123,11
84127,11
84128,11
84129,11
84130,11
84131,11
84132,11
84133,11
84134,11
84139,11
84140,11
84141,11
84142,11
84143,12
84144,12
84145,11
84214,11
84215,11
84216,11
84217,11
84218,11
84219,11
84220,11
84221,11
84222,11
84223,11
84224,11
84225,11
84226,11
84227,11
84228,11
84229,11
84230,11
84231,12
84232,11
84233,11
84234,11
84236,12
84237,12
84240,11
84241,11
84242,11
84243,11
84244,11
84245,11
84246,11
84248,11
84249,11
84250,11
84251,11
84252,11
84253,11
84254,12
84255,11
84256,12
84258,10
84259,11
84260,11
84261,11
84262,11
84263,11
84264,11
84265,11
84266,11
84267,11
84268,11
84269,11
84270,11
84271,11
84272,11
84273,11
84274,11
84275,11
84276,11
84277,11
84278,12
84279,11
84280,11
84281,11
84282,11
84283,11
84285,11
84286,11
84287,11
84288,11
84289,11
84290,11
84291,11
84292,12
84293,12
84294,12
84295,12
84296,12
84297,11
84298,11
84299,11
84300,11
84301,11
84302,11
84303,11
84304,11
84305,12
84306,12
84307,12
84308,12
84309,11
84310,12
84311,12
84312,11
84313,12
84314,12
84315,12
84316,12
84334,12
84335,11
84336,12
84337,11
84339,11
84340,11
84341,11
84342,11
84344,11
84345,11
84352,11
84353,11
84354,11
84363,12
84364,11
84365,11
84366,11
84367,11
84370,11
84371,12
84373,12
84376,11
84378,11
84379,11
84380,11
84381,11
84382,11
84387,11
84388,11
84389,11
84390,11
84391,11
84392,11
84393,12
84403,11
84404,11
84409,11
84419,12
84420,11
84422,11
84423,12
84424,12
84426,12
84427,11
84428,11
84429,11
84430,11
84431,11
84432,11
84433,11
84434,11
84435,12
84436,11
84437,11
84438,11
84439,11
84442,12
84443,11
84444,12
84446,11
84447,11
84448,11
84449,11
84451,12
84452,12
84453,12
84454,12
84455,12
84456,12
84457,12
84458,12
84459,12
84460,12
84461,12
84462,12
84463,12
84464,12
84465,12
84466,12
84467,12
84468,12
84469,12
84470,12
84471,11
84472,11
84473,11
84474,11
84475,11
84476,11
84477,11
84478,11
84479,11
84480,11
84481,11
84482,11
84483,11
84484,11
84485,9
84486,11
84489,12
84490,11
84492,11
84493,11
84494,11
84497,11
84498,11
84505,11
84506,12
84509,11
84510,11
84511,11
84512,11
84513,11
84514,11
84515,11
84516,11
84517,11
84518,11
84519,11
84520,11
84521,11
84522,11
84523,11
84524,11
84527,11
84529,11
84530,11
84531,11
84532,11
84533,11
84534,11
84535,11
84536,11
84537,11
84538,11
84539,11
84540,11
84541,11
84542,11
84543,11
84544,11
84547,11
84559,12
84562,11
84563,12
84564,12
84565,11
84566,12
84567,12
84568,12
84569,12
84570,12
84571,12
84572,12
84573,12
84574,12
84575,12
84576,12
84577,12
84578,12
84579,12
84580,12
84581,12
84582,12
84583,12
84584,11
84585,11
84586,11
84587,11
84588,12
84589,12
84591,11
84592,11
84593,11
84594,11
84595,12
84596,11
84597,11
84598,11
84599,11
84600,11
84601,11
84602,11
84603,11
84604,11
84605,11
84606,11
84607,11
84608,11
84609,11
84610,11
84611,11
84612,11
84613,11
84614,12
84615,11
84616,12
84617,12
84619,12
84620,11
84621,11
84622,11
84623,11
84624,12
84625,12
84626,11
84627,11
84628,11
84629,11
84630,11
84631,11
84632,11
84633,11
84634,11
84635,11
84638,11
84639,11
84640,11
84641,11
84642,11
84643,11
84644,11
84645,11
84646,11
84647,11
84649,11
84650,11
84651,11
84652,11
84653,11
84654,11
84655,11
84656,11
84657,11
84658,11
84659,11
84660,11
84661,11
84662,11
84663,11
84664,11
84665,11
84666,11
84667,11
84668,11
84669,11
84670,11
84671,11
84672,11
84673,11
84674,11
84675,11
84676,11
84677,11
84678,11
84679,11
84680,11
84681,11
84682,11
84683,11
84684,12
84685,11
84686,11
84687,11
84688,11
84689,11
84690,11
84691,11
84693,11
84694,11
84695,11
84696,11
84697,11
84698,11
84699,11
84700,11
84701,11
84702,11
84703,11
84704,11
84705,11
84706,11
84707,11
84708,11
84709,11
84710,11
84711,11
84712,11
84713,11
84714,11
84715,11
84716,11
84717,11
84718,11
84719,11
84720,11
84721,11
84722,11
84723,11
84724,11
84725,11
84726,11
84727,11
84728,11
84730,11
84731,11
84732,11
84733,11
84734,11
84735,12
84736,12
84737,12
84738,11
84739,11
84740,11
84741,11
84742,11
84743,11
84744,11
84745,11
84746,11
84747,11
84748,11
84749,11
84750,11
84751,11
84752,11
84753,11
84754,11
84755,12
84756,12
84757,11
84758,11
84759,11
84760,11
84761,11
84762,11
84763,11
84764,11
84765,11
84766,11
84767,12
84768,11
84769,11
84770,11
84771,11
84772,11
84773,12
84776,11
84779,12
84780,11
84781,12
84782,12
84783,11
84784,12
84785,11
84786,11
84787,11
84788,11
84789,12
84790,11
84791,11
84792,11
84793,11
84794,11
84795,11
84796,11
84797,11
84798,11
84799,11
84800,11
84801,11
84802,11
84803,11
84804,11
84805,11
84806,11
84807,11
84808,11
84809,11
84810,11
84811,11
84812,11
84813,11
84814,11
84815,11
84816,11
84817,11
84818,11
84819,11
84820,11
84821,11
84822,11
84823,11
84824,11
84825,11
84826,11
84827,11
84828,11
84829,11
84830,11
84831,11
84832,12
84833,11
84834,11
84835,11
84836,11
84837,11
84838,11
84839,11
84840,11
84841,11
84842,11
84843,11
84844,11
84845,11
84846,11
84847,11
84848,11
84849,11
84850,11
84851,11
84852,11
84854,11
84855,11
84856,11
84857,11
84858,11
84859,11
84860,11
84861,11
84862,11
84863,11
84864,11
84865,11
84866,11
84867,11
84868,12
84869,11
84871,11
84872,11
84873,11
84874,11
84875,11
84876,11
84877,11
84878,11
84879,11
84882,12
84883,11
84884,11
84885,11
84891,11
84892,11
84893,11
84894,11
84895,11
84896,11
84897,11
84898,11
84899,11
84900,11
84901,11
84902,11
84903,11
84904,11
84905,11
84906,11
84907,11
84908,11
84909,12
84910,11
84911,12
84912,12
84914,11
84915,11
84916,11
84917,11
84918,11
84919,12
84920,12
84921,12
84922,12
84923,12
84924,12
84925,11
84926,11
84927,11
84928,11
84929,11
84932,12
84933,12
84934,11
84935,11
84936,11
84937,11
84938,11
84939,11
84940,11
84941,11
84942,11
84943,11
84944,11
84945,11
84946,11
84947,11
84948,11
84949,11
84951,11
84952,11
84953,11
84954,11
84955,11
84956,11
84957,11
84958,11
84959,11
84960,11
84961,11
84962,11
84963,11
84964,11
84965,11
84966,11
84967,11
84971,11
84972,11
84973,11
84974,11
84977,11
84979,11
84981,12
84982,12
84983,12
84984,12
84985,12
84986,11
84987,11
84988,11
84989,11
84990,11
84992,11
84993,11
84994,11
84995,11
84996,11
84997,11
84998,11
84999,11
85000,11
85001,11
85002,11
85003,11
85004,11
85005,11
85006,11
85007,11
85008,11
85009,11
85010,11
85011,11
85012,11
85013,11
85014,11
85015,11
85016,11
85017,12
85018,11
85019,11
85020,11
85021,11
85022,11
85023,12
85024,12
85025,12
85026,12
85027,12
85028,12
85029,12
85030,1
85032,11
85035,12
85036,12
85037,11
85038,11
85039,11
85040,11
85041,11
85042,12
85043,12
85044,11
85047,12
85049,11
85050,11
85051,11
85052,11
85053,11
85054,11
85055,11
85059,11
85060,12
85062,11
85070,11
85071,11
85072,11
85075,11
85076,11
85077,11
85078,11
85079,11
85080,11
85081,11
85082,11
85083,11
85084,11
85085,11
85088,11
85089,11
85094,11
85095,11
85096,11
85097,11
85098,11
85099,11
85100,11
85101,11
85102,11
85103,11
85104,11
85105,11
85106,11
85107,11
85108,11
85109,11
85111,11
85113,11
85114,11
85115,11
85116,11
85117,11
85118,11
85119,11
85120,11
85121,11
85122,11
85123,11
85124,11
85125,11
85126,11
85127,11
85128,11
85129,11
85130,11
85131,11
85132,11
85133,11
85134,11
85135,11
85136,11
85137,11
85138,11
85139,11
85151,11
85153,11
85154,11
85155,11
85156,11
85157,11
85158,11
85159,11
85160,11
85161,11
85162,11
85163,11
85164,11
85165,11
85166,11
85167,11
85168,11
85169,11
85170,11
85171,11
85172,11
85173,11
85174,11
85175,11
85176,11
85177,11
85178,11
85179,11
85180,11
85181,11
85182,11
85183,11
85184,11
85185,11
85186,11
85187,11
85188,11
85189,11
85190,11
85191,11
85192,11
85193,11
85194,11
85195,12
85196,11
85197,11
85198,11
85199,11
85200,11
85201,11
85202,12
85203,12
85204,12
85205,11
85206,11
85207,11
85208,12
85209,11
85210,11
85211,11
85212,11
85213,11
85214,11
85215,11
85216,11
85217,11
85218,11
85219,11
85220,11
85221,11
85222,11
85223,11
85224,11
85225,11
85226,11
85227,11
85228,11
85229,11
85230,11
85231,11
85232,11
85233,11
85234,11
85235,11
85236,11
85237,11
85238,11
85239,11
85240,11
85241,11
85242,11
85243,11
85244,11
85245,11
85246,11
85247,11
85249,11
85252,12
85253,11
85254,12
85255,11
85256,11
85257,11
85258,11
85259,11
85260,11
85261,11
85262,11
85263,11
85264,11
85265,11
85268,11
85269,11
85270,11
85271,11
85272,11
85273,11
85274,11
85275,11
85276,11
85277,11
85278,11
85279,11
85280,11
85281,11
85282,11
85283,11
85284,11
85285,11
85286,11
85287,11
85288,11
85289,11
85290,11
85291,11
85292,11
85293,11
85294,11
85295,11
85296,11
85297,11
85298,11
85299,11
85300,11
85301,11
85302,11
85303,11
85307,11
85308,11
85309,11
85310,11
85311,11
85312,11
85313,11
85314,11
85315,11
85316,11
85317,11
85318,11
85319,11
85320,11
85321,11
85322,11
85323,11
85324,11
85325,11
85326,11
85327,11
85328,11
85329,11
85330,11
85331,11
85332,11
85333,11
85334,11
85335,11
85336,11
85337,11
85338,11
85339,11
85340,11
85341,11
85342,11
85343,11
85344,11
85345,11
85346,11
85347,11
85348,11
85349,11
85350,11
85351,11
85352,11
85353,11
85354,11
85355,11
85356,11
85357,11
85358,11
85359,11
85360,11
85361,11
85362,11
85363,11
85364,11
85365,11
85366,11
85367,11
85368,11
85369,11
85370,11
85371,11
85372,11
85373,11
85374,11
85375,11
85376,11
85377,11
85378,11
85379,11
85380,11
85381,11
85382,11
85383,11
85384,11
85390,11
85391,11
85392,11
85393,11
85394,11
85395,11
85396,11
85397,11
85398,11
85399,11
85400,11
85402,11
85403,11
85404,11
85405,11
85406,11
85407,11
85408,11
85409,11
85410,11
85411,11
85412,11
85414,11
85415,11
85416,11
85417,11
85418,11
85419,11
85420,11
85421,11
85422,11
85424,11
85425,11
85426,11
85427,11
85428,11
85429,11
85430,11
85431,11
85432,11
85433,11
85434,11
85436,11
85437,11
85438,11
85439,11
85440,11
85444,11
85449,11
85450,11
85451,11
85459,11
85460,11
85461,11
85462,11
85463,11
85464,11
85465,11
85466,11
85467,11
85469,11
85470,11
85471,11
85472,11
85473,11
85474,11
85475,12
85476,12
85477,12
85478,11
85479,11
85481,11
85482,11
85483,11
85484,11
85487,11
85488,11
85489,11
85490,11
85491,11
85492,11
85494,11
85495,11
85496,11
85497,11
85498,11
85499,11
85500,11
85502,12
85503,12
85512,11
85513,11
85514,11
85515,11
85516,11
85517,11
85518,11
85519,11
85520,11
85523,12
85524,11
85526,11
85527,11
85528,11
85529,11
85530,11
85531,11
85532,11
85533,11
85534,11
85535,11
85536,11
85537,11
85538,11
85539,11
85540,11
85541,11
85542,11
85543,11
85544,11
85545,11
85546,11
85547,11
85548,11
85549,11
85550,11
85551,11
85552,11
85553,11
85554,11
85560,11
85561,11
85562,11
85563,11
85564,11
85565,11
85566,11
85567,11
85568,11
85569,11
85570,11
85571,11
85572,11
85573,11
85574,12
85575,11
85580,11
85584,11
85585,11
85586,11
85587,11
85588,11
85589,11
85590,11
85591,11
85592,11
85593,11
85594,11
85602,1
85648,11
85649,11
85651,11
85652,11
85653,11
85654,11
85655,11
85656,11
85657,11
85661,11
85664,11
85666,11
85667,11
85668,11
85669,11
85670,11
85671,11
85672,11
85673,1
85674,1
85675,1
85676,1
85677,1
85678,1
85679,1
85680,11
85681,11
85682,1
85683,1
85684,11
85685,11
85686,11
85687,11
85688,11
85689,11
85690,11
85691,11
85692,11
85693,11
85694,1
85695,11
85696,11
85697,11
85698,11
85707,11
85708,11
85709,11
85710,11
85711,11
85714,11
85715,11
85716,11
85717,11
85718,11
85719,11
85721,11
85722,11
85723,11
85724,11
85729,11
85730,11
85731,11
85732,11
85733,11
85734,11
85735,11
85736,11
85737,11
85738,11
85739,11
85740,11
85741,11
85742,11
85743,11
85744,11
85745,11
85746,11
85747,11
85748,11
85749,11
85750,11
85751,11
85752,11
85753,11
85754,11
85755,11
85756,11
85757,11
85758,11
85759,11
85760,11
85761,11
85762,11
85763,11
85764,11
85765,11
85769,11
85770,11
85771,11
85773,11
85774,11
85775,11
85776,11
85777,11
85778,11
85779,11
85780,11
85781,11
85782,11
85783,11
85784,11
85785,11
85786,11
85787,11
85788,11
85789,11
85790,11
85791,11
85793,11
85794,11
85795,11
85796,11
85797,11
85799,11
85800,11
85801,11
85802,11
85803,11
85804,11
85805,11
85806,11
85807,11
85808,11
85809,11
85810,11
85811,11
85812,11
85813,11
85814,11
85815,11
85816,11
85817,11
85818,11
85819,11
85820,11
85821,11
85822,11
85823,11
85824,11
85825,11
85826,11
85827,11
85828,8
85829,8
85830,8
85831,8
85832,8
85833,11
85834,11
85835,11
85836,11
85837,11
85838,11
85839,11
85840,11
85841,11
85842,11
85843,11
85844,11
85845,11
85846,11
85847,11
85848,11
85849,11
85850,11
85851,11
85852,11
85853,11
85854,11
85855,11
85856,11
85857,11
85858,11
85859,11
85860,11
85861,11
85862,12
85863,11
85864,11
85866,11
85867,11
85868,11
85869,11
85870,11
85871,12
85872,11
85873,11
85874,11
85875,12
85876,11
85877,12
85878,12
85879,11
85884,12
85885,12
85888,11
85900,11
85901,11
85902,11
85903,11
85904,11
85905,11
85906,11
85907,11
85912,11
85913,11
85914,11
85916,12
85917,12
85918,12
85919,12
85920,12
85921,12
85925,11
85926,11
85927,11
85928,11
85929,12
85930,12
85931,12
85932,12
85933,12
85934,12
85935,12
85936,12
85937,11
85938,11
85939,11
85940,11
85941,11
85944,11
85945,11
85946,11
85947,12
85948,12
85949,12
85950,8
85951,8
85952,8
85953,8
85956,11
85957,11
85958,11
85959,11
85960,11
85961,11
85962,11
86002,11
86003,11
86004,11
86005,11
86006,11
86007,11
86008,11
86009,11
86010,11
86011,11
86012,11
86013,11
86014,11
86065,11
86066,11
86067,11
86068,11
86070,11
86071,11
86072,11
86073,11
86074,11
86075,11
86076,11
86077,11
86078,11
86079,11
86080,11
86081,11
86082,11
86083,11
86084,11
86085,11
86086,11
86087,11
86088,11
86089,11
86090,11
86091,11
86092,11
86093,11
86094,11
86095,11
86096,11
86097,11
86098,11
86099,11
86100,11
86101,11
86102,11
86103,11
86104,11
86105,11
86106,11
86107,11
86108,11
86109,11
86110,11
86111,11
86112,11
86113,11
86114,11
86115,11
86116,11
86118,11
86119,11
86120,11
86121,11
86122,11
86123,11
86124,11
86125,11
86126,11
86127,11
86128,11
86129,11
86130,11
86131,11
86132,11
86133,11
86134,11
86135,11
86136,11
86137,11
86138,11
86139,11
86140,11
86141,11
86142,11
86143,11
86144,11
86145,11
86146,11
86147,11
86148,11
86149,11
86150,11
86151,11
86152,11
86153,11
86154,11
86155,11
86156,11
86157,11
86168,11
86171,11
86172,11
86174,11
86175,11
86176,11
86177,11
86178,11
86179,11
86180,11
86182,11
86183,11
86184,11
86185,11
86186,11
86187,11
86188,11
86189,11
86190,11
86191,11
86192,11
86193,11
86194,11
86195,11
86196,11
86197,11
86198,11
86199,11
86200,11
86201,11
86202,11
86203,11
86204,11
86205,11
86206,11
86207,11
86208,11
86209,11
86210,11
86211,11
86212,11
86213,11
86214,11
86215,11
86216,11
86217,11
86218,11
86219,11
86220,11
86221,11
86222,11
86223,11
86224,11
86225,11
86226,11
86227,11
86228,11
86229,11
86230,11
86231,11
86232,11
86233,11
86234,11
86235,11
86236,11
86237,11
86238,11
86239,11
86240,11
86241,11
86242,11
86243,11
86244,11
86245,11
86246,11
86247,11
86248,11
86249,11
86250,11
86251,11
86252,11
86253,11
86254,11
86255,11
86256,11
86257,11
86258,11
86259,11
86260,11
86261,11
86262,11
86263,11
86264,11
86265,11
86266,11
86267,11
86268,11
86271,11
86272,11
86273,11
86274,11
86275,11
86276,11
86277,11
86278,11
86279,11
86280,11
86281,11
86282,11
86283,11
86284,11
86285,11
86286,11
86287,11
86288,11
86289,11
86290,11
86291,11
86292,11
86293,11
86294,11
86295,11
86296,11
86297,11
86298,11
86299,11
86300,11
86301,11
86302,11
86303,11
86304,11
86305,11
86306,11
86307,11
86308,11
86311,11
86312,11
86313,11
86314,11
86315,11
86316,11
86317,11
86318,11
86319,11
86320,11
86321,11
86322,11
86323,11
86324,11
86325,11
86327,11
86328,11
86329,11
86330,11
86331,11
86332,11
86333,11
86334,11
86335,11
86336,11
86337,11
86338,11
86339,11
86340,11
86341,11
86342,11
86343,11
86344,11
86345,11
86346,11
86347,11
86348,11
86349,11
86350,11
86351,11
86352,11
86353,11
86354,11
86355,11
86356,11
86357,11
86358,11
86359,11
86360,11
86361,11
86362,11
86363,11
86364,11
86365,11
86367,11
86368,11
86369,11
86370,11
86371,11
86372,11
86373,11
86374,11
86375,11
86376,11
86377,11
86378,11
86379,11
86380,11
86381,11
86382,11
86383,11
86384,11
86385,11
86386,11
86387,11
86388,11
86390,11
86391,11
86392,11
86395,11
86396,11
86397,11
86398,11
86399,11
86400,11
86401,11
86402,11
86403,11
86404,11
86405,11
86406,11
86407,11
86408,11
86409,11
86410,11
86411,11
86412,11
86414,11
86415,11
86416,11
86417,11
86418,11
86419,11
86420,11
86421,11
86422,11
86423,11
86424,11
86425,11
86428,11
86429,11
86431,11
86432,11
86435,11
86436,11
86437,11
86438,11
86439,11
86440,11
86441,11
86447,11
86448,11
86450,11
86451,11
86452,11
86453,11
86454,11
86455,11
86456,11
86457,11
86458,11
86459,11
86460,11
86461,11
86462,11
86464,11
86465,11
86466,11
86467,11
86468,11
86469,11
86470,11
86471,11
86472,11
86473,11
86474,11
86475,11
86476,11
86477,11
86478,12
86481,1
86482,11
86483,11
86484,11
86485,11
86486,11
86487,11
86491,12
86492,11
86493,12
86494,12
86495,11
86496,11
86497,11
86498,11
86499,11
86500,12
86501,12
86502,11
86503,12
86504,11
86505,11
86506,11
86507,11
86508,11
86509,12
86510,12
86511,12
86512,12
86513,12
86514,12
86515,12
86516,12
86517,12
86518,12
86519,12
86520,12
86521,12
86522,12
86523,11
86524,11
86525,11
86526,12
86527,11
86528,12
86529,11
86530,12
86531,12
86532,12
86533,11
86534,11
86535,11
86536,12
86537,12
86538,12
86539,12
86540,12
86541,12
86542,12
86543,12
86544,12
86545,12
86549,12
86550,11
86551,11
86552,11
86555,11
86556,12
86557,12
86558,12
86559,12
86560,12
86561,12
86562,12
86563,12
86564,12
86565,12
86566,12
86567,12
86568,12
86569,12
86570,11
86571,11
86572,11
86573,11
86575,11
86584,11
86586,11
86587,11
86588,11
86589,11
86590,11
86591,11
86592,11
86593,11
86594,11
86595,11
86596,11
86597,11
86598,11
86599,11
86601,11
86602,11
86603,11
86604,11
86605,11
86606,11
86607,11
86608,11
86609,11
86610,11
86617,11
86618,11
86619,11
86621,12
86622,12
86623,12
86624,12
86625,12
86626,12
86630,11
86632,12
86633,12
86634,12
86635,12
86636,12
86637,12
86638,12
86639,12
86640,12
86641,12
86642,12
86643,12
86644,12
86645,12
86646,12
86647,12
86648,12
86649,12
86650,12
86651,12
86652,12
86653,12
86654,12
86655,12
86656,12
86657,12
86658,12
86659,12
86660,12
86661,12
86662,12
86663,12
86664,12
86665,12
86666,12
86668,11
86669,11
86678,1
86681,12
86682,12
86683,12
86684,12
86685,12
86686,12
86687,12
86688,12
86689,12
86690,12
86691,12
86692,12
86693,12
86695,11
86696,11
86697,11
86698,12
86699,12
86700,12
86701,12
86702,12
86703,12
86704,12
86705,12
86706,11
86707,11
86708,12
86709,11
86710,12
86711,12
86712,12
86713,12
86714,11
86715,12
86716,12
86717,12
86718,12
86719,12
86720,12
86721,12
86722,12
86723,12
86726,11
86727,11
86728,11
86729,11
86731,11
86732,12
86733,12
86734,12
86735,12
86736,12
86737,12
86738,12
86739,12
86740,12
86741,12
86742,12
86743,12
86744,12
86745,12
86748,12
86749,11
86750,11
86751,11
86753,12
86754,12
86755,12
86756,12
86759,11
86764,11
86765,11
86766,11
86767,11
86768,11
86769,12
86770,12
86771,11
86772,11
86773,11
86774,11
86775,11
86778,11
86779,12
86780,12
86781,12
86782,11
86783,11
86784,1
86785,11
86786,11
86787,11
86788,11
86789,11
86790,11
86793,11
86794,12
86795,11
86800,11
86801,11
86802,12
86803,11
86805,12
86806,12
86807,12
86808,12
86809,12
86810,12
86811,12
86815,11
86816,12
86817,11
86818,11
86819,11
86820,11
86821,11
86822,12
86823,12
86824,12
86825,12
86826,12
86827,12
86828,12
86829,12
86830,12
86831,12
86832,12
86833,12
86834,12
86835,11
86836,12
86837,12
86838,12
86839,12
86840,12
86841,12
86842,12
86843,12
86844,12
86845,12
86846,12
86847,12
86848,12
86849,12
86850,12
86851,12
86852,12
86853,11
86854,11
86855,12
86856,12
86857,12
86858,12
86859,12
86860,12
86861,12
86862,12
86863,12
86864,12
86865,12
86866,12
86867,12
86868,12
86869,11
86871,11
86872,11
86873,11
86874,12
86875,11
86876,11
86877,12
86878,11
86879,11
86880,12
86881,12
86882,12
86883,12
86884,12
86885,12
86886,12
86887,12
86888,11
86889,11
86890,12
86891,12
86892,12
86893,12
86894,12
86895,12
86896,12
86897,12
86898,12
86899,12
86900,12
86901,12
86902,12
86903,12
86904,11
86905,11
86906,11
86907,12
86908,11
86909,12
86910,12
86911,12
86912,12
86913,12
86914,12
86915,11
86916,12
86917,11
86918,11
86919,11
86920,11
86921,12
86922,12
86923,11
86924,11
86928,12
86929,12
86930,12
86931,12
86932,11
86933,11
86934,11
86935,11
86936,11
86937,11
86938,11
86939,12
86940,11
86941,12
86942,12
86943,11
86944,12
86945,11
86946,11
86947,11
86948,11
86949,11
86951,11
86952,11
86956,12
86957,12
86959,11
86960,11
86961,11
86962,11
86963,11
86973,12
86974,11
86975,11
86976,11
86977,11
86978,11
86979,11
86980,11
86981,11
86982,11
86983,11
86984,11
86985,11
86986,11
86987,11
86988,11
86989,11
86990,11
86991,11
86992,11
86993,11
86996,12
86997,12
86998,12
87000,11
87001,11
87002,12
87007,11
87008,11
87010,11
87014,11
87015,11
87016,11
87017,11
87018,11
87019,11
87020,11
87021,11
87022,11
87023,11
87024,11
87025,11
87026,11
87027,11
87028,11
87029,11
87030,11
87031,11
87032,11
87033,11
87034,11
87035,11
87036,11
87037,11
87038,11
87039,11
87040,11
87041,11
87042,11
87043,11
87044,11
87045,11
87046,11
87047,11
87048,11
87049,11
87050,11
87051,11
87052,11
87053,11
87054,11
87055,11
87056,11
87057,11
87058,11
87059,11
87060,11
87061,11
87062,11
87063,11
87064,11
87065,11
87066,11
87067,11
87068,11
87069,11
87070,11
87071,11
87072,11
87073,11
87074,11
87075,11
87076,11
87077,11
87078,11
87079,11
87080,11
87081,11
87082,11
87083,11
87084,11
87085,11
87086,11
87087,11
87088,11
87089,11
87090,11
87091,11
87092,11
87093,11
87094,11
87095,11
87096,11
87097,11
87098,11
87099,11
87100,11
87101,11
87102,11
87103,11
87104,11
87105,11
87106,11
87107,11
87108,11
87109,11
87110,11
87111,11
87112,11
87113,11
87114,11
87115,11
87116,11
87117,11
87118,11
87119,11
87120,11
87121,11
87122,11
87123,11
87124,11
87125,11
87126,11
87127,11
87128,11
87129,11
87130,11
87131,11
87132,11
87133,11
87134,11
87135,11
87136,11
87137,11
87138,11
87139,11
87140,11
87141,11
87142,11
87143,11
87144,11
87145,11
87146,11
87147,11
87148,11
87149,11
87150,11
87151,11
87152,11
87153,11
87154,11
87155,11
87156,11
87157,11
87158,11
87159,11
87160,11
87161,11
87162,11
87163,11
87164,11
87165,11
87166,11
87167,11
87168,11
87169,11
87170,11
87171,11
87172,11
87173,11
87174,11
87175,11
87176,11
87177,11
87178,11
87179,11
87180,11
87181,11
87182,11
87183,11
87184,11
87185,11
87186,11
87187,11
87188,11
87189,11
87190,11
87191,11
87192,11
87193,11
87194,11
87195,11
87196,11
87197,11
87198,11
87199,11
87200,11
87201,11
87202,11
87203,11
87204,11
87205,11
87206,11
87207,11
87208,11
87209,11
87210,11
87211,11
87212,11
87213,11
87214,11
87215,11
87216,11
87217,11
87218,11
87219,11
87220,11
87221,11
87222,11
87223,11
87224,11
87225,11
87226,11
87227,11
87228,11
87229,11
87230,11
87231,11
87232,11
87233,11
87234,11
87235,11
87236,11
87237,11
87238,11
87239,11
87240,11
87241,11
87242,11
87243,11
87244,11
87245,11
87246,11
87247,11
87248,11
87249,11
87250,11
87251,11
87252,11
87253,11
87254,12
87255,11
87256,12
87257,11
87258,11
87259,11
87260,11
87261,11
87262,11
87263,11
87264,11
87265,11
87266,11
87267,12
87268,12
87269,11
87270,11
87271,11
87272,11
87273,11
87274,11
87275,11
87276,11
87277,11
87278,11
87279,11
87280,11
87281,11
87282,11
87284,11
87285,11
87286,11
87287,11
87289,12
87290,11
87291,11
87292,11
87293,11
87294,11
87296,11
87297,11
87298,11
87299,11
87300,12
87301,11
87302,11
87303,11
87304,11
87305,11
87306,11
87307,11
87308,11
87309,12
87310,11
87311,11
87312,11
87313,12
87314,12
87315,12
87316,12
87317,12
87319,11
87320,11
87321,11
87322,11
87324,11
87325,11
87326,11
87327,11
87328,11
87329,11
87332,11
87335,11
87336,11
87337,11
87338,11
87339,11
87340,11
87341,12
87342,12
87343,11
87344,11
87345,11
87347,12
87348,12
87349,12
87350,12
87351,12
87352,11
87353,11
87354,11
87355,11
87356,11
87357,11
87358,11
87363,11
87374,11
87375,11
87376,11
87378,11
87380,11
87381,11
87382,11
87383,11
87384,11
87385,11
87386,11
87387,11
87388,12
87389,11
87390,11
87391,12
87392,12
87393,12
87394,12
87395,12
87396,12
87397,12
87398,12
87399,12
87400,12
87401,12
87402,12
87403,11
87404,11
87405,11
87406,11
87407,11
87408,11
87409,11
87410,11
87411,11
87412,11
87413,11
87414,11
87415,11
87417,11
87418,11
87419,11
87420,11
87421,12
87422,11
87423,11
87424,11
87425,11
87426,11
87427,11
87428,11
87429,11
87430,11
87431,11
87432,11
87445,11
87446,11
87447,11
87448,11
87449,11
87455,12
87456,12
87457,12
87458,12
87475,11
87476,11
87477,11
87478,11
87479,11
87480,11
87481,11
87482,11
87485,11
87496,11
87510,11
87511,11
87512,11
87513,11
87514,11
87515,11
87523,11
87524,11
87525,11
87526,11
87527,11
87528,11
87529,11
87530,11
87531,11
87532,11
87536,11
87537,11
87538,11
87540,11
87541,11
87542,11
87545,11
87546,11
87547,1
87548,11
87549,11
87550,12
87551,12
87552,12
87553,12
87554,12
87555,1
87560,11
87562,1
87569,11
87581,11
87582,11
87583,11
87588,11
87589,11
87590,11
87591,11
87592,11
87593,11
87594,11
87595,11
87596,11
87597,11
87670,12
87671,11
87672,12
87729,12
87730,12
87731,12
87732,12
87733,12
87734,12
87735,12
87736,12
87737,12
87738,12
87739,12
87740,12
87741,12
87742,12
87743,12
87744,12
87745,12
87746,12
87747,12
87748,12
87749,12
87750,12
87751,12
87752,12
87753,12
87754,12
87755,12
87756,12
87757,12
87758,12
87759,12
87762,12
87763,12
87764,12
87765,12
87766,12
87767,12
87768,12
87769,12
87770,12
87771,12
87772,12
87773,12
87774,12
87775,12
87776,12
87777,12
87778,12
87779,12
87780,12
87781,12
87782,12
87783,12
87784,12
87785,12
87786,12
87787,12
87788,12
87789,12
87790,12
87791,12
87792,12
87793,12
87794,12
87795,12
87796,12
87797,12
87798,12
87799,12
87800,12
87801,12
87802,12
87803,12
87804,12
87805,12
87806,12
87807,12
87808,12
87809,12
87810,12
87811,12
87812,12
87813,12
87814,12
87815,12
87816,12
87817,12
87818,12
87819,12
87820,12
87821,12
87822,12
87823,12
87824,12
87825,12
87826,12
87827,12
87828,12
87829,12
87830,12
87831,12
87832,12
87833,12
87834,12
87835,12
87836,12
87837,12
87838,12
87839,12
87840,12
87841,12
87842,12
87843,12
87844,12
87845,12
87846,12
87847,12
87848,12
87849,12
87850,12
87851,12
87852,12
87853,12
87854,12
87855,12
87856,12
87857,12
87858,12
87859,12
87860,12
87861,12
87862,12
87863,12
87864,12
87865,12
87866,12
87867,12
87868,12
87869,12
87870,12
87871,12
87872,12
87873,12
87874,12
87875,12
87876,12
87877,12
87878,12
87879,12
87880,12
87881,12
87882,12
87883,12
87884,12
87885,12
87886,12
87887,12
87888,12
87889,12
87890,12
87891,12
87892,12
87893,12
87894,12
87895,12
87896,12
87897,12
87898,12
87899,12
87900,12
87901,12
87902,12
87903,12
87904,12
87905,12
87906,12
87907,12
87908,12
87909,12
87910,12
87911,12
87912,12
87913,12
87914,12
87915,12
87916,12
87917,12
87918,12
87919,12
87920,12
87921,12
87922,12
87923,12
87924,12
87925,12
87926,12
87927,12
87928,12
87929,12
87930,12
87931,12
87932,12
87933,12
87934,12
87935,12
87936,12
87937,12
87938,12
87939,12
87940,12
87941,12
87942,12
87943,12
87944,12
87945,12
87946,12
87947,12
87948,12
87949,12
87950,12
87951,12
87952,12
87953,12
87954,12
87955,12
87956,12
87957,12
87958,12
87959,12
87960,12
87961,12
87962,12
87963,12
87964,12
87965,12
87966,12
87967,12
87968,12
87969,12
87970,12
87971,12
87972,12
87973,12
87974,12
87975,12
87976,12
87977,12
87978,12
87979,12
87980,12
87981,12
87982,12
87983,12
87984,12
87985,12
87986,12
87987,12
87988,12
87989,12
87990,12
87991,12
87992,12
87993,12
87994,12
87995,12
87996,12
87997,12
87998,12
87999,12
88000,12
88001,12
88002,12
88003,12
88004,12
88005,12
88006,12
88007,12
88008,12
88009,12
88010,12
88011,12
88012,12
88013,12
88014,12
88015,12
88016,12
88017,12
88018,12
88019,12
88020,12
88021,12
88022,12
88023,12
88024,12
88025,12
88026,12
88027,12
88028,12
88029,12
88030,12
88031,12
88032,12
88033,12
88034,12
88035,12
88036,12
88037,12
88038,12
88039,12
88040,12
88041,12
88042,12
88043,12
88044,12
88045,12
88046,12
88047,12
88048,12
88049,12
88050,12
88051,12
88052,12
88053,12
88054,12
88055,12
88056,12
88057,12
88058,12
88059,12
88060,12
88061,12
88062,12
88063,12
88064,12
88065,12
88066,12
88067,12
88068,12
88069,12
88070,12
88071,12
88072,12
88073,12
88074,12
88075,12
88076,12
88077,12
88078,12
88079,12
88080,12
88081,12
88082,12
88083,12
88084,12
88085,12
88086,12
88087,12
88088,12
88089,12
88090,12
88091,12
88092,12
88093,12
88094,12
88095,12
88096,12
88097,12
88098,12
88099,12
88100,12
88101,12
88102,12
88103,12
88104,12
88105,12
88106,12
88107,12
88108,12
88109,12
88110,12
88111,12
88112,12
88113,12
88114,12
88115,12
88116,12
88117,12
88118,12
88119,12
88120,12
88121,12
88122,12
88123,12
88124,12
88125,12
88126,12
88127,12
88128,12
88129,12
88130,12
88131,12
88132,12
88133,12
88134,12
88135,12
88136,12
88137,12
88138,12
88139,12
88140,12
88141,12
88142,12
88143,12
88144,12
88145,12
88146,12
88147,12
88148,12
88149,12
88150,12
88151,12
88152,12
88153,12
88154,12
88155,12
88156,12
88157,12
88158,12
88159,12
88160,12
88161,12
88162,12
88163,12
88164,12
88165,12
88166,12
88167,12
88168,12
88169,12
88170,12
88171,12
88172,12
88173,12
88174,12
88175,12
88176,12
88177,12
88178,12
88179,12
88180,12
88181,12
88182,12
88183,12
88184,12
88185,12
88186,12
88187,12
88188,12
88189,12
88190,12
88191,12
88192,12
88193,12
88194,12
88195,12
88196,12
88197,12
88198,12
88199,12
88200,12
88201,12
88202,12
88203,12
88204,12
88205,12
88206,12
88207,12
88208,12
88209,12
88210,12
88211,12
88212,12
88213,12
88214,12
88215,12
88216,12
88217,12
88218,12
88219,12
88220,12
88221,12
88222,12
88223,12
88224,12
88225,12
88226,12
88227,12
88228,12
88229,12
88230,12
88231,12
88232,12
88233,12
88234,12
88235,12
88236,12
88237,12
88238,12
88239,12
88240,12
88241,12
88242,12
88243,12
88244,12
88245,12
88246,12
88247,12
88248,12
88249,12
88250,12
88251,12
88252,12
88253,12
88254,12
88255,12
88256,12
88257,12
88258,12
88259,12
88260,12
88261,12
88262,12
88263,12
88264,12
88265,12
88266,12
88267,12
88268,12
88269,12
88270,12
88271,12
88272,12
88273,12
88274,12
88275,12
88276,12
88277,12
88278,12
88279,12
88280,12
88281,12
88282,12
88283,12
88284,12
88285,12
88286,12
88287,12
88288,12
88289,12
88290,12
88291,12
88292,12
88293,12
88294,12
88295,12
88296,12
88297,12
88298,12
88299,12
88300,12
88301,12
88302,12
88303,12
88304,12
88305,12
88306,12
88307,12
88308,12
88309,12
88310,12
88311,12
88312,12
88313,12
88314,12
88315,12
88316,12
88317,12
88318,12
88319,12
88320,12
88321,12
88322,12
88323,12
88324,12
88325,12
88326,12
88327,12
88328,12
88329,12
88330,12
88331,12
88332,12
88333,12
88334,12
88335,12
88336,12
88337,12
88338,12
88339,12
88340,12
88341,12
88342,12
88343,12
88344,12
88345,12
88346,12
88347,12
88348,12
88349,12
88350,12
88351,12
88352,12
88353,12
88354,12
88355,12
88356,12
88357,12
88358,12
88359,12
88360,12
88361,12
88362,12
88363,12
88364,12
88365,12
88366,12
88367,12
88368,12
88369,12
88370,12
88371,12
88372,12
88373,12
88374,12
88375,12
88376,12
88377,12
88378,12
88379,12
88380,12
88381,12
88382,12
88383,12
88384,12
88385,12
88386,12
88387,12
88388,12
88389,12
88390,12
88391,12
88392,12
88393,12
88394,12
88395,12
88396,12
88397,12
88398,12
88399,12
88400,12
88401,12
88402,12
88403,12
88404,12
88405,12
88406,12
88407,12
88408,12
88409,12
88410,12
88411,12
88412,12
88413,12
88414,12
88415,12
88416,12
88417,12
88418,12
88419,12
88420,12
88421,12
88422,12
88423,12
88424,12
88425,12
88426,12
88427,12
88428,12
88429,12
88430,12
88431,12
88432,12
88433,12
88434,12
88435,12
88436,12
88437,12
88438,12
88439,12
88440,12
88441,12
88442,12
88443,12
88444,12
88445,12
88446,12
88447,12
88448,12
88449,12
88450,12
88451,12
88452,12
88453,12
88454,12
88455,12
88456,12
88457,12
88458,12
88459,12
88460,12
88461,12
88462,12
88463,12
88464,12
88465,12
88466,12
88467,12
88468,12
88469,12
88470,12
88471,12
88472,12
88473,12
88474,12
88475,12
88476,12
88477,12
88478,12
88479,12
88480,12
88481,12
88482,12
88483,12
88484,12
88485,12
88486,12
88487,12
88488,12
88489,12
88490,12
88491,12
88492,12
88493,12
88494,12
88495,12
88496,12
88497,12
88498,12
88499,12
88500,12
88501,12
88502,12
88503,12
88504,12
88505,12
88506,12
88507,12
88508,12
88509,12
88510,12
88511,12
88512,12
88513,12
88514,12
88515,12
88516,12
88517,12
88518,12
88519,12
88520,12
88521,12
88522,12
88523,12
88524,12
88525,12
88526,12
88527,12
88528,12
88529,12
88530,12
88531,12
88532,12
88533,12
88534,12
88535,12
88536,12
88537,12
88538,12
88539,12
88540,12
88541,12
88542,12
88543,12
88544,12
88545,12
88546,12
88547,12
88548,12
88549,12
88550,12
88551,12
88552,12
88553,12
88554,12
88555,12
88556,12
88557,12
88558,12
88559,12
88560,12
88561,12
88562,12
88563,12
88564,12
88565,12
88566,12
88567,12
88568,12
88569,12
88570,12
88571,12
88572,12
88573,12
88574,12
88575,12
88576,12
88577,12
88578,12
88579,12
88580,12
88581,12
88582,12
88583,12
88584,12
88585,12
88586,12
88587,12
88588,12
88589,12
88590,12
88591,12
88592,12
88593,12
88594,12
88595,12
88596,12
88597,12
88598,12
88599,12
88600,12
88601,12
88602,11
88603,12
88604,12
88605,12
88606,12
88607,12
88608,12
88609,12
88610,12
88611,12
88612,12
88613,12
88614,12
88615,12
88616,12
88617,12
88618,12
88619,12
88620,12
88621,12
88622,12
88623,12
88624,12
88625,12
88626,12
88627,12
88628,12
88629,12
88630,12
88631,12
88632,12
88633,12
88634,12
88635,12
88636,12
88637,12
88638,12
88639,12
88640,12
88641,12
88642,12
88643,12
88644,12
88645,12
88646,12
88647,12
88648,12
88649,12
88650,12
88651,12
88652,11
88653,12
88655,11
88656,11
88657,11
88658,11
88659,11
88660,11
88661,11
88662,11
88663,11
88664,11
88665,11
88666,11
88667,11
88668,11
88669,11
88670,11
88671,11
88672,11
88673,12
88674,12
88675,12
88676,12
88677,12
88678,12
88679,12
88680,12
88681,12
88682,12
88683,12
88684,12
88685,12
88686,12
88687,12
88688,12
88689,12
88690,12
88691,12
88692,12
88693,12
88694,12
88695,12
88696,12
88697,12
88698,12
88699,12
88700,12
88701,12
88702,12
88703,12
88704,12
88705,12
88706,12
88707,12
88708,12
88709,12
88710,12
88711,11
88712,11
88719,12
88750,12
88752,12
88753,11
88754,12
88755,12
88768,12
88769,12
88770,12
88771,12
88772,12
88773,11
88774,11
88803,8
88804,12
88805,11
88806,11
88808,12
88810,11
88811,11
88814,11
88815,11
88816,11
88817,11
88818,11
88819,11
88820,11
88823,11
88824,11
88825,11
88826,11
88827,11
88828,11
88829,11
88830,11
88831,11
88832,11
88833,11
88834,11
88835,11
88836,11
88837,11
88838,11
88839,11
88840,11
88841,11
88842,11
88843,11
88844,11
88845,11
88846,11
88847,11
88848,11
88849,11
88850,11
88851,11
88852,11
88853,11
88854,11
88855,11
88856,11
88858,11
88859,11
88860,11
88861,11
88862,11
88863,11
88864,11
88865,11
88866,11
88867,11
88868,11
88869,11
88870,11
88871,11
88872,11
88873,11
88874,11
88875,11
88876,11
88877,11
88878,11
88879,11
88880,11
88881,11
88885,11
88886,11
88887,11
88888,11
88889,11
88890,11
88891,12
88892,12
88893,12
88894,12
88895,12
88896,12
88897,12
88898,12
88899,12
88900,12
88901,12
88902,11
88903,11
88904,11
88905,11
88906,11
88907,11
88908,11
88909,11
88910,11
88911,11
88912,11
88913,11
88914,11
88915,11
88916,11
88918,12
88919,12
88920,12
88921,12
88922,12
88923,12
88924,12
88925,12
88926,12
88927,12
88928,12
88929,12
88930,12
88931,12
88932,12
88933,12
88934,12
88935,12
88936,12
88937,12
88938,12
88939,12
88941,12
88942,12
88945,11
88947,11
88948,11
88949,11
88950,11
88951,11
88952,11
88953,11
88954,11
88955,11
88956,11
88957,11
88958,11
88959,11
88960,11
88961,11
88962,11
88963,11
88964,11
88965,11
88966,11
88967,11
88972,11
88973,11
88974,11
88975,11
88976,11
88977,12
88978,12
88979,12
88980,11
88981,11
88982,12
88983,11
88984,11
88985,12
88986,12
88987,12
88988,12
88989,12
88990,11
88991,11
88992,12
88993,12
88994,12
88995,12
88996,12
88997,12
88998,12
88999,12
89000,12
89002,12
89003,12
89004,12
89005,12
89012,12
89016,11
89017,11
89018,11
89019,11
89020,11
89021,11
89022,11
89023,11
89024,11
89025,11
89026,11
89027,11
89028,11
89029,11
89030,12
89032,12
89033,11
89034,12
89035,12
89036,11
89039,11
89040,11
89041,11
89042,11
89043,11
89044,12
89056,11
89057,11
89060,12
89061,11
89062,11
89063,11
89064,11
89065,11
89067,12
89068,12
89069,12
89070,12
89071,12
89072,12
89073,12
89074,12
89075,12
89076,12
89077,12
89078,12
89079,12
89080,12
89081,12
89082,12
89083,12
89084,12
89085,12
89086,12
89087,12
89088,12
89089,12
89090,12
89091,12
89092,12
89093,12
89094,12
89095,12
89096,12
89097,12
89098,12
89099,12
89100,12
89101,12
89102,12
89103,12
89104,12
89105,12
89106,12
89107,12
89108,12
89109,12
89110,12
89111,12
89112,12
89113,12
89114,12
89115,12
89116,12
89117,12
89118,12
89119,12
89120,12
89121,12
89122,12
89123,12
89124,12
89125,12
89126,12
89127,12
89128,12
89129,12
89130,12
89131,12
89132,12
89133,12
89134,12
89135,12
89136,12
89137,12
89138,12
89139,12
89140,12
89141,12
89142,12
89143,12
89144,12
89145,12
89146,12
89147,12
89148,12
89149,12
89150,12
89151,12
89152,12
89153,12
89154,12
89155,12
89156,12
89157,12
89158,12
89159,12
89160,12
89161,12
89162,12
89163,12
89164,12
89165,12
89166,12
89167,12
89168,12
89169,12
89170,12
89171,12
89172,12
89173,12
89174,12
89175,12
89176,12
89177,12
89178,12
89179,12
89180,12
89181,12
89182,12
89183,12
89184,12
89185,12
89186,12
89187,12
89188,11
89189,11
89190,11
89191,11
89192,12
89193,12
89194,11
89195,11
89196,12
89197,11
89198,11
89199,12
89200,12
89201,12
89202,12
89203,12
89204,12
89205,12
89206,12
89207,12
89208,12
89209,11
89210,11
89211,11
89212,11
89213,11
89214,11
89215,11
89216,11
89217,11
89218,11
89219,11
89220,11
89221,11
89222,12
89223,12
89224,1
89227,11
89230,12
89231,12
89233,12
89236,1
89238,11
89240,11
89241,11
89242,11
89245,1
89246,11
89247,12
89248,11
89249,12
89250,11
89251,11
89252,11
89253,1
89254,11
89263,1
89266,12
89267,12
89268,12
89270,11
89271,12
89272,12
89273,11
89274,11
89275,12
89276,12
89277,12
89278,12
89279,12
89280,12
89281,12
89282,12
89283,12
89284,12
89285,12
89286,12
89287,12
89288,11
89289,12
89290,12
89291,11
89292,11
89293,11
89294,11
89295,11
89297,11
89305,11
89306,11
89307,12
89308,12
89309,12
89311,12
89312,12
89313,12
89314,12
89315,12
89316,12
89317,11
89318,12
89319,12
89320,11
89321,12
89322,11
89323,11
89324,11
89325,11
89326,11
89327,11
89330,11
89331,11
89332,11
89333,11
89334,12
89335,11
89336,11
89337,11
89338,12
89339,12
89340,1
89341,1
89343,11
89344,11
89345,11
89346,11
89347,12
89348,11
89349,11
89350,11
89351,11
89352,11
89353,11
89354,12
89377,12
89378,11
89380,11
89382,11
89383,12
89384,12
89385,12
89386,12
89387,12
89388,12
89390,11
89391,11
89392,11
89393,11
89394,11
89395,11
89396,11
89397,11
89398,11
89399,11
89400,11
89401,12
89402,12
89403,12
89404,7
89405,7
89406,7
89407,7
89408,7
89409,7
89410,11
89411,7
89412,7
89413,7
89414,7
89415,7
89416,7
89417,7
89418,7
89419,11
89420,11
89422,12
89423,12
89424,12
89425,12
89426,12
89427,12
89428,12
89429,12
89430,12
89431,12
89432,12
89433,12
89434,12
89435,12
89436,12
89437,12
89438,12
89439,12
89440,12
89441,12
89450,12
89452,11
89453,12
89454,12
89455,12
89456,12
89457,7
89458,7
89459,7
89460,12
89461,12
89464,7
89465,7
89466,7
89467,7
89468,7
89469,7
89472,11
89476,12
89477,11
89478,11
89479,12
89480,12
89481,11
89482,12
89483,12
89484,11
89490,11
89492,11
89493,11
89494,11
89495,11
89496,11
89498,11
89499,11
89500,11
89501,11
89502,11
89503,12
89504,11
89505,11
89506,12
89507,12
89508,11
89509,11
89510,11
89511,11
89512,11
89513,12
89514,11
89515,11
89516,7
89517,7
89518,7
89519,7
89520,7
89521,7
89522,7
89523,7
89524,7
89525,7
89526,7
89527,7
89528,7
89529,7
89530,7
89531,7
89532,7
89533,7
89534,7
89535,7
89536,7
89537,7
89538,7
89539,7
89540,7
89541,7
89542,7
89543,7
89544,7
89545,7
89546,7
89547,7
89548,7
89549,7
89550,7
89551,7
89552,7
89553,7
89554,7
89555,7
89556,7
89557,7
89558,7
89559,12
89560,12
89561,11
89564,12
89565,12
89566,11
89569,12
89570,12
89571,12
89572,12
89573,12
89575,11
89576,12
89577,11
89578,11
89579,11
89580,11
89581,11
89583,11
89585,11
89590,7
89591,7
89592,7
89593,7
89594,7
89595,7
89596,7
89597,7
89598,7
89599,7
89600,7
89601,7
89602,7
89603,7
89604,7
89605,7
89606,7
89607,7
89622,7
89644,7
89665,7
89676,7
89677,7
89678,7
89679,7
89680,7
89681,7
89682,7
89683,7
90016,12
90017,12
90018,12
90019,12
90020,12
90021,12
90022,12
90023,12
90024,12
90025,12
90026,12
90027,12
90028,12
90029,12
90030,12
90031,12
90032,12
90033,12
90034,12
90035,12
90036,12
90037,12
90038,12
90039,12
90040,12
90041,12
90042,12
90043,12
90044,12
90045,12
90046,12
90047,12
90048,12
90049,12
90050,12
90051,12
90052,12
90053,12
90054,12
90055,12
90056,12
90057,12
90058,12
90059,12
90060,12
90061,12
90062,12
90063,12
90064,12
90065,12
90066,12
90067,12
90068,12
90069,12
90070,12
90071,12
90072,12
90073,12
90074,12
90075,12
90076,12
90077,12
90078,12
90079,12
90080,12
90081,11
90082,12
90083,12
90087,10
90092,12
90093,12
90094,12
90095,12
90096,7
90097,7
90098,7
90099,7
90100,7
90101,7
90102,7
90103,7
90105,7
90108,7
90109,7
90110,7
90111,7
90112,7
90113,7
90114,7
90115,7
90118,11
90119,11
90122,11
90123,11
90124,11
90125,11
90126,11
90127,11
90128,12
90129,11
90130,11
90131,11
90132,11
90133,11
90134,11
90135,11
90136,11
90137,12
90138,12
90229,12
90230,12
90231,12
90232,12
90233,12
90234,12
90235,12
90236,12
90237,12
90238,12
90239,12
90240,12
90241,12
90242,12
90243,12
90244,12
90245,12
90246,12
90247,12
90248,12
90249,12
90250,12
90251,12
90252,12
90253,12
90254,12
90255,12
90256,12
90257,12
90258,12
90259,12
90260,12
90261,12
90262,12
90263,12
90264,12
90265,12
90266,12
90267,12
90268,12
90269,12
90270,12
90271,12
90272,12
90273,12
90274,12
90275,12
90276,12
90277,12
90278,12
90279,12
90280,12
90281,12
90282,12
90283,12
90284,12
90285,12
90286,12
90287,12
90288,12
90289,12
90290,12
90291,12
90292,12
90293,12
90294,12
90295,12
90296,12
90297,12
90298,12
90299,12
90300,12
90301,12
90302,12
90303,12
90304,12
90305,12
90306,12
90307,12
90308,12
90309,12
90310,12
90311,12
90312,12
90313,12
90314,12
90315,12
90316,12
90317,12
90318,12
90389,12
90390,12
90391,12
90392,12
90393,12
90394,12
90395,12
90396,12
90397,12
90398,12
90399,12
90400,12
90401,12
90402,12
90403,12
90404,12
90405,12
90406,12
90407,12
90408,12
90409,12
90410,12
90411,12
90412,12
90413,12
90414,12
90415,12
90416,12
90417,12
90418,12
90419,12
90420,12
90421,12
90422,12
90423,12
90424,12
90425,12
90426,12
90427,12
90428,12
90429,12
90430,12
90431,12
90432,12
90433,12
90434,12
90435,12
90436,12
90437,12
90438,12
90439,12
90440,12
90441,12
90442,12
90443,12
90444,12
90445,12
90446,12
90447,12
90448,12
90449,12
90450,12
90451,12
90452,12
90453,12
90454,12
90455,12
90456,12
90457,12
90458,12
90459,11
90460,11
90461,11
90462,11
90463,11
90464,11
90465,11
90466,11
90467,12
90468,12
90469,12
90470,12
90471,12
90472,12
90473,12
90474,12
90475,11
90476,11
90477,11
90478,11
90479,11
90480,11
90481,12
90482,12
90483,12
90484,12
90485,12
90486,12
90488,12
90489,12
90490,12
90491,12
90492,12
90493,12
90494,12
90495,11
90496,11
90497,11
90498,11
90499,11
90500,11
90501,11
90502,11
90503,11
90504,11
90505,12
90509,12
90511,11
90512,11
90514,11
90515,11
90517,11
90518,1
90519,1
90520,1
90521,11
90522,11
90523,11
90524,11
90525,11
90526,11
90527,11
90528,11
90529,11
90530,11
90531,11
90532,11
90533,12
90534,12
90535,12
90536,12
90537,12
90538,12
90540,12
90544,12
90545,11
90546,12
90547,12
90548,12
90549,12
90550,12
90551,12
90552,12
90553,12
90554,12
90555,12
90556,12
90557,12
90568,12
90569,12
90570,12
90571,12
90572,11
90573,12
90574,12
90575,12
90576,12
90577,11
90578,11
90579,11
90580,11
90581,11
90582,11
90583,12
90584,12
90585,12
90586,12
90587,12
90588,12
90589,12
90590,12
90591,12
90592,12
90593,12
90594,12
90595,12
90596,12
90597,11
90598,11
90599,11
90600,11
90601,12
90602,12
90607,11
90608,11
90609,11
90610,11
90614,11
90615,12
90616,12
90617,12
90618,12
90619,12
90620,12
90621,12
90622,12
90623,12
90628,11
90630,11
90631,11
90632,11
90633,11
90634,11
90635,11
90636,11
90637,11
90638,11
90639,11
90640,11
90641,11
90642,11
90643,11
90644,11
90645,11
90646,11
90648,11
90649,11
90650,11
90651,11
90652,11
90653,11
90654,11
90655,11
90656,11
90657,11
90658,12
90659,7
90660,11
90661,11
90663,11
90664,11
90665,11
90666,11
90667,11
90668,11
90669,12
90670,11
90671,12
90672,12
90673,12
90674,12
90675,12
90676,12
90677,12
90678,12
90679,12
90680,12
90681,12
90682,12
90683,12
90684,12
90685,12
90686,11
90687,12
90688,12
90689,12
90690,12
90691,12
90692,12
90693,12
90694,12
90695,12
90696,12
90697,12
90698,12
90699,12
90701,12
90703,11
90704,11
90705,12
90708,11
90709,11
90710,11
90711,11
90713,12
90714,12
90716,11
90718,12
90719,11
90720,12
90721,12
90722,12
90723,12
90724,12
90725,12
90729,11
90731,11
90732,11
90733,12
90734,12
90735,12
90736,12
90737,12
90738,12
90739,12
90740,12
90741,12
90742,12
90743,12
90744,12
90745,12
90746,12
90747,11
90748,12
90749,12
90751,11
90752,11
90753,11
90754,11
90755,12
90757,11
90759,11
90760,11
90761,11
90762,11
90763,11
90764,11
90765,11
90766,11
90767,11
90768,11
90769,11
90770,11
90772,12
90773,11
90774,11
90775,11
90776,11
90777,12
90778,11
90779,11
90780,11
90781,11
90782,12
90783,11
90784,11
90787,11
90790,12
90791,12
90792,12
90793,12
90794,12
90795,12
90796,12
90797,12
90798,12
90799,12
90800,12
90801,12
90802,12
90803,12
90804,12
90805,12
90806,12
90807,11
90808,11
90809,11
90810,11
90811,11
90812,11
90814,11
90815,11
90816,11
90818,12
90819,12
90820,12
90821,12
90822,12
90823,12
90824,12
90826,12
90827,12
90829,12
90830,12
90831,12
90832,12
90833,12
90834,12
90835,12
90837,12
90838,12
90839,11
90840,1
90842,1
90843,1
90844,12
90845,12
90846,12
90847,12
90848,12
90849,12
90851,12
90852,12
90853,11
90855,11
90856,11
90857,11
90858,12
90859,12
90860,12
90861,12
90862,12
90863,11
90864,11
90866,12
90867,12
90869,4
90870,12
90871,12
90872,12
90873,12
90874,12
90875,12
90876,12
90877,11
90878,11
90879,12
90880,12
90881,12
90882,12
90883,12
90884,12
90885,12
90886,12
90887,12
90888,12
90889,12
90890,12
90891,11
90892,12
90893,12
90895,12
90896,12
90897,12
90898,12
90899,11
90900,11
90901,7
90902,1
90903,11
90904,11
90905,11
90907,12
90908,11
90909,11
90910,12
90911,12
90912,12
90914,12
90915,12
90916,12
90917,12
90918,12
90919,12
90920,12
90921,12
90922,12
90923,12
90924,12
90925,11
90926,11
90927,11
90928,11
90929,11
90930,11
90931,12
90932,12
90933,12
90934,12
90935,12
90936,12
90937,12
90938,11
90939,11
90940,11
90941,11
90942,12
90943,12
90945,11
90946,11
90947,11
90948,11
90949,11
90950,11
90951,11
90952,11
90953,11
90954,11
90955,11
90956,12
90957,12
90958,12
90959,12
90960,12
90961,12
90962,12
90963,12
90965,12
90966,12
90967,12
90968,11
90969,11
90970,11
90971,11
90972,11
90973,11
90974,12
90975,12
90976,12
90977,11
90978,11
90979,11
90980,11
90981,11
90982,11
90983,11
90984,11
90985,11
90986,11
90987,11
90988,11
90989,11
90990,11
90991,11
90992,11
90993,12
90994,12
90995,7
90996,12
90999,12
91000,12
91001,12
91002,12
91003,12
91004,12
91005,12
91006,12
91007,12
91008,12
91009,11
91010,11
91011,11
91012,11
91013,11
91014,11
91015,11
91016,11
91017,11
91018,11
91019,11
91020,11
91021,11
91022,12
91023,12
91024,12
91025,11
91026,11
91027,11
91028,11
91029,11
91030,11
91031,11
91032,11
91033,11
91035,11
91038,12
91039,11
91040,12
91041,12
91042,12
91043,12
91044,11
91045,11
91046,11
91047,11
91048,11
91049,12
91050,11
91051,11
91052,11
91053,12
91054,12
91055,11
91056,11
91057,11
91058,11
91060,12
91061,12
91062,12
91063,12
91064,11
91065,12
91066,12
91067,12
91068,12
91069,12
91070,12
91071,12
91072,12
91073,12
91074,12
91075,11
91076,11
91077,12
91078,12
91079,11
91080,11
91081,11
91082,11
91083,11
91084,12
91085,12
91086,12
91087,12
91088,12
91089,11
91090,12
91091,11
91092,11
91093,11
91094,11
91095,12
91096,12
91097,12
91098,12
91099,12
91100,12
91101,12
91102,12
91103,12
91104,12
91105,12
91106,12
91107,12
91108,12
91109,12
91110,12
91111,12
91112,12
91113,12
91114,12
91115,12
91116,12
91117,12
91118,12
91119,12
91120,12
91121,12
91122,12
91123,12
91124,12
91125,11
91126,11
91127,11
91128,11
91129,11
91130,11
91131,11
91132,11
91133,11
91134,11
91135,11
91136,12
91137,12
91138,11
91140,11
91141,12
91142,11
91143,11
91144,11
91145,12
91146,12
91147,12
91148,12
91149,12
91150,12
91151,11
91152,11
91153,12
91154,11
91155,11
91156,11
91157,12
91158,11
91159,12
91160,11
91161,11
91162,11
91163,11
91164,11
91165,11
91166,11
91167,11
91168,11
91169,11
91170,11
91171,11
91172,11
91173,11
91174,11
91175,11
91176,11
91177,11
91178,11
91179,11
91180,11
91181,11
91182,12
91183,12
91184,12
91185,12
91186,12
91187,12
91188,12
91189,12
91190,11
91191,12
91192,12
91193,11
91194,11
91195,12
91197,12
91199,12
91200,11
91201,12
91202,11
91203,11
91204,11
91205,11
91206,12
91207,12
91208,1
91209,1
91210,12
91211,12
91212,12
91213,12
91214,12
91215,12
91216,12
91217,12
91218,12
91219,12
91220,12
91221,12
91222,12
91223,12
91224,12
91225,12
91226,12
91227,12
91228,12
91229,12
91230,12
91231,12
91232,12
91233,12
91234,12
91235,12
91236,12
91237,12
91238,12
91239,12
91240,12
91241,12
91242,12
91243,12
91244,12
91245,12
91246,12
91247,12
91248,12
91249,12
91250,12
91251,12
91252,12
91253,12
91254,12
91255,12
91256,12
91257,12
91258,12
91259,12
91260,12
91261,12
91262,12
91263,12
91264,12
91265,12
91266,12
91267,12
91268,12
91269,12
91270,12
91271,12
91272,11
91273,12
91274,12
91275,12
91276,12
91277,12
91278,12
91279,12
91280,12
91281,12
91282,1
91283,11
91284,12
91285,1
91286,12
91287,12
91288,12
91289,12
91290,12
91291,12
91292,12
91293,12
91294,1
91301,12
91302,12
91303,12
91304,12
91305,12
91306,11
91308,12
91309,11
91310,11
91311,11
91312,11
91314,11
91315,12
91316,1
91317,1
91328,12
91330,12
91331,12
91337,11
91339,12
91340,12
91341,12
91342,12
91343,12
91345,12
91346,12
91347,12
91348,12
91349,12
91350,12
91352,11
91353,11
91358,12
91359,12
91360,12
91361,12
91362,12
91363,12
91364,12
91365,12
91366,12
91367,12
91368,12
91369,12
91370,12
91371,12
91372,12
91373,12
91374,12
91375,12
91376,12
91377,12
91378,12
91379,12
91380,12
91381,12
91382,12
91383,12
91384,12
91385,12
91386,12
91388,12
91389,12
91390,12
91391,12
91392,11
91395,12
91396,12
91398,12
91399,12
91400,12
91401,12
91402,12
91403,12
91404,12
91405,12
91406,12
91407,12
91408,12
91409,12
91410,12
91411,12
91412,12
91413,11
91414,12
91415,12
91417,12
91419,12
91420,11
91421,11
91422,11
91423,12
91426,12
91427,12
91429,12
91430,12
91431,12
91432,12
91433,12
91434,12
91435,12
91436,12
91437,12
91438,7
91439,7
91440,7
91441,7
91442,11
91443,7
91444,7
91445,7
91446,7
91447,7
91448,7
91449,7
91450,12
91451,11
91452,12
91453,11
91454,11
91455,12
91456,12
91457,12
91458,12
91459,11
91460,11
91461,11
91462,12
91463,12
91464,12
91465,12
91466,10
91467,10
91468,10
91469,10
91470,10
91471,12
91472,12
91473,12
91474,12
91475,12
91476,11
91477,11
91478,11
91479,11
91480,11
91481,11
91482,11
91483,11
91484,11
91485,11
91486,11
91487,11
91489,11
91490,12
91492,12
91493,12
91494,12
91495,12
91496,12
91504,12
91505,12
91506,12
91507,12
91508,12
91509,12
91510,12
91511,12
91512,12
91513,12
91514,12
91515,12
91516,7
91517,12
91518,12
91519,12
91520,12
91521,11
91522,7
91523,12
91524,11
91525,11
91526,11
91527,11
91528,11
91529,11
91530,11
91532,11
91533,12
91534,11
91535,12
91536,12
91537,12
91539,11
91541,12
91542,12
91543,12
91544,12
91545,12
91546,12
91550,12
91551,12
91552,12
91553,12
91555,12
91556,12
91557,12
91558,12
91559,12
91560,12
91561,12
91562,12
91563,12
91565,12
91566,12
91570,12
91571,12
91579,11
91581,11
91582,12
91583,12
91584,12
91585,12
91586,12
91587,12
91588,12
91589,12
91590,12
91591,12
91592,12
91594,12
91595,12
91596,12
91597,12
91598,12
91599,12
91600,12
91601,12
91602,12
91603,12
91604,12
91605,12
91606,12
91612,11
91613,12
91614,7
91615,7
91616,7
91618,7
91619,7
91620,7
91621,7
91624,11
91625,11
91626,11
91627,12
91628,12
91629,12
91630,12
91631,12
91632,12
91633,12
91634,12
91635,11
91636,11
91637,11
91638,11
91639,7
91640,7
91641,11
91642,7
91643,7
91644,7
91645,7
91646,7
91647,7
91648,7
91649,7
91650,11
91651,11
91652,11
91653,11
91654,11
91655,11
91656,11
91657,11
91658,11
91659,11
91660,11
91661,11
91662,11
91663,11
91664,11
91665,11
91666,11
91667,11
91668,11
91669,11
91670,11
91671,11
91672,11
91673,11
91674,11
91675,11
91676,11
91677,11
91678,11
91679,11
91680,11
91681,11
91682,11
91683,11
91684,11
91686,10
91687,10
91691,10
91692,11
91693,12
91694,12
91695,10
91699,12
91700,12
91701,5
91704,5
91705,5
91707,5
91710,5
91711,5
91713,5
91716,5
91717,5
91719,12
91720,11
91721,7
91722,7
91726,12
91727,11
91728,7
91729,7
91730,7
91731,12
91739,12
91744,11
91747,12
91748,12
91749,12
91750,12
91757,7
91759,7
91761,11
91763,11
91766,11
91768,11
91771,11
91773,11
91774,11
91776,11
91778,11
91779,11
91780,11
91781,11
91782,11
91783,11
91784,11
91785,12
91787,12
91788,12
91789,12
91790,12
91791,11
91792,11
91793,12
91795,11
91796,12
91797,12
91798,12
91799,12
91800,12
91801,12
91802,12
91803,12
91804,12
91805,12
91806,12
91807,12
91808,12
91809,12
91810,12
91811,12
91812,11
91813,12
91814,11
91815,11
91816,11
91817,11
91818,11
91819,11
91820,12
91821,12
91822,12
91823,12
91824,12
91825,12
91826,12
91827,12
91828,12
91829,12
91830,12
91831,12
91832,12
91833,12
91834,12
91835,12
91836,12
91837,12
91838,12
91839,12
91840,12
91841,12
91842,12
91843,12
91844,12
91845,12
91846,12
91847,11
91848,11
91849,11
91850,11
91851,11
91854,12
91855,11
91859,1
91863,12
91864,12
91865,11
91866,11
91867,11
91868,12
91869,11
91870,11
91871,12
91872,12
91873,12
91874,12
91875,12
91876,12
91878,11
91879,11
91880,11
91884,12
91885,12
91886,12
91887,12
91888,1
91889,1
91890,11
91891,11
91892,11
91893,11
91894,11
91895,11
91896,11
91897,11
91898,11
91914,11
91915,11
91916,11
91918,12
91922,12
91924,11
91925,11
91926,11
91927,12
91928,12
91929,12
91930,12
91931,12
91932,12
91933,12
91934,11
91937,12
91938,12
91939,11
91940,11
91941,11
91942,11
91943,11
91944,11
91945,11
91946,11
91947,11
91948,11
91949,11
91950,11
91951,11
91953,11
91954,11
91955,7
91956,7
91957,11
91958,12
91959,11
91960,11
91961,11
91962,12
91963,12
91964,12
91965,12
91966,12
91967,12
91968,12
91969,12
91970,12
91971,12
91972,12
91973,12
91974,12
91975,12
91976,12
91977,12
91978,12
91979,12
91980,12
91981,12
91982,12
91983,12
91984,12
91985,12
91986,12
91987,12
91988,12
91989,12
91990,12
91991,12
91992,12
91993,12
91994,12
91995,12
91996,12
91997,12
91998,12
91999,12
92000,12
92001,12
92002,12
92003,12
92004,12
92005,12
92006,12
92007,12
92010,12
92012,12
92013,12
92018,11
92019,12
92021,12
92022,12
92023,12
92024,12
92025,12
92028,12
92030,12
92031,11
92032,11
92033,11
92034,12
92061,12
92062,12
92063,12
92071,11
92072,11
92073,11
92074,11
92075,11
92076,11
92077,11
92078,11
92079,11
92080,11
92081,11
92082,11
92084,12
92085,12
92086,12
92087,12
92088,12
92089,12
92090,12
92091,12
92092,12
92093,12
92095,11
92096,11
92097,11
92098,11
92099,12
92103,12
92104,11
92105,12
92106,12
92107,11
92108,12
92112,11
92115,11
92116,11
92117,11
92119,12
92120,12
92121,12
92122,12
92123,12
92124,1
92125,12
92127,12
92128,12
92129,12
92130,12
92131,12
92132,11
92133,11
92134,11
92135,11
92136,12
92137,12
92138,12
92139,12
92140,12
92141,12
92142,12
92143,12
92144,12
92145,12
92146,12
92148,12
92149,12
92150,12
92151,12
92152,12
92153,12
92154,12
92155,12
92156,12
92157,12
92158,12
92159,12
92160,12
92161,12
92162,12
92163,12
92164,12
92165,12
92166,12
92167,12
92168,12
92170,12
92172,12
92173,11
92174,12
92175,11
92176,12
92177,12
92178,12
92179,12
92180,12
92181,12
92182,12
92183,12
92184,12
92185,12
92186,12
92187,12
92188,12
92190,12
92191,12
92192,11
92193,12
92194,12
92195,12
92196,12
92197,12
92198,12
92199,12
92200,12
92201,12
92202,12
92203,12
92204,12
92205,12
92206,12
92207,12
92208,12
92209,12
92210,12
92211,12
92212,12
92213,12
92214,12
92215,12
92216,12
92217,12
92218,12
92219,12
92220,12
92221,12
92222,12
92223,12
92224,12
92225,12
92226,12
92227,12
92228,12
92229,12
92230,12
92231,12
92232,12
92233,12
92234,12
92235,12
92236,12
92237,12
92238,12
92239,12
92240,12
92241,12
92242,12
92243,12
92244,12
92245,12
92246,12
92247,12
92248,12
92249,12
92250,12
92251,12
92252,12
92253,12
92254,12
92255,12
92256,12
92257,12
92258,12
92259,12
92260,12
92261,12
92262,12
92263,12
92264,12
92265,12
92266,12
92267,12
92268,12
92269,12
92270,12
92271,12
92272,12
92273,12
92274,12
92275,12
92276,12
92277,12
92278,12
92279,12
92280,12
92281,12
92282,12
92283,12
92284,12
92285,12
92286,12
92287,12
92288,12
92289,12
92290,12
92291,12
92292,12
92293,12
92294,12
92295,12
92296,12
92297,12
92298,11
92299,12
92300,12
92301,12
92302,12
92303,12
92304,12
92305,12
92306,12
92307,12
92308,12
92309,12
92310,12
92311,12
92312,12
92313,12
92314,12
92315,12
92316,12
92319,12
92320,12
92321,12
92322,12
92323,12
92324,12
92325,12
92326,12
92327,12
92330,11
92331,11
92332,11
92334,12
92347,11
92348,11
92349,12
92350,12
92351,12
92352,12
92353,12
92354,12
92355,12
92356,12
92357,12
92358,12
92359,12
92360,12
92361,12
92362,12
92363,12
92364,12
92365,12
92366,12
92367,11
92368,11
92369,11
92370,11
92371,12
92372,12
92373,12
92374,12
92375,12
92376,12
92377,12
92378,12
92379,12
92380,12
92381,12
92382,12
92383,12
92384,12
92385,12
92386,12
92387,12
92388,12
92389,12
92390,12
92391,12
92392,12
92393,12
92394,11
92395,12
92396,12
92397,12
92398,12
92399,12
92400,11
92401,1
92402,12
92403,12
92404,12
92405,11
92407,12
92408,12
92409,12
92410,12
92411,12
92412,12
92413,12
92414,12
92417,12
92418,12
92420,12
92423,12
92424,12
92425,11
92426,12
92427,12
92428,11
92429,12
92430,12
92431,12
92435,12
92436,12
92437,12
92438,12
92439,7
92440,7
92441,7
92442,7
92443,12
92444,12
92445,12
92447,12
92448,12
92450,12
92451,12
92452,12
92453,12
92455,11
92460,1
92461,1
92462,1
92463,1
92464,1
92465,1
92469,1
92470,1
92471,1
92472,1
92473,1
92474,1
92475,11
92476,11
92477,11
92478,11
92481,1
92482,1
92483,1
92484,1
92485,1
92486,11
92487,11
92488,11
92491,12
92492,12
92493,12
92494,12
92495,12
92496,12
92497,12
92498,11
92499,12
92503,12
92504,12
92505,12
92506,12
92507,12
92508,12
92509,12
92510,12
92511,12
92512,12
92513,12
92518,12
92520,12
92523,12
92531,12
92532,1
92535,11
92536,11
92537,11
92538,11
92540,11
92541,11
92544,1
92546,12
92547,12
92549,12
92554,12
92555,12
92556,12
92557,12
92558,12
92559,12
92560,12
92563,12
92564,12
92565,12
92566,12
92567,12
92569,12
92571,12
92572,12
92573,11
92576,12
92577,12
92578,12
92580,12
92581,12
92582,12
92583,12
92584,11
92585,11
92586,11
92587,11
92588,11
92597,1
92598,1
92599,11
92600,12
92601,12
92602,11
92603,12
92604,12
92605,12
92606,12
92607,12
92608,12
92610,11
92611,11
92613,11
92614,11
92615,11
92616,12
92617,12
92618,12
92619,11
92620,12
92621,12
92622,12
92623,12
92624,12
92625,12
92626,11
92627,11
92628,11
92629,11
92630,11
92631,11
92632,11
92633,11
92634,12
92635,12
92636,12
92637,12
92638,11
92641,12
92647,12
92649,11
92650,12
92651,11
92652,12
92654,11
92655,11
92656,11
92657,12
92658,12
92659,12
92660,12
92661,12
92662,12
92663,11
92664,11
92665,11
92666,11
92667,12
92668,12
92669,12
92670,12
92671,12
92672,12
92673,12
92674,12
92675,12
92676,12
92677,12
92680,11
92681,11
92686,11
92687,12
92688,7
92689,12
92690,12
92691,12
92692,6
92694,12
92695,12
92696,12
92697,12
92710,12
92711,12
92712,12
92713,12
92714,12
92715,12
92716,12
92719,12
92720,12
92721,12
92722,12
92724,12
92725,12
92728,12
92729,12
92730,12
92731,12
92732,12
92733,11
92734,11
92735,12
92736,12
92737,12
92738,12
92739,12
92740,12
92742,1
92744,1
92745,1
92746,12
92747,1
92748,1
92749,1
92750,1
92751,1
92752,1
92753,1
92756,12
92757,12
92758,12
92759,12
92760,12
92761,12
92762,12
92763,12
92764,12
92765,12
92766,12
92767,12
92768,12
92769,12
92770,12
92771,12
92772,12
92773,12
92774,12
92775,12
92776,12
92777,12
92778,12
92779,12
92780,12
92781,12
92782,12
92783,12
92784,12
92785,12
92786,12
92787,12
92788,12
92789,12
92790,12
92791,12
92792,12
92793,12
92794,12
92795,12
92796,12
92797,12
92798,12
92799,12
92800,12
92801,12
92802,12
92803,12
92804,12
92805,12
92806,12
92807,12
92808,12
92809,12
92810,12
92813,11
92816,10
92819,1
92821,12
92826,12
92829,12
92830,12
92831,12
92832,12
92835,11
92836,12
92839,12
92843,11
92845,12
92848,12
92851,12
92855,12
92856,11
92857,12
92861,11
92862,11
92863,11
92864,12
92865,12
92866,12
92868,12
92869,12
92870,12
92875,11
92876,11
92877,11
92879,12
92882,12
92883,12
92884,12
92885,12
92886,11
92887,12
92888,12
92889,11
92890,12
92891,12
92892,12
92895,12
92896,12
92897,12
92898,12
92899,12
92900,12
92901,12
92902,12
92903,12
92904,12
92905,12
92906,12
92907,12
92916,12
92917,12
92918,12
92919,12
92920,12
92921,12
92922,12
92923,12
92924,12
92925,12
92926,12
92927,12
92928,12
92929,12
92930,12
92931,12
92932,12
92933,12
92934,12
92935,12
92936,12
92937,12
92938,12
92939,12
92940,12
92943,11
92944,12
92945,12
92946,12
92948,12
92949,12
92950,12
92951,12
92952,12
92953,12
92954,12
92955,12
92957,12
92958,12
92961,12
92962,12
92963,12
92964,12
92965,12
92966,12
92967,12
92968,12
92969,12
92970,12
92971,12
92972,12
92973,12
92974,12
92975,12
92976,12
92977,12
92978,12
92979,12
92980,12
92981,12
92982,12
92983,12
92984,12
92985,12
92986,12
92987,12
92988,12
92989,12
92990,12
92991,12
92992,12
92993,12
92994,12
92995,12
92996,12
92997,12
92998,12
92999,12
93000,12
93001,12
93002,12
93003,12
93004,12
93005,12
93006,12
93007,12
93008,12
93009,12
93010,12
93011,12
93012,12
93013,12
93017,12
93018,12
93019,12
93020,12
93021,12
93022,12
93023,12
93024,12
93025,12
93033,12
93042,11
93043,12
93046,12
93047,12
93048,12
93049,12
93050,12
93051,12
93053,12
93055,12
93056,12
93057,12
93061,12
93063,12
93064,12
93067,12
93071,12
93073,12
93074,12
93075,12
93076,11
93077,12
93078,12
93079,12
93080,12
93081,12
93082,12
93083,12
93084,12
93085,12
93086,12
93087,12
93088,12
93091,12
93093,12
93094,12
93095,12
93096,12
93097,12
93098,12
93099,12
93100,12
93101,12
93102,12
93103,12
93104,12
93105,12
93106,12
93107,12
93108,12
93109,12
93110,12
93111,12
93112,7
93113,7
93114,7
93115,12
93116,7
93117,7
93118,11
93119,11
93120,7
93121,11
93124,12
93130,12
93131,12
93132,12
93133,12
93134,12
93135,12
93136,12
93137,12
93138,12
93139,12
93140,12
93141,12
93142,12
93143,12
93144,12
93145,12
93146,12
93147,12
93148,12
93149,12
93150,12
93151,12
93152,12
93153,12
93154,11
93155,11
93168,12
93169,12
93170,12
93171,12
93177,12
93178,12
93179,12
93180,12
93181,12
93182,12
93183,11
93186,12
93187,12
93195,11
93198,12
93199,12
93200,12
93201,12
93222,12
93223,11
93228,12
93229,12
93230,12
93231,12
93232,12
93233,12
93234,12
93235,12
93236,12
93237,12
93239,12
93243,11
93244,12
93257,12
93258,12
93259,12
93260,12
93261,12
93262,12
93263,12
93264,12
93265,12
93266,12
93270,12
93275,12
93276,12
93279,12
93282,12
93285,12
93290,12
93295,12
93301,12
93304,12
93309,12
93321,11
93322,11
93323,11
93324,11
93325,11
93326,11
93327,11
93328,11
93329,11
93330,11
93331,11
93332,11
93333,11
93334,11
93335,11
93336,11
93337,11
93338,11
93339,12
93340,12
93363,12
93364,12
93365,12
93366,12
93367,12
93372,12
93373,12
93378,12
93380,12
93382,12
93384,12
93385,12
93386,12
93387,12
93388,12
93389,12
93390,12
93391,12
93392,12
93393,12
93396,12
93397,12
93398,11
93399,11
93400,11
93401,11
93402,11
93403,11
93405,11
93409,12
93410,12
93411,12
93412,12
93413,12
93414,12
93415,12
93416,12
93417,12
93418,12
93419,12
93420,12
93421,12
93423,12
93424,12
93425,12
93426,12
93427,12
93428,12
93431,12
93432,12
93433,12
93435,12
93436,12
93437,12
93438,12
93439,11
93440,12
93441,11
93442,12
93445,12
93446,12
93447,12
93448,12
93449,12
93452,12
93453,12
93454,12
93455,12
93456,12
93457,12
93466,11
93467,12
93468,11
93469,11
93470,12
93471,12
93472,12
93473,12
93474,12
93475,12
93476,12
93477,11
93478,12
93479,12
93480,12
93481,12
93482,12
93483,12
93484,12
93485,12
93486,12
93487,12
93488,12
93489,12
93490,12
93491,12
93492,11
93493,12
93494,12
93495,12
93496,12
93497,12
93498,12
93499,12
93500,12
93501,12
93502,12
93503,12
93504,12
93505,12
93506,12
93507,12
93508,12
93509,12
93511,12
93513,12
93514,12
93515,12
93516,11
93517,12
93518,12
93519,12
93523,12
93524,12
93525,12
93526,12
93527,12
93528,12
93529,12
93530,12
93531,12
93532,12
93533,12
93534,12
93535,12
93536,12
93537,12
93538,12
93539,12
93540,12
93541,12
93542,12
93543,12
93544,12
93545,12
93548,12
93549,12
93550,12
93552,1
93553,12
93554,12
93555,12
93556,12
93557,12
93558,12
93559,12
93560,12
93561,12
93562,12
93563,12
93564,12
93565,12
93566,12
93569,12
93570,12
93571,12
93573,12
93575,12
93576,12
93577,12
93578,12
93579,12
93581,12
93582,12
93583,12
93586,12
93587,12
93588,12
93589,12
93590,12
93591,12
93593,12
93595,12
93598,12
93599,12
93600,12
93602,12
93603,12
93605,12
93607,12
93608,12
93610,12
93611,12
93612,12
93613,12
93614,12
93616,12
93618,12
93619,12
93620,12
93621,12
93622,12
93623,12
93624,12
93625,12
93626,12
93627,12
93628,12
93629,11
93630,12
93631,12
93632,12
93633,12
93634,12
93635,12
93636,12
93637,12
93638,12
93639,12
93640,12
93641,12
93642,12
93645,12
93647,12
93648,12
93649,12
93650,12
93651,12
93652,12
93664,12
93665,12
93667,12
93668,12
93669,12
93670,12
93671,12
93672,12
93673,12
93674,12
93675,12
93676,12
93677,12
93683,12
93687,12
93688,11
93690,12
93691,12
93692,12
93693,12
93694,12
93695,12
93696,12
93697,12
93698,12
93699,12
93700,12
93701,12
93702,12
93703,12
93704,12
93705,12
93706,12
93707,12
93708,12
93709,12
93710,12
93711,12
93712,12
93713,12
93714,12
93715,12
93716,12
93717,12
93718,12
93719,12
93720,12
93721,12
93722,12
93723,12
93724,12
93726,12
93727,12
93728,12
93729,12
93730,12
93731,12
93734,12
93741,12
93742,12
93743,12
93744,12
93745,12
93746,1
93748,12
93749,12
93750,12
93751,12
93752,12
93753,12
93754,12
93755,12
93756,12
93757,12
93758,12
93760,12
93761,12
93762,12
93763,12
93764,11
93765,11
93766,12
93767,12
93768,12
93769,12
93770,12
93771,12
93772,12
93774,12
93775,12
93776,12
93781,12
93782,12
93783,12
93784,12
93785,12
93789,12
93790,12
93792,12
93793,12
93794,12
93795,12
93796,12
93798,12
93800,12
93801,12
93804,12
93805,12
93806,12
93807,12
93808,12
93809,12
93810,12
93811,12
93812,12
93813,12
93814,12
93815,12
93816,12
93817,12
93818,12
93819,12
93820,12
93821,12
93822,12
93823,2
93829,12
93837,12
93838,12
93839,12
93840,12
93841,12
93842,12
93843,12
93849,12
93850,12
93851,12
93852,12
93853,12
93855,12
93856,12
93857,12
93858,12
93859,12
93860,12
93861,12
93863,12
93864,12
93865,12
93866,12
93867,12
93868,12
93869,12
93870,12
93871,12
93872,12
93873,12
93874,12
93875,12
93876,11
93877,12
93878,12
93879,12
93880,12
93881,12
93882,12
93883,12
93884,12
93888,11
93889,12
93890,12
93891,12
93892,12
93893,12
93895,12
93896,12
93897,12
93898,12
93899,12
93901,11
93902,11
93904,12
93905,12
93906,12
93907,12
93908,12
93909,12
93910,12
93911,12
93912,12
93913,12
93914,12
93915,12
93916,12
93917,12
93918,12
93919,12
93920,12
93921,12
93922,12
93923,12
93924,12
93929,11
93930,12
93931,12
93932,12
93933,12
93934,12
93935,12
93936,12
93937,12
93941,12
93942,12
93943,12
93944,12
93945,12
93946,12
93947,12
93953,12
93957,12
93959,12
93960,12
93961,12
93962,12
93965,12
93966,12
93967,12
93969,12
93970,12
93979,11
93980,12
93981,12
93982,12
93983,12
93984,12
93985,12
93986,12
93987,12
93988,12
93989,12
93990,12
93991,12
93992,12
93993,12
93994,12
93995,12
93996,12
93997,12
93998,12
93999,12
94000,12
94001,12
94002,12
94005,12
94008,11
94009,12
94010,12
94012,12
94014,12
94015,12
94016,12
94017,12
94018,12
94019,12
94020,12
94021,12
94022,12
94023,12
94024,12
94025,12
94026,12
94027,12
94028,12
94029,12
94030,12
94031,12
94033,12
94034,12
94035,12
94036,12
94037,12
94038,12
94039,12
94040,12
94041,12
94042,12
94043,12
94044,12
94045,12
94046,12
94047,12
94052,12
94053,12
94054,12
94055,12
94056,12
94057,12
94058,12
94210,12
94361,12
94362,12
94363,12
94364,11
94365,12
94370,12
94371,12
94372,12
94377,11
94378,11
94379,12
94380,12
94381,12
94382,12
94383,12
94384,12
94385,12
94386,12
94387,12
94388,12
94389,12
94390,12
94391,12
94392,11
94393,12
94394,12
94395,12
94396,12
94397,12
94398,12
94402,12
94403,12
94408,12
94409,12
94410,12
94414,1
94415,11
94416,11
94417,12
94418,12
94419,12
94420,11
94421,11
94422,11
94423,12
94424,11
94425,12
94426,12
94427,1
94430,12
94431,11
94432,12
94434,1
94435,1
94436,1
94437,11
94438,1
94439,11
94440,1
94441,1
94442,12
94443,12
94444,12
94445,12
94446,12
94447,12
94448,12
94450,12
94451,12
94452,12
94453,12
94454,12
94455,12
94457,12
94458,12
94459,12
94460,12
94461,12
94462,12
94463,12
94464,12
94469,12
94470,12
94471,12
94474,12
94475,12
94476,12
94477,12
94478,12
94482,12
94492,12
94506,12
94507,12
94508,12
94509,12
94510,12
94511,12
94512,12
94513,12
94514,12
94515,12
94516,12
94517,12
94518,12
94519,12
94520,12
94521,12
94522,12
94523,12
94524,12
94525,12
94526,12
94527,12
94528,12
94529,12
94530,12
94531,12
94536,12
94537,12
94538,12
94539,12
94540,12
94541,12
94542,12
94543,12
94544,12
94545,12
94546,12
94547,12
94548,12
94549,12
94550,12
94551,12
94552,12
94553,12
94554,12
94555,12
94560,12
94561,12
94562,12
94563,12
94564,12
94565,12
94566,12
94567,12
94569,12
94570,12
94571,12
94572,12
94573,12
94574,12
94575,12
94580,12
94581,12
94582,12
94583,12
94584,12
94585,12
94586,12
94587,12
94588,12
94589,12
94590,12
94591,12
94592,12
94593,12
94594,12
94595,12
94596,12
94597,12
94598,12
94599,12
94600,12
94601,12
94602,12
94603,12
94604,12
94605,12
94606,12
94607,12
94611,12
94612,12
94619,12
94622,12
94623,12
94625,12
94626,12
94627,12
94628,12
94630,12
94631,12
94632,12
94633,12
94635,12
94636,12
94637,12
94639,12
94640,12
94641,12
94642,12
94643,12
94644,12
94645,12
94646,12
94647,12
94648,12
94649,12
94650,12
94651,12
94652,12
94653,12
94654,12
94655,12
94656,12
94657,12
94658,12
94659,12
94660,12
94661,12
94662,12
94663,12
94664,12
94665,12
94671,12
94673,12
94674,12
94675,12
94677,12
94681,12
94682,12
94683,12
94684,12
94685,12
94686,12
94687,12
94688,12
94689,12
94690,12
94691,12
94692,12
94693,12
94694,12
94695,12
94696,12
94697,12
94698,12
94699,12
94700,12
94701,12
94702,12
94703,12
94704,12
94705,12
94706,12
94707,12
94708,12
94709,12
94710,12
94711,12
94712,12
94713,12
94714,12
94715,12
94716,12
94717,12
94718,12
94719,12
94720,12
94721,12
94722,12
94723,12
94724,12
94725,12
94726,12
94728,12
94729,12
94730,12
94731,12
94732,12
94735,12
94736,12
94738,12
94740,12
94742,12
94743,12
94747,12
94750,12
94751,12
94752,12
94753,12
94754,12
94755,12
94756,12
94757,12
94758,12
94759,12
94760,12
94761,12
94762,12
94763,12
94764,12
94765,12
94766,12
94767,12
94770,12
94780,11
94781,12
94783,12
94788,12
94790,12
94794,12
94795,12
94796,12
94797,12
94798,12
94799,12
94800,12
94801,12
94802,12
94803,12
94804,12
94805,12
94806,12
94807,12
94810,12
94813,12
94815,12
94816,12
94827,12
94828,12
94830,12
94831,10
94834,12
94835,12
94836,12
94837,12
94838,12
94839,12
94840,12
94844,12
94845,12
94847,7
94848,12
94849,12
94850,12
94851,12
94852,12
94853,12
94854,12
94855,12
94856,12
94860,12
94865,12
94866,12
94867,12
94868,12
94869,12
94870,12
94871,12
94875,12
94876,12
94882,12
94883,12
94904,12
94905,12
94908,12
94909,12
94910,12
94920,12
94932,11
94933,11
94936,12
94937,12
94939,12
94940,12
94941,12
94942,12
94943,12
94944,12
94945,12
94951,12
94952,12
94953,12
94954,12
94957,12
94959,12
94960,12
94966,12
94967,12
94976,12
94990,12
94991,12
94993,12
94994,12
94995,12
94996,12
95000,12
95001,12
95002,12
95003,12
95004,12
95005,12
95007,12
95008,12
95009,12
95010,12
95011,12
95012,12
95021,12
95022,12
95023,12
95024,12
95038,12
95039,12
95040,12
95043,12
95044,12
95045,12
95046,12
95048,12
95049,12
95050,12
95051,12
95052,12
95053,12
95054,12
95061,12
95067,12
95068,12
95069,12
95070,12
95071,12
95091,12
95113,12
95114,12
95127,12
95128,12
95129,12
95130,12
95131,12
95132,12
95133,12
95134,12
95135,12
95136,12
95137,12
95138,12
95139,11
95146,12
95149,12
95150,12
95151,12
95152,12
95154,12
95155,12
95164,12
95166,12
95167,12
95168,12
95169,12
95170,12
95171,12
95172,12
95173,12
95174,12
95175,7
95176,12
95177,12
95178,12
95187,12
95215,7
95220,12
95230,12
95234,12
95237,12
95240,12
95243,12
95244,12
95245,12
95247,12
95253,12
95255,12
95268,12
95269,12
95270,11
95271,12
95274,12
95276,12
95279,12
95280,12
95281,11
95282,12
95286,12
95290,12
95304,12
95308,12
95314,1
95324,12
95334,12
95336,12
95341,12
95342,12
95343,12
95344,12
95345,12
95346,12
95347,12
95348,12
95353,12
95355,12
95362,12
95372,12
95373,12
95375,12
95381,12
95388,12
95389,12
95391,12
95392,12
95393,12
95394,12
95395,12
95396,12
95397,12
95398,12
95399,12
95400,12
95401,12
95402,12
95403,12
95404,12
95405,12
95406,12
95407,12
95408,12
95409,12
95410,12
95411,12
95412,12
95413,12
95414,12
95416,12
95429,12
95435,12
95437,12
95438,12
95439,12
95440,12
95446,12
95447,12
95448,12
95449,12
95450,12
95451,12
95452,12
95453,12
95459,12
95468,12
95469,12
95470,12
95471,12
95482,12
95484,12
95485,12
95513,12
95514,12
95515,12
95516,12
95517,12
95518,12
95519,12
95520,12
95521,12
95522,12
95523,12
95524,12
95525,12
95527,12
95528,12
95529,12
95530,12
95531,12
95535,12
95536,12
95537,12
95538,12
95539,12
95540,12
95541,12
95542,12
95543,12
95545,12
95546,12
95547,12
95548,12
95549,12
95550,12
95551,12
95552,12
95553,12
95554,12
95558,12
95559,12
95563,12
95564,12
95566,12
95571,12
95572,12
95573,12
95574,12
95575,12
95578,12
95579,12
95580,12
95581,12
95582,12
95589,12
95591,12
95594,12
95596,12
95598,12
95614,12
95616,12
95617,12
95618,12
95619,12
95639,12
95640,12
95641,12
95662,12
95673,12
95681,12
95695,12
95696,12
95715,12
95716,12
95727,12
95768,12
95779,12
95780,12
95781,12
95782,12
95783,12
95784,12
95794,12
95803,1
95804,12
95807,12
95815,12
95823,12
95824,12
95831,12
95832,12
95833,12
95834,12
95835,12
95836,12
95841,12
95842,12
95843,12
95854,12
95855,12
95856,12
95857,12
95858,12
95859,12
95860,12
95861,12
95862,12
95863,12
95864,12
95865,12
95866,12
95867,12
95868,12
95869,12
95870,12
95871,12
95872,12
95873,12
95874,12
95875,12
95881,12
95886,12
95887,12
95888,12
95889,12
95890,12
95891,12
95892,12
95893,12
95894,12
95895,12
95896,12
95897,12
95898,12
95899,12
95900,12
95901,12
95902,12
95903,12
95904,12
95905,12
95906,12
95907,12
95914,12
95915,12
95918,12
95920,12
95921,12
95922,12
95923,12
95927,12
95929,12
95930,12
95931,12
95932,12
95933,12
95938,12
95939,12
95940,12
95941,12
95942,12
95952,12
95953,12
95954,12
95956,12
95958,12
95959,12
95960,12
95962,12
95963,12
95964,12
95965,12
95966,12
95967,12
95968,12
95969,12
95970,12
95971,12
95972,12
95973,12
95974,12
95976,12
95985,12
95987,12
95989,12
95990,12
95995,12
95996,12
96000,12
96001,12
96002,12
96004,12
96017,12
96019,12
96021,12
96029,12
96030,12
96032,12
96033,12
96034,12
96035,12
96036,12
96037,12
96038,12
96039,12
96040,12
96041,12
96042,12
96043,12
96048,12
96049,12
96051,12
96052,12
96053,12
96054,12
96066,12
96070,12
96071,12
96072,12
96073,12
96074,12
96080,12
96089,12
96090,12
96091,12
96092,12
96093,12
96094,12
96095,12
96096,12
96097,12
96098,12
96099,12
96100,12
96110,12
96111,12
96112,12
96113,12
96114,11
96115,11
96116,11
96117,11
96118,11
96120,11
96121,11
96122,11
96123,11
96124,11
96141,12
96142,12
96143,12
96144,12
96146,12
96147,12
96148,12
96149,12
96150,12
96151,12
96152,12
96153,12
96154,12
96205,12
96206,12
96207,12
96208,12
96210,12
96214,11
96215,11
96217,12
96223,12
96224,12
96225,12
96226,12
96227,12
96228,12
96229,12
96230,12
96231,12
96232,12
96233,12
96238,12
96242,12
96244,12
96245,12
96267,12
96268,12
96269,12
96271,12
96272,12
96273,12
96275,12
96276,12
96277,12
96278,12
96279,12
96280,12
96281,12
96282,12
96283,12
96284,12
96285,12
96286,12
96287,12
96288,12
96289,12
96290,12
96291,12
96292,12
96293,12
96295,12
96298,12
96304,12
96305,12
96306,12
96307,12
96310,12
96311,12
96316,12
96317,12
96319,12
96320,12
96325,12
96326,12
96327,12
96329,12
96333,12
96338,12
96349,12
96352,12
96354,12
96360,12
96361,12
96363,12
96370,12
96371,12
96372,12
96373,12
96374,12
96375,12
96382,12
96388,12
96389,12
96390,1
96391,1
96392,1
96393,1
96400,12
96401,12
96402,12
96408,1
96409,12
96410,12
96416,12
96417,12
96432,12
96433,12
96434,12
96436,12
96439,12
96440,12
96441,12
96442,12
96443,12
96444,12
96445,12
96446,12
96447,12
96450,12
96451,12
96456,12
96457,12
96458,12
96459,12
96460,12
96461,12
96462,12
96463,12
96464,12
96465,12
96466,12
96467,12
96469,12
96471,12
96472,12
96473,12
96474,12
96475,12
96491,12
96492,12
96493,12
96496,12
96497,12
96498,12
96499,12
96500,12
96501,12
96502,12
96503,12
96504,12
96505,12
96506,12
96507,12
96508,12
96509,12
96510,12
96511,12
96512,12
96513,12
96514,12
96515,12
96516,12
96517,12
96518,12
96519,12
96520,12
96521,12
96522,12
96523,12
96525,12
96527,12
96528,12
96532,12
96534,12
96535,12
96536,12
96538,12
96539,12
96540,12
96541,12
96542,12
96543,12
96544,12
96545,12
96546,12
96547,12
96548,12
96549,12
96552,12
96553,12
96554,12
96555,12
96556,12
96557,12
96560,12
96565,12
96566,12
96567,12
96568,12
96569,12
96570,12
96571,12
96572,12
96573,12
96574,12
96575,12
96576,12
96577,12
96578,12
96583,12
96584,12
96585,12
96588,12
96589,12
96590,12
96591,12
96592,12
96593,12
96594,12
96595,12
96596,12
96597,12
96598,12
96599,12
96600,12
96607,1
96611,12
96612,12
96614,12
96615,12
96617,12
96618,12
96623,12
96625,12
96627,1
96628,1
96630,1
96633,12
96635,12
96637,12
96638,1
96639,12
96640,12
96641,12
96642,12
96643,12
96644,12
96649,12
96650,12
96651,12
96652,1
96656,1
96657,12
96658,1
96659,1
96660,12
96662,12
96668,12
96679,12
96680,12
96681,12
96682,12
96683,12
96688,12
96689,12
96691,12
96693,12
96695,12
96696,12
96697,12
96698,12
96699,12
96703,12
96705,12
96708,12
96709,12
96710,12
96711,12
96712,12
96713,12
96714,12
96715,12
96716,12
96717,12
96718,12
96719,12
96720,12
96721,12
96722,12
96723,12
96724,12
96725,12
96726,12
96727,12
96728,12
96729,12
96730,12
96731,12
96732,12
96733,12
96734,12
96744,12
96745,12
96746,12
96780,12
96787,12
96788,12
96789,12
96790,12
96791,12
96792,12
96794,12
96801,12
96802,12
96803,12
96804,12
96805,12
96806,12
96807,12
96808,12
96809,12
96829,12
96831,12
96845,12
96895,1
96897,1
96898,1
96910,12
96911,12
96922,12
96923,12
96924,12
96925,12
96926,12
96936,12
96937,12
96938,12
96941,12
96942,12
96943,12
96944,12
96945,12
96946,12
96947,12
96948,12
96949,12
96950,12
96951,12
96952,12
96953,12
96954,12
96955,12
96956,12
96960,12
96961,12
96965,12
96966,12
96967,12
96968,12
96969,12
96970,12
96972,12
96975,12
96976,12
96977,12
96985,12
96995,12
97014,12
97016,12
97026,12
97028,12
97030,12
97031,12
97034,12
97035,12
97036,12
97037,12
97041,12
97064,12
97069,12
97071,12
97072,12
97073,12
97075,12
97077,12
97080,12
97081,12
97082,12
97083,12
97084,12
97085,12
97086,12
97087,12
97088,12
97089,12
97090,12
97091,12
97092,12
97093,12
97094,12
97095,12
97097,12
97098,12
97099,12
97111,12
97112,12
97115,12
97116,12
97117,12
97118,12
97120,12
97121,12
97122,12
97124,12
97125,12
97126,12
97127,12
97128,12
97129,12
97132,12
97133,12
97134,12
97136,12
97137,12
97138,12
97139,12
97141,12
97142,12
97143,12
97147,12
97148,12
97150,12
97151,12
97152,12
97154,12
97155,12
97160,12
97161,12
97163,12
97195,12
97206,12
97207,12
97208,12
97209,12
97210,12
97211,12
97212,12
97213,12
97215,12
97217,12
97218,12
97224,12
97226,12
97227,12
97228,12
97229,12
97230,12
97231,12
97232,12
97233,12
97256,12
97279,1
97293,12
97294,12
97320,12
97321,12
97333,12
97379,12
97380,12
97381,12
97382,12
97383,12
97384,12
97385,12
97415,12
97416,12
97417,12
97419,12
97437,12
97454,12
97455,12
97457,12
97458,12
97459,12
97460,12
97461,12
97462,12
97463,12
97464,12
97465,12
97473,12
97474,12
97475,12
97476,12
97482,12
97493,12
97494,12
97495,12
97496,12
97497,12
97498,12
97499,12
97500,12
97501,12
97502,12
97503,12
97504,12
97505,12
97506,12
97507,12
97508,12
97509,12
97510,12
97511,12
97512,12
97513,12
97514,12
97515,12
97516,12
97517,12
97518,12
97519,12
97520,12
97521,12
97535,12
97537,12
97557,12
97558,1
97559,12
97562,12
97565,12
97571,12
97587,12
97588,12
97589,12
97590,12
97591,12
97616,12
97619,12
97621,12
97622,12
97624,12
97625,12
97628,12
97637,12
97640,12
97661,12
97662,12
97668,12
97669,12
97670,12
97672,12
97673,12
97683,12
97684,12
97685,12
97686,12
97687,12
97750,12
97761,12
97762,12
97763,12
97764,12
97765,12
97766,12
97767,12
97768,12
97769,12
97770,12
97771,12
97809,12
97810,12
97845,12
97846,12
97848,12
97849,12
97851,12
97852,12
97853,12
97874,12
97875,12
97876,12
97877,12
97885,12
97910,12
97911,12
97912,12
97913,12
97945,12
97947,12
97962,12
97966,12
97974,12
97975,12
97976,12
97978,12
97980,12
97981,12
97982,12
97983,12
97985,1
98014,12
98018,12
98019,12
98022,12
98029,12
98030,12
98031,12
98032,12
98033,12
98034,12
98035,12
98036,12
98037,12
98038,12
98039,12
98040,12
98041,12
98043,12
98044,12
98066,12
98073,12
98074,12
98075,12
98076,12
98077,12
98078,12
98079,12
98080,12
98081,12
98082,12
98083,12
98084,12
98085,12
98086,12
98087,12
98088,12
98089,12
98090,12
98091,12
98092,12
98097,12
98172,12
98184,12
98190,1
98191,1
98196,12
98204,12
98213,12
98217,12
98218,12
98220,12
98226,12
98228,12
98229,12
98232,12
98234,12
98292,12
98295,12
98302,12
98303,12
98304,12
98305,12
98306,12
98307,12
98308,12
98311,12
98337,12
98343,12
98344,12
98345,12
98346,12
98347,12
98348,12
98349,12
98350,12
98351,12
98352,12
98353,12
98354,12
98355,12
98362,1
98363,12
98364,12
98365,12
98366,12
98367,12
98368,12
98388,12
98389,1
98397,1
98406,12
98414,12
98415,12
98416,12
98419,12
98420,12
98428,12
98456,12
98460,12
98473,12
98474,12
98483,12
98484,12
98485,12
98486,12
98501,12
98502,12
98503,12
98504,12
98505,12
98506,12
98507,12
98508,12
98509,12
98515,12
98525,12
98526,12
98532,12
98535,12
98538,12
98541,12
98547,12
98548,12
98549,12
98550,12
98551,12
98587,12
98588,12
98601,1
98787,12
98848,12
99114,12
99134,1
99141,1
99142,1
99144,1
99156,1
99222,12
